[0.000000] (-) TimerEvent: {}
[0.000569] (control) JobQueued: {'identifier': 'control', 'dependencies': OrderedDict()}
[0.001147] (eufs_msgs) JobQueued: {'identifier': 'eufs_msgs', 'dependencies': OrderedDict()}
[0.001195] (eufs_racecar) JobQueued: {'identifier': 'eufs_racecar', 'dependencies': OrderedDict()}
[0.001261] (eufs_sensors) JobQueued: {'identifier': 'eufs_sensors', 'dependencies': OrderedDict()}
[0.001287] (eufs_tracks) JobQueued: {'identifier': 'eufs_tracks', 'dependencies': OrderedDict()}
[0.001313] (perception) JobQueued: {'identifier': 'perception', 'dependencies': OrderedDict()}
[0.001337] (control_cpp) JobQueued: {'identifier': 'control_cpp', 'dependencies': OrderedDict([('eufs_msgs', '/bristol_fsai_sim-docker/install/eufs_msgs')])}
[0.001368] (eufs_launcher) JobQueued: {'identifier': 'eufs_launcher', 'dependencies': OrderedDict([('eufs_tracks', '/bristol_fsai_sim-docker/install/eufs_tracks')])}
[0.001395] (eufs_models) JobQueued: {'identifier': 'eufs_models', 'dependencies': OrderedDict([('eufs_msgs', '/bristol_fsai_sim-docker/install/eufs_msgs')])}
[0.001422] (eufs_rqt) JobQueued: {'identifier': 'eufs_rqt', 'dependencies': OrderedDict([('eufs_msgs', '/bristol_fsai_sim-docker/install/eufs_msgs')])}
[0.001449] (eufs_rviz_plugins) JobQueued: {'identifier': 'eufs_rviz_plugins', 'dependencies': OrderedDict([('eufs_msgs', '/bristol_fsai_sim-docker/install/eufs_msgs')])}
[0.001475] (ros_can) JobQueued: {'identifier': 'ros_can', 'dependencies': OrderedDict([('eufs_msgs', '/bristol_fsai_sim-docker/install/eufs_msgs')])}
[0.001502] (eufs_plugins) JobQueued: {'identifier': 'eufs_plugins', 'dependencies': OrderedDict([('eufs_msgs', '/bristol_fsai_sim-docker/install/eufs_msgs'), ('eufs_models', '/bristol_fsai_sim-docker/install/eufs_models')])}
[0.001530] (eufs_msgs) JobStarted: {'identifier': 'eufs_msgs'}
[0.025868] (eufs_tracks) JobStarted: {'identifier': 'eufs_tracks'}
[0.054576] (control) JobStarted: {'identifier': 'control'}
[0.085086] (eufs_racecar) JobStarted: {'identifier': 'eufs_racecar'}
[0.101393] (-) TimerEvent: {}
[0.118646] (eufs_sensors) JobStarted: {'identifier': 'eufs_sensors'}
[0.141550] (perception) JobStarted: {'identifier': 'perception'}
[0.178390] (eufs_msgs) JobProgress: {'identifier': 'eufs_msgs', 'progress': 'cmake'}
[0.179046] (eufs_msgs) Command: {'cmd': ['/usr/bin/cmake', '/bristol_fsai_sim-docker/eufs_msgs', '-DAMENT_CMAKE_SYMLINK_INSTALL=1', '-DCMAKE_INSTALL_PREFIX=/bristol_fsai_sim-docker/install/eufs_msgs'], 'cwd': '/bristol_fsai_sim-docker/build/eufs_msgs', 'env': OrderedDict([('HOSTNAME', 'alan-Latitude-5420'), ('GIT_ASKPASS', '/vscode/vscode-server/bin/linux-x64/ac4cbdf48759c7d8c3eb91ffe6bb04316e263c57/extensions/git/dist/askpass.sh'), ('SHLVL', '2'), ('LD_LIBRARY_PATH', '/usr/lib/x86_64-linux-gnu/gazebo-11/plugins:/opt/ros/galactic/opt/yaml_cpp_vendor/lib:/opt/ros/galactic/opt/rviz_ogre_vendor/lib:/opt/ros/galactic/lib/x86_64-linux-gnu:/opt/ros/galactic/lib'), ('BROWSER', '/vscode/vscode-server/bin/linux-x64/ac4cbdf48759c7d8c3eb91ffe6bb04316e263c57/bin/helpers/browser.sh'), ('HOME', '/home/vscode'), ('TERM_PROGRAM_VERSION', '1.106.0'), ('VSCODE_IPC_HOOK_CLI', '/tmp/vscode-ipc-44527d33-f74a-4ad4-9e20-fd4db91b8445.sock'), ('ROS_PYTHON_VERSION', '3'), ('VSCODE_GIT_ASKPASS_MAIN', '/vscode/vscode-server/bin/linux-x64/ac4cbdf48759c7d8c3eb91ffe6bb04316e263c57/extensions/git/dist/askpass-main.js'), ('VSCODE_GIT_ASKPASS_NODE', '/vscode/vscode-server/bin/linux-x64/ac4cbdf48759c7d8c3eb91ffe6bb04316e263c57/node'), ('VSCODE_PYTHON_AUTOACTIVATE_GUARD', '1'), ('COLORTERM', 'truecolor'), ('REMOTE_CONTAINERS', 'true'), ('WAYLAND_DISPLAY', 'vscode-wayland-6ce7d0e9-5b6b-46b2-a2f1-5d3d5d4b2e7f.sock'), ('COLCON_PREFIX_PATH', '/bristol_fsai_sim-docker/install'), ('ROS_DISTRO', 'galactic'), ('REMOTE_CONTAINERS_IPC', '/tmp/vscode-remote-containers-ipc-8e75e97d-8e6f-4c26-880b-7a43c1d13b9e.sock'), ('EUFS_MASTER', '/bristol_fsai_sim-docker'), ('_', '/usr/bin/colcon'), ('ROS_VERSION', '2'), ('TERM', 'xterm-256color'), ('ROS_LOCALHOST_ONLY', '0'), ('PATH', '/vscode/vscode-server/bin/linux-x64/ac4cbdf48759c7d8c3eb91ffe6bb04316e263c57/bin/remote-cli:/opt/ros/galactic/bin:/usr/local/sbin:/usr/local/bin:/usr/sbin:/usr/bin:/sbin:/bin'), ('XDG_RUNTIME_DIR', '/tmp/user/1000'), ('REMOTE_CONTAINERS_SOCKETS', '["/tmp/vscode-ssh-auth-8e75e97d-8e6f-4c26-880b-7a43c1d13b9e.sock","/tmp/.X11-unix/X0","/home/vscode/.gnupg/S.gpg-agent"]'), ('DISPLAY', ':0'), ('LANG', 'C.UTF-8'), ('LS_COLORS', 'rs=0:di=01;34:ln=01;36:mh=00:pi=40;33:so=01;35:do=01;35:bd=40;33;01:cd=40;33;01:or=40;31;01:mi=00:su=37;41:sg=30;43:ca=30;41:tw=30;42:ow=34;42:st=37;44:ex=01;32:*.tar=01;31:*.tgz=01;31:*.arc=01;31:*.arj=01;31:*.taz=01;31:*.lha=01;31:*.lz4=01;31:*.lzh=01;31:*.lzma=01;31:*.tlz=01;31:*.txz=01;31:*.tzo=01;31:*.t7z=01;31:*.zip=01;31:*.z=01;31:*.dz=01;31:*.gz=01;31:*.lrz=01;31:*.lz=01;31:*.lzo=01;31:*.xz=01;31:*.zst=01;31:*.tzst=01;31:*.bz2=01;31:*.bz=01;31:*.tbz=01;31:*.tbz2=01;31:*.tz=01;31:*.deb=01;31:*.rpm=01;31:*.jar=01;31:*.war=01;31:*.ear=01;31:*.sar=01;31:*.rar=01;31:*.alz=01;31:*.ace=01;31:*.zoo=01;31:*.cpio=01;31:*.7z=01;31:*.rz=01;31:*.cab=01;31:*.wim=01;31:*.swm=01;31:*.dwm=01;31:*.esd=01;31:*.jpg=01;35:*.jpeg=01;35:*.mjpg=01;35:*.mjpeg=01;35:*.gif=01;35:*.bmp=01;35:*.pbm=01;35:*.pgm=01;35:*.ppm=01;35:*.tga=01;35:*.xbm=01;35:*.xpm=01;35:*.tif=01;35:*.tiff=01;35:*.png=01;35:*.svg=01;35:*.svgz=01;35:*.mng=01;35:*.pcx=01;35:*.mov=01;35:*.mpg=01;35:*.mpeg=01;35:*.m2v=01;35:*.mkv=01;35:*.webm=01;35:*.ogm=01;35:*.mp4=01;35:*.m4v=01;35:*.mp4v=01;35:*.vob=01;35:*.qt=01;35:*.nuv=01;35:*.wmv=01;35:*.asf=01;35:*.rm=01;35:*.rmvb=01;35:*.flc=01;35:*.avi=01;35:*.fli=01;35:*.flv=01;35:*.gl=01;35:*.dl=01;35:*.xcf=01;35:*.xwd=01;35:*.yuv=01;35:*.cgm=01;35:*.emf=01;35:*.ogv=01;35:*.ogx=01;35:*.aac=00;36:*.au=00;36:*.flac=00;36:*.m4a=00;36:*.mid=00;36:*.midi=00;36:*.mka=00;36:*.mp3=00;36:*.mpc=00;36:*.ogg=00;36:*.ra=00;36:*.wav=00;36:*.oga=00;36:*.opus=00;36:*.spx=00;36:*.xspf=00;36:'), ('VSCODE_GIT_IPC_HANDLE', '/tmp/user/1000/vscode-git-0b6b322ce0.sock'), ('TERM_PROGRAM', 'vscode'), ('SSH_AUTH_SOCK', '/tmp/vscode-ssh-auth-8e75e97d-8e6f-4c26-880b-7a43c1d13b9e.sock'), ('AMENT_PREFIX_PATH', '/opt/ros/galactic'), ('REMOTE_CONTAINERS_DISPLAY_SOCK', '/tmp/.X11-unix/X0'), ('SHELL', '/bin/bash'), ('VSCODE_GIT_ASKPASS_EXTRA_ARGS', ''), ('PWD', '/bristol_fsai_sim-docker/build/eufs_msgs'), ('LC_ALL', 'C.UTF-8'), ('PYTHONPATH', '/opt/ros/galactic/lib/python3.8/site-packages'), ('COLCON', '1'), ('CMAKE_PREFIX_PATH', '/opt/ros/galactic')]), 'shell': False}
[0.201738] (-) TimerEvent: {}
[0.303430] (-) TimerEvent: {}
[0.405707] (-) TimerEvent: {}
[0.506264] (-) TimerEvent: {}
[0.606753] (-) TimerEvent: {}
[0.707377] (-) TimerEvent: {}
[0.808072] (-) TimerEvent: {}
[0.908542] (-) TimerEvent: {}
[1.008978] (-) TimerEvent: {}
[1.109986] (-) TimerEvent: {}
[1.210580] (-) TimerEvent: {}
[1.311459] (-) TimerEvent: {}
[1.411998] (-) TimerEvent: {}
[1.512423] (-) TimerEvent: {}
[1.583570] (eufs_sensors) JobProgress: {'identifier': 'eufs_sensors', 'progress': 'cmake'}
[1.587209] (eufs_sensors) Command: {'cmd': ['/usr/bin/cmake', '/bristol_fsai_sim-docker/eufs_sim/eufs_sensors', '-DAMENT_CMAKE_SYMLINK_INSTALL=1', '-DCMAKE_INSTALL_PREFIX=/bristol_fsai_sim-docker/install/eufs_sensors'], 'cwd': '/bristol_fsai_sim-docker/build/eufs_sensors', 'env': OrderedDict([('HOSTNAME', 'alan-Latitude-5420'), ('GIT_ASKPASS', '/vscode/vscode-server/bin/linux-x64/ac4cbdf48759c7d8c3eb91ffe6bb04316e263c57/extensions/git/dist/askpass.sh'), ('SHLVL', '2'), ('LD_LIBRARY_PATH', '/usr/lib/x86_64-linux-gnu/gazebo-11/plugins:/opt/ros/galactic/opt/yaml_cpp_vendor/lib:/opt/ros/galactic/opt/rviz_ogre_vendor/lib:/opt/ros/galactic/lib/x86_64-linux-gnu:/opt/ros/galactic/lib'), ('BROWSER', '/vscode/vscode-server/bin/linux-x64/ac4cbdf48759c7d8c3eb91ffe6bb04316e263c57/bin/helpers/browser.sh'), ('HOME', '/home/vscode'), ('TERM_PROGRAM_VERSION', '1.106.0'), ('VSCODE_IPC_HOOK_CLI', '/tmp/vscode-ipc-44527d33-f74a-4ad4-9e20-fd4db91b8445.sock'), ('ROS_PYTHON_VERSION', '3'), ('VSCODE_GIT_ASKPASS_MAIN', '/vscode/vscode-server/bin/linux-x64/ac4cbdf48759c7d8c3eb91ffe6bb04316e263c57/extensions/git/dist/askpass-main.js'), ('VSCODE_GIT_ASKPASS_NODE', '/vscode/vscode-server/bin/linux-x64/ac4cbdf48759c7d8c3eb91ffe6bb04316e263c57/node'), ('VSCODE_PYTHON_AUTOACTIVATE_GUARD', '1'), ('COLORTERM', 'truecolor'), ('REMOTE_CONTAINERS', 'true'), ('WAYLAND_DISPLAY', 'vscode-wayland-6ce7d0e9-5b6b-46b2-a2f1-5d3d5d4b2e7f.sock'), ('COLCON_PREFIX_PATH', '/bristol_fsai_sim-docker/install'), ('ROS_DISTRO', 'galactic'), ('REMOTE_CONTAINERS_IPC', '/tmp/vscode-remote-containers-ipc-8e75e97d-8e6f-4c26-880b-7a43c1d13b9e.sock'), ('EUFS_MASTER', '/bristol_fsai_sim-docker'), ('_', '/usr/bin/colcon'), ('ROS_VERSION', '2'), ('TERM', 'xterm-256color'), ('ROS_LOCALHOST_ONLY', '0'), ('PATH', '/vscode/vscode-server/bin/linux-x64/ac4cbdf48759c7d8c3eb91ffe6bb04316e263c57/bin/remote-cli:/opt/ros/galactic/bin:/usr/local/sbin:/usr/local/bin:/usr/sbin:/usr/bin:/sbin:/bin'), ('XDG_RUNTIME_DIR', '/tmp/user/1000'), ('REMOTE_CONTAINERS_SOCKETS', '["/tmp/vscode-ssh-auth-8e75e97d-8e6f-4c26-880b-7a43c1d13b9e.sock","/tmp/.X11-unix/X0","/home/vscode/.gnupg/S.gpg-agent"]'), ('DISPLAY', ':0'), ('LANG', 'C.UTF-8'), ('LS_COLORS', 'rs=0:di=01;34:ln=01;36:mh=00:pi=40;33:so=01;35:do=01;35:bd=40;33;01:cd=40;33;01:or=40;31;01:mi=00:su=37;41:sg=30;43:ca=30;41:tw=30;42:ow=34;42:st=37;44:ex=01;32:*.tar=01;31:*.tgz=01;31:*.arc=01;31:*.arj=01;31:*.taz=01;31:*.lha=01;31:*.lz4=01;31:*.lzh=01;31:*.lzma=01;31:*.tlz=01;31:*.txz=01;31:*.tzo=01;31:*.t7z=01;31:*.zip=01;31:*.z=01;31:*.dz=01;31:*.gz=01;31:*.lrz=01;31:*.lz=01;31:*.lzo=01;31:*.xz=01;31:*.zst=01;31:*.tzst=01;31:*.bz2=01;31:*.bz=01;31:*.tbz=01;31:*.tbz2=01;31:*.tz=01;31:*.deb=01;31:*.rpm=01;31:*.jar=01;31:*.war=01;31:*.ear=01;31:*.sar=01;31:*.rar=01;31:*.alz=01;31:*.ace=01;31:*.zoo=01;31:*.cpio=01;31:*.7z=01;31:*.rz=01;31:*.cab=01;31:*.wim=01;31:*.swm=01;31:*.dwm=01;31:*.esd=01;31:*.jpg=01;35:*.jpeg=01;35:*.mjpg=01;35:*.mjpeg=01;35:*.gif=01;35:*.bmp=01;35:*.pbm=01;35:*.pgm=01;35:*.ppm=01;35:*.tga=01;35:*.xbm=01;35:*.xpm=01;35:*.tif=01;35:*.tiff=01;35:*.png=01;35:*.svg=01;35:*.svgz=01;35:*.mng=01;35:*.pcx=01;35:*.mov=01;35:*.mpg=01;35:*.mpeg=01;35:*.m2v=01;35:*.mkv=01;35:*.webm=01;35:*.ogm=01;35:*.mp4=01;35:*.m4v=01;35:*.mp4v=01;35:*.vob=01;35:*.qt=01;35:*.nuv=01;35:*.wmv=01;35:*.asf=01;35:*.rm=01;35:*.rmvb=01;35:*.flc=01;35:*.avi=01;35:*.fli=01;35:*.flv=01;35:*.gl=01;35:*.dl=01;35:*.xcf=01;35:*.xwd=01;35:*.yuv=01;35:*.cgm=01;35:*.emf=01;35:*.ogv=01;35:*.ogx=01;35:*.aac=00;36:*.au=00;36:*.flac=00;36:*.m4a=00;36:*.mid=00;36:*.midi=00;36:*.mka=00;36:*.mp3=00;36:*.mpc=00;36:*.ogg=00;36:*.ra=00;36:*.wav=00;36:*.oga=00;36:*.opus=00;36:*.spx=00;36:*.xspf=00;36:'), ('VSCODE_GIT_IPC_HANDLE', '/tmp/user/1000/vscode-git-0b6b322ce0.sock'), ('TERM_PROGRAM', 'vscode'), ('SSH_AUTH_SOCK', '/tmp/vscode-ssh-auth-8e75e97d-8e6f-4c26-880b-7a43c1d13b9e.sock'), ('AMENT_PREFIX_PATH', '/opt/ros/galactic'), ('REMOTE_CONTAINERS_DISPLAY_SOCK', '/tmp/.X11-unix/X0'), ('SHELL', '/bin/bash'), ('VSCODE_GIT_ASKPASS_EXTRA_ARGS', ''), ('PWD', '/bristol_fsai_sim-docker/build/eufs_sensors'), ('LC_ALL', 'C.UTF-8'), ('PYTHONPATH', '/opt/ros/galactic/lib/python3.8/site-packages'), ('COLCON', '1'), ('CMAKE_PREFIX_PATH', '/opt/ros/galactic')]), 'shell': False}
[1.612664] (-) TimerEvent: {}
[1.713373] (-) TimerEvent: {}
[1.813860] (-) TimerEvent: {}
[1.914451] (-) TimerEvent: {}
[2.014970] (-) TimerEvent: {}
[2.095080] (eufs_msgs) StdoutLine: {'line': b'-- The C compiler identification is GNU 9.4.0\n'}
[2.097368] (eufs_msgs) StdoutLine: {'line': b'-- The CXX compiler identification is GNU 9.4.0\n'}
[2.098484] (eufs_msgs) StdoutLine: {'line': b'-- Check for working C compiler: /usr/bin/cc\n'}
[2.098620] (eufs_msgs) StdoutLine: {'line': b'-- Check for working C compiler: /usr/bin/cc -- works\n'}
[2.098737] (eufs_msgs) StdoutLine: {'line': b'-- Detecting C compiler ABI info\n'}
[2.098851] (eufs_msgs) StdoutLine: {'line': b'-- Detecting C compiler ABI info - done\n'}
[2.098967] (eufs_msgs) StdoutLine: {'line': b'-- Detecting C compile features\n'}
[2.099503] (eufs_msgs) StdoutLine: {'line': b'-- Detecting C compile features - done\n'}
[2.100368] (eufs_msgs) StdoutLine: {'line': b'-- Check for working CXX compiler: /usr/bin/c++\n'}
[2.102013] (eufs_msgs) StdoutLine: {'line': b'-- Check for working CXX compiler: /usr/bin/c++ -- works\n'}
[2.102491] (eufs_msgs) StdoutLine: {'line': b'-- Detecting CXX compiler ABI info\n'}
[2.103085] (eufs_msgs) StdoutLine: {'line': b'-- Detecting CXX compiler ABI info - done\n'}
[2.103697] (eufs_msgs) StdoutLine: {'line': b'-- Detecting CXX compile features\n'}
[2.103971] (eufs_msgs) StdoutLine: {'line': b'-- Detecting CXX compile features - done\n'}
[2.104490] (eufs_msgs) StdoutLine: {'line': b'-- Found ament_cmake: 1.1.6 (/opt/ros/galactic/share/ament_cmake/cmake)\n'}
[2.104865] (eufs_msgs) StdoutLine: {'line': b'-- Found PythonInterp: /usr/bin/python3 (found suitable version "3.8.10", minimum required is "3") \n'}
[2.105068] (eufs_msgs) StdoutLine: {'line': b'-- Using PYTHON_EXECUTABLE: /usr/bin/python3\n'}
[2.106450] (eufs_msgs) StdoutLine: {'line': b'-- Override CMake install command with custom implementation using symlinks instead of copying resources\n'}
[2.106896] (eufs_msgs) StdoutLine: {'line': b'-- Found rosidl_default_generators: 1.1.1 (/opt/ros/galactic/share/rosidl_default_generators/cmake)\n'}
[2.110673] (eufs_msgs) StdoutLine: {'line': b'-- Using all available rosidl_typesupport_c: rosidl_typesupport_fastrtps_c;rosidl_typesupport_introspection_c\n'}
[2.111054] (eufs_msgs) StdoutLine: {'line': b'-- Found rosidl_adapter: 2.2.3 (/opt/ros/galactic/share/rosidl_adapter/cmake)\n'}
[2.111188] (eufs_msgs) StdoutLine: {'line': b'-- Found OpenSSL: /usr/lib/x86_64-linux-gnu/libcrypto.so (found version "1.1.1f")  \n'}
[2.111297] (eufs_msgs) StdoutLine: {'line': b'-- Found FastRTPS: /opt/ros/galactic/include  \n'}
[2.111402] (eufs_msgs) StdoutLine: {'line': b'-- Using all available rosidl_typesupport_cpp: rosidl_typesupport_fastrtps_cpp;rosidl_typesupport_introspection_cpp\n'}
[2.112077] (eufs_sensors) StdoutLine: {'line': b'-- The C compiler identification is GNU 9.4.0\n'}
[2.113270] (eufs_sensors) StdoutLine: {'line': b'-- The CXX compiler identification is GNU 9.4.0\n'}
[2.113917] (eufs_sensors) StdoutLine: {'line': b'-- Check for working C compiler: /usr/bin/cc\n'}
[2.114403] (eufs_sensors) StdoutLine: {'line': b'-- Check for working C compiler: /usr/bin/cc -- works\n'}
[2.114726] (eufs_sensors) StdoutLine: {'line': b'-- Detecting C compiler ABI info\n'}
[2.115525] (-) TimerEvent: {}
[2.116161] (eufs_msgs) StdoutLine: {'line': b'-- Found std_msgs: 2.2.4 (/opt/ros/galactic/share/std_msgs/cmake)\n'}
[2.215133] (eufs_msgs) StdoutLine: {'line': b'-- Found geometry_msgs: 2.2.4 (/opt/ros/galactic/share/geometry_msgs/cmake)\n'}
[2.215886] (-) TimerEvent: {}
[2.288616] (eufs_sensors) StdoutLine: {'line': b'-- Detecting C compiler ABI info - done\n'}
[2.316931] (-) TimerEvent: {}
[2.360281] (eufs_msgs) StdoutLine: {'line': b'-- Found sensor_msgs: 2.2.4 (/opt/ros/galactic/share/sensor_msgs/cmake)\n'}
[2.365058] (eufs_sensors) StdoutLine: {'line': b'-- Detecting C compile features\n'}
[2.370146] (eufs_sensors) StdoutLine: {'line': b'-- Detecting C compile features - done\n'}
[2.417222] (-) TimerEvent: {}
[2.435745] (eufs_sensors) StdoutLine: {'line': b'-- Check for working CXX compiler: /usr/bin/c++\n'}
[2.517357] (-) TimerEvent: {}
[2.618342] (-) TimerEvent: {}
[2.721370] (-) TimerEvent: {}
[2.757383] (eufs_sensors) StdoutLine: {'line': b'-- Check for working CXX compiler: /usr/bin/c++ -- works\n'}
[2.764048] (eufs_sensors) StdoutLine: {'line': b'-- Detecting CXX compiler ABI info\n'}
[2.852440] (-) TimerEvent: {}
[2.873084] (eufs_msgs) StdoutLine: {'line': b'-- Found PythonInterp: /usr/bin/python3 (found version "3.8.10") \n'}
[2.952571] (-) TimerEvent: {}
[3.054534] (-) TimerEvent: {}
[3.107648] (eufs_sensors) StdoutLine: {'line': b'-- Detecting CXX compiler ABI info - done\n'}
[3.146583] (eufs_sensors) StdoutLine: {'line': b'-- Detecting CXX compile features\n'}
[3.150463] (eufs_sensors) StdoutLine: {'line': b'-- Detecting CXX compile features - done\n'}
[3.155768] (-) TimerEvent: {}
[3.161736] (eufs_racecar) Command: {'cmd': ['/usr/bin/python3', 'setup.py', 'develop', '--editable', '--build-directory', '/bristol_fsai_sim-docker/build/eufs_racecar/build', '--no-deps', 'install_data'], 'cwd': '/bristol_fsai_sim-docker/build/eufs_racecar', 'env': {'HOSTNAME': 'alan-Latitude-5420', 'GIT_ASKPASS': '/vscode/vscode-server/bin/linux-x64/ac4cbdf48759c7d8c3eb91ffe6bb04316e263c57/extensions/git/dist/askpass.sh', 'SHLVL': '2', 'LD_LIBRARY_PATH': '/usr/lib/x86_64-linux-gnu/gazebo-11/plugins:/opt/ros/galactic/opt/yaml_cpp_vendor/lib:/opt/ros/galactic/opt/rviz_ogre_vendor/lib:/opt/ros/galactic/lib/x86_64-linux-gnu:/opt/ros/galactic/lib', 'BROWSER': '/vscode/vscode-server/bin/linux-x64/ac4cbdf48759c7d8c3eb91ffe6bb04316e263c57/bin/helpers/browser.sh', 'HOME': '/home/vscode', 'TERM_PROGRAM_VERSION': '1.106.0', 'VSCODE_IPC_HOOK_CLI': '/tmp/vscode-ipc-44527d33-f74a-4ad4-9e20-fd4db91b8445.sock', 'ROS_PYTHON_VERSION': '3', 'VSCODE_GIT_ASKPASS_MAIN': '/vscode/vscode-server/bin/linux-x64/ac4cbdf48759c7d8c3eb91ffe6bb04316e263c57/extensions/git/dist/askpass-main.js', 'VSCODE_GIT_ASKPASS_NODE': '/vscode/vscode-server/bin/linux-x64/ac4cbdf48759c7d8c3eb91ffe6bb04316e263c57/node', 'VSCODE_PYTHON_AUTOACTIVATE_GUARD': '1', 'COLORTERM': 'truecolor', 'REMOTE_CONTAINERS': 'true', 'WAYLAND_DISPLAY': 'vscode-wayland-6ce7d0e9-5b6b-46b2-a2f1-5d3d5d4b2e7f.sock', 'COLCON_PREFIX_PATH': '/bristol_fsai_sim-docker/install', 'ROS_DISTRO': 'galactic', 'REMOTE_CONTAINERS_IPC': '/tmp/vscode-remote-containers-ipc-8e75e97d-8e6f-4c26-880b-7a43c1d13b9e.sock', 'EUFS_MASTER': '/bristol_fsai_sim-docker', '_': '/usr/bin/colcon', 'ROS_VERSION': '2', 'TERM': 'xterm-256color', 'ROS_LOCALHOST_ONLY': '0', 'PATH': '/vscode/vscode-server/bin/linux-x64/ac4cbdf48759c7d8c3eb91ffe6bb04316e263c57/bin/remote-cli:/opt/ros/galactic/bin:/usr/local/sbin:/usr/local/bin:/usr/sbin:/usr/bin:/sbin:/bin', 'XDG_RUNTIME_DIR': '/tmp/user/1000', 'REMOTE_CONTAINERS_SOCKETS': '["/tmp/vscode-ssh-auth-8e75e97d-8e6f-4c26-880b-7a43c1d13b9e.sock","/tmp/.X11-unix/X0","/home/vscode/.gnupg/S.gpg-agent"]', 'DISPLAY': ':0', 'LANG': 'C.UTF-8', 'LS_COLORS': 'rs=0:di=01;34:ln=01;36:mh=00:pi=40;33:so=01;35:do=01;35:bd=40;33;01:cd=40;33;01:or=40;31;01:mi=00:su=37;41:sg=30;43:ca=30;41:tw=30;42:ow=34;42:st=37;44:ex=01;32:*.tar=01;31:*.tgz=01;31:*.arc=01;31:*.arj=01;31:*.taz=01;31:*.lha=01;31:*.lz4=01;31:*.lzh=01;31:*.lzma=01;31:*.tlz=01;31:*.txz=01;31:*.tzo=01;31:*.t7z=01;31:*.zip=01;31:*.z=01;31:*.dz=01;31:*.gz=01;31:*.lrz=01;31:*.lz=01;31:*.lzo=01;31:*.xz=01;31:*.zst=01;31:*.tzst=01;31:*.bz2=01;31:*.bz=01;31:*.tbz=01;31:*.tbz2=01;31:*.tz=01;31:*.deb=01;31:*.rpm=01;31:*.jar=01;31:*.war=01;31:*.ear=01;31:*.sar=01;31:*.rar=01;31:*.alz=01;31:*.ace=01;31:*.zoo=01;31:*.cpio=01;31:*.7z=01;31:*.rz=01;31:*.cab=01;31:*.wim=01;31:*.swm=01;31:*.dwm=01;31:*.esd=01;31:*.jpg=01;35:*.jpeg=01;35:*.mjpg=01;35:*.mjpeg=01;35:*.gif=01;35:*.bmp=01;35:*.pbm=01;35:*.pgm=01;35:*.ppm=01;35:*.tga=01;35:*.xbm=01;35:*.xpm=01;35:*.tif=01;35:*.tiff=01;35:*.png=01;35:*.svg=01;35:*.svgz=01;35:*.mng=01;35:*.pcx=01;35:*.mov=01;35:*.mpg=01;35:*.mpeg=01;35:*.m2v=01;35:*.mkv=01;35:*.webm=01;35:*.ogm=01;35:*.mp4=01;35:*.m4v=01;35:*.mp4v=01;35:*.vob=01;35:*.qt=01;35:*.nuv=01;35:*.wmv=01;35:*.asf=01;35:*.rm=01;35:*.rmvb=01;35:*.flc=01;35:*.avi=01;35:*.fli=01;35:*.flv=01;35:*.gl=01;35:*.dl=01;35:*.xcf=01;35:*.xwd=01;35:*.yuv=01;35:*.cgm=01;35:*.emf=01;35:*.ogv=01;35:*.ogx=01;35:*.aac=00;36:*.au=00;36:*.flac=00;36:*.m4a=00;36:*.mid=00;36:*.midi=00;36:*.mka=00;36:*.mp3=00;36:*.mpc=00;36:*.ogg=00;36:*.ra=00;36:*.wav=00;36:*.oga=00;36:*.opus=00;36:*.spx=00;36:*.xspf=00;36:', 'VSCODE_GIT_IPC_HANDLE': '/tmp/user/1000/vscode-git-0b6b322ce0.sock', 'TERM_PROGRAM': 'vscode', 'SSH_AUTH_SOCK': '/tmp/vscode-ssh-auth-8e75e97d-8e6f-4c26-880b-7a43c1d13b9e.sock', 'AMENT_PREFIX_PATH': '/opt/ros/galactic', 'REMOTE_CONTAINERS_DISPLAY_SOCK': '/tmp/.X11-unix/X0', 'SHELL': '/bin/bash', 'VSCODE_GIT_ASKPASS_EXTRA_ARGS': '', 'PWD': '/bristol_fsai_sim-docker/build/eufs_racecar', 'LC_ALL': 'C.UTF-8', 'PYTHONPATH': '/bristol_fsai_sim-docker/build/eufs_racecar/prefix_override:/bristol_fsai_sim-docker/install/eufs_racecar/lib/python3.8/site-packages:/opt/ros/galactic/lib/python3.8/site-packages', 'COLCON': '1'}, 'shell': False}
[3.165699] (eufs_sensors) StdoutLine: {'line': b'-- Found ament_cmake: 1.1.6 (/opt/ros/galactic/share/ament_cmake/cmake)\n'}
[3.265449] (perception) Command: {'cmd': ['/usr/bin/python3', 'setup.py', 'develop', '--editable', '--build-directory', '/bristol_fsai_sim-docker/build/perception/build', '--no-deps', 'install_data'], 'cwd': '/bristol_fsai_sim-docker/build/perception', 'env': {'HOSTNAME': 'alan-Latitude-5420', 'GIT_ASKPASS': '/vscode/vscode-server/bin/linux-x64/ac4cbdf48759c7d8c3eb91ffe6bb04316e263c57/extensions/git/dist/askpass.sh', 'SHLVL': '2', 'LD_LIBRARY_PATH': '/usr/lib/x86_64-linux-gnu/gazebo-11/plugins:/opt/ros/galactic/opt/yaml_cpp_vendor/lib:/opt/ros/galactic/opt/rviz_ogre_vendor/lib:/opt/ros/galactic/lib/x86_64-linux-gnu:/opt/ros/galactic/lib', 'BROWSER': '/vscode/vscode-server/bin/linux-x64/ac4cbdf48759c7d8c3eb91ffe6bb04316e263c57/bin/helpers/browser.sh', 'HOME': '/home/vscode', 'TERM_PROGRAM_VERSION': '1.106.0', 'VSCODE_IPC_HOOK_CLI': '/tmp/vscode-ipc-44527d33-f74a-4ad4-9e20-fd4db91b8445.sock', 'ROS_PYTHON_VERSION': '3', 'VSCODE_GIT_ASKPASS_MAIN': '/vscode/vscode-server/bin/linux-x64/ac4cbdf48759c7d8c3eb91ffe6bb04316e263c57/extensions/git/dist/askpass-main.js', 'VSCODE_GIT_ASKPASS_NODE': '/vscode/vscode-server/bin/linux-x64/ac4cbdf48759c7d8c3eb91ffe6bb04316e263c57/node', 'VSCODE_PYTHON_AUTOACTIVATE_GUARD': '1', 'COLORTERM': 'truecolor', 'REMOTE_CONTAINERS': 'true', 'WAYLAND_DISPLAY': 'vscode-wayland-6ce7d0e9-5b6b-46b2-a2f1-5d3d5d4b2e7f.sock', 'COLCON_PREFIX_PATH': '/bristol_fsai_sim-docker/install', 'ROS_DISTRO': 'galactic', 'REMOTE_CONTAINERS_IPC': '/tmp/vscode-remote-containers-ipc-8e75e97d-8e6f-4c26-880b-7a43c1d13b9e.sock', 'EUFS_MASTER': '/bristol_fsai_sim-docker', '_': '/usr/bin/colcon', 'ROS_VERSION': '2', 'TERM': 'xterm-256color', 'ROS_LOCALHOST_ONLY': '0', 'PATH': '/vscode/vscode-server/bin/linux-x64/ac4cbdf48759c7d8c3eb91ffe6bb04316e263c57/bin/remote-cli:/opt/ros/galactic/bin:/usr/local/sbin:/usr/local/bin:/usr/sbin:/usr/bin:/sbin:/bin', 'XDG_RUNTIME_DIR': '/tmp/user/1000', 'REMOTE_CONTAINERS_SOCKETS': '["/tmp/vscode-ssh-auth-8e75e97d-8e6f-4c26-880b-7a43c1d13b9e.sock","/tmp/.X11-unix/X0","/home/vscode/.gnupg/S.gpg-agent"]', 'DISPLAY': ':0', 'LANG': 'C.UTF-8', 'LS_COLORS': 'rs=0:di=01;34:ln=01;36:mh=00:pi=40;33:so=01;35:do=01;35:bd=40;33;01:cd=40;33;01:or=40;31;01:mi=00:su=37;41:sg=30;43:ca=30;41:tw=30;42:ow=34;42:st=37;44:ex=01;32:*.tar=01;31:*.tgz=01;31:*.arc=01;31:*.arj=01;31:*.taz=01;31:*.lha=01;31:*.lz4=01;31:*.lzh=01;31:*.lzma=01;31:*.tlz=01;31:*.txz=01;31:*.tzo=01;31:*.t7z=01;31:*.zip=01;31:*.z=01;31:*.dz=01;31:*.gz=01;31:*.lrz=01;31:*.lz=01;31:*.lzo=01;31:*.xz=01;31:*.zst=01;31:*.tzst=01;31:*.bz2=01;31:*.bz=01;31:*.tbz=01;31:*.tbz2=01;31:*.tz=01;31:*.deb=01;31:*.rpm=01;31:*.jar=01;31:*.war=01;31:*.ear=01;31:*.sar=01;31:*.rar=01;31:*.alz=01;31:*.ace=01;31:*.zoo=01;31:*.cpio=01;31:*.7z=01;31:*.rz=01;31:*.cab=01;31:*.wim=01;31:*.swm=01;31:*.dwm=01;31:*.esd=01;31:*.jpg=01;35:*.jpeg=01;35:*.mjpg=01;35:*.mjpeg=01;35:*.gif=01;35:*.bmp=01;35:*.pbm=01;35:*.pgm=01;35:*.ppm=01;35:*.tga=01;35:*.xbm=01;35:*.xpm=01;35:*.tif=01;35:*.tiff=01;35:*.png=01;35:*.svg=01;35:*.svgz=01;35:*.mng=01;35:*.pcx=01;35:*.mov=01;35:*.mpg=01;35:*.mpeg=01;35:*.m2v=01;35:*.mkv=01;35:*.webm=01;35:*.ogm=01;35:*.mp4=01;35:*.m4v=01;35:*.mp4v=01;35:*.vob=01;35:*.qt=01;35:*.nuv=01;35:*.wmv=01;35:*.asf=01;35:*.rm=01;35:*.rmvb=01;35:*.flc=01;35:*.avi=01;35:*.fli=01;35:*.flv=01;35:*.gl=01;35:*.dl=01;35:*.xcf=01;35:*.xwd=01;35:*.yuv=01;35:*.cgm=01;35:*.emf=01;35:*.ogv=01;35:*.ogx=01;35:*.aac=00;36:*.au=00;36:*.flac=00;36:*.m4a=00;36:*.mid=00;36:*.midi=00;36:*.mka=00;36:*.mp3=00;36:*.mpc=00;36:*.ogg=00;36:*.ra=00;36:*.wav=00;36:*.oga=00;36:*.opus=00;36:*.spx=00;36:*.xspf=00;36:', 'VSCODE_GIT_IPC_HANDLE': '/tmp/user/1000/vscode-git-0b6b322ce0.sock', 'TERM_PROGRAM': 'vscode', 'SSH_AUTH_SOCK': '/tmp/vscode-ssh-auth-8e75e97d-8e6f-4c26-880b-7a43c1d13b9e.sock', 'AMENT_PREFIX_PATH': '/opt/ros/galactic', 'REMOTE_CONTAINERS_DISPLAY_SOCK': '/tmp/.X11-unix/X0', 'SHELL': '/bin/bash', 'VSCODE_GIT_ASKPASS_EXTRA_ARGS': '', 'PWD': '/bristol_fsai_sim-docker/build/perception', 'LC_ALL': 'C.UTF-8', 'PYTHONPATH': '/bristol_fsai_sim-docker/build/perception/prefix_override:/bristol_fsai_sim-docker/install/perception/lib/python3.8/site-packages:/opt/ros/galactic/lib/python3.8/site-packages', 'COLCON': '1'}, 'shell': False}
[3.267488] (-) TimerEvent: {}
[3.279468] (eufs_sensors) StdoutLine: {'line': b'-- Found PythonInterp: /usr/bin/python3 (found suitable version "3.8.10", minimum required is "3") \n'}
[3.281435] (eufs_sensors) StdoutLine: {'line': b'-- Using PYTHON_EXECUTABLE: /usr/bin/python3\n'}
[3.289737] (control) Command: {'cmd': ['/usr/bin/python3', 'setup.py', 'develop', '--editable', '--build-directory', '/bristol_fsai_sim-docker/build/control/build', '--no-deps', 'install_data'], 'cwd': '/bristol_fsai_sim-docker/build/control', 'env': {'HOSTNAME': 'alan-Latitude-5420', 'GIT_ASKPASS': '/vscode/vscode-server/bin/linux-x64/ac4cbdf48759c7d8c3eb91ffe6bb04316e263c57/extensions/git/dist/askpass.sh', 'SHLVL': '2', 'LD_LIBRARY_PATH': '/usr/lib/x86_64-linux-gnu/gazebo-11/plugins:/opt/ros/galactic/opt/yaml_cpp_vendor/lib:/opt/ros/galactic/opt/rviz_ogre_vendor/lib:/opt/ros/galactic/lib/x86_64-linux-gnu:/opt/ros/galactic/lib', 'BROWSER': '/vscode/vscode-server/bin/linux-x64/ac4cbdf48759c7d8c3eb91ffe6bb04316e263c57/bin/helpers/browser.sh', 'HOME': '/home/vscode', 'TERM_PROGRAM_VERSION': '1.106.0', 'VSCODE_IPC_HOOK_CLI': '/tmp/vscode-ipc-44527d33-f74a-4ad4-9e20-fd4db91b8445.sock', 'ROS_PYTHON_VERSION': '3', 'VSCODE_GIT_ASKPASS_MAIN': '/vscode/vscode-server/bin/linux-x64/ac4cbdf48759c7d8c3eb91ffe6bb04316e263c57/extensions/git/dist/askpass-main.js', 'VSCODE_GIT_ASKPASS_NODE': '/vscode/vscode-server/bin/linux-x64/ac4cbdf48759c7d8c3eb91ffe6bb04316e263c57/node', 'VSCODE_PYTHON_AUTOACTIVATE_GUARD': '1', 'COLORTERM': 'truecolor', 'REMOTE_CONTAINERS': 'true', 'WAYLAND_DISPLAY': 'vscode-wayland-6ce7d0e9-5b6b-46b2-a2f1-5d3d5d4b2e7f.sock', 'COLCON_PREFIX_PATH': '/bristol_fsai_sim-docker/install', 'ROS_DISTRO': 'galactic', 'REMOTE_CONTAINERS_IPC': '/tmp/vscode-remote-containers-ipc-8e75e97d-8e6f-4c26-880b-7a43c1d13b9e.sock', 'EUFS_MASTER': '/bristol_fsai_sim-docker', '_': '/usr/bin/colcon', 'ROS_VERSION': '2', 'TERM': 'xterm-256color', 'ROS_LOCALHOST_ONLY': '0', 'PATH': '/vscode/vscode-server/bin/linux-x64/ac4cbdf48759c7d8c3eb91ffe6bb04316e263c57/bin/remote-cli:/opt/ros/galactic/bin:/usr/local/sbin:/usr/local/bin:/usr/sbin:/usr/bin:/sbin:/bin', 'XDG_RUNTIME_DIR': '/tmp/user/1000', 'REMOTE_CONTAINERS_SOCKETS': '["/tmp/vscode-ssh-auth-8e75e97d-8e6f-4c26-880b-7a43c1d13b9e.sock","/tmp/.X11-unix/X0","/home/vscode/.gnupg/S.gpg-agent"]', 'DISPLAY': ':0', 'LANG': 'C.UTF-8', 'LS_COLORS': 'rs=0:di=01;34:ln=01;36:mh=00:pi=40;33:so=01;35:do=01;35:bd=40;33;01:cd=40;33;01:or=40;31;01:mi=00:su=37;41:sg=30;43:ca=30;41:tw=30;42:ow=34;42:st=37;44:ex=01;32:*.tar=01;31:*.tgz=01;31:*.arc=01;31:*.arj=01;31:*.taz=01;31:*.lha=01;31:*.lz4=01;31:*.lzh=01;31:*.lzma=01;31:*.tlz=01;31:*.txz=01;31:*.tzo=01;31:*.t7z=01;31:*.zip=01;31:*.z=01;31:*.dz=01;31:*.gz=01;31:*.lrz=01;31:*.lz=01;31:*.lzo=01;31:*.xz=01;31:*.zst=01;31:*.tzst=01;31:*.bz2=01;31:*.bz=01;31:*.tbz=01;31:*.tbz2=01;31:*.tz=01;31:*.deb=01;31:*.rpm=01;31:*.jar=01;31:*.war=01;31:*.ear=01;31:*.sar=01;31:*.rar=01;31:*.alz=01;31:*.ace=01;31:*.zoo=01;31:*.cpio=01;31:*.7z=01;31:*.rz=01;31:*.cab=01;31:*.wim=01;31:*.swm=01;31:*.dwm=01;31:*.esd=01;31:*.jpg=01;35:*.jpeg=01;35:*.mjpg=01;35:*.mjpeg=01;35:*.gif=01;35:*.bmp=01;35:*.pbm=01;35:*.pgm=01;35:*.ppm=01;35:*.tga=01;35:*.xbm=01;35:*.xpm=01;35:*.tif=01;35:*.tiff=01;35:*.png=01;35:*.svg=01;35:*.svgz=01;35:*.mng=01;35:*.pcx=01;35:*.mov=01;35:*.mpg=01;35:*.mpeg=01;35:*.m2v=01;35:*.mkv=01;35:*.webm=01;35:*.ogm=01;35:*.mp4=01;35:*.m4v=01;35:*.mp4v=01;35:*.vob=01;35:*.qt=01;35:*.nuv=01;35:*.wmv=01;35:*.asf=01;35:*.rm=01;35:*.rmvb=01;35:*.flc=01;35:*.avi=01;35:*.fli=01;35:*.flv=01;35:*.gl=01;35:*.dl=01;35:*.xcf=01;35:*.xwd=01;35:*.yuv=01;35:*.cgm=01;35:*.emf=01;35:*.ogv=01;35:*.ogx=01;35:*.aac=00;36:*.au=00;36:*.flac=00;36:*.m4a=00;36:*.mid=00;36:*.midi=00;36:*.mka=00;36:*.mp3=00;36:*.mpc=00;36:*.ogg=00;36:*.ra=00;36:*.wav=00;36:*.oga=00;36:*.opus=00;36:*.spx=00;36:*.xspf=00;36:', 'VSCODE_GIT_IPC_HANDLE': '/tmp/user/1000/vscode-git-0b6b322ce0.sock', 'TERM_PROGRAM': 'vscode', 'SSH_AUTH_SOCK': '/tmp/vscode-ssh-auth-8e75e97d-8e6f-4c26-880b-7a43c1d13b9e.sock', 'AMENT_PREFIX_PATH': '/opt/ros/galactic', 'REMOTE_CONTAINERS_DISPLAY_SOCK': '/tmp/.X11-unix/X0', 'SHELL': '/bin/bash', 'VSCODE_GIT_ASKPASS_EXTRA_ARGS': '', 'PWD': '/bristol_fsai_sim-docker/build/control', 'LC_ALL': 'C.UTF-8', 'PYTHONPATH': '/bristol_fsai_sim-docker/build/control/prefix_override:/bristol_fsai_sim-docker/install/control/lib/python3.8/site-packages:/opt/ros/galactic/lib/python3.8/site-packages', 'COLCON': '1'}, 'shell': False}
[3.307835] (eufs_tracks) Command: {'cmd': ['/usr/bin/python3', 'setup.py', 'develop', '--editable', '--build-directory', '/bristol_fsai_sim-docker/build/eufs_tracks/build', '--no-deps', 'install_data'], 'cwd': '/bristol_fsai_sim-docker/build/eufs_tracks', 'env': {'HOSTNAME': 'alan-Latitude-5420', 'GIT_ASKPASS': '/vscode/vscode-server/bin/linux-x64/ac4cbdf48759c7d8c3eb91ffe6bb04316e263c57/extensions/git/dist/askpass.sh', 'SHLVL': '2', 'LD_LIBRARY_PATH': '/usr/lib/x86_64-linux-gnu/gazebo-11/plugins:/opt/ros/galactic/opt/yaml_cpp_vendor/lib:/opt/ros/galactic/opt/rviz_ogre_vendor/lib:/opt/ros/galactic/lib/x86_64-linux-gnu:/opt/ros/galactic/lib', 'BROWSER': '/vscode/vscode-server/bin/linux-x64/ac4cbdf48759c7d8c3eb91ffe6bb04316e263c57/bin/helpers/browser.sh', 'HOME': '/home/vscode', 'TERM_PROGRAM_VERSION': '1.106.0', 'VSCODE_IPC_HOOK_CLI': '/tmp/vscode-ipc-44527d33-f74a-4ad4-9e20-fd4db91b8445.sock', 'ROS_PYTHON_VERSION': '3', 'VSCODE_GIT_ASKPASS_MAIN': '/vscode/vscode-server/bin/linux-x64/ac4cbdf48759c7d8c3eb91ffe6bb04316e263c57/extensions/git/dist/askpass-main.js', 'VSCODE_GIT_ASKPASS_NODE': '/vscode/vscode-server/bin/linux-x64/ac4cbdf48759c7d8c3eb91ffe6bb04316e263c57/node', 'VSCODE_PYTHON_AUTOACTIVATE_GUARD': '1', 'COLORTERM': 'truecolor', 'REMOTE_CONTAINERS': 'true', 'WAYLAND_DISPLAY': 'vscode-wayland-6ce7d0e9-5b6b-46b2-a2f1-5d3d5d4b2e7f.sock', 'COLCON_PREFIX_PATH': '/bristol_fsai_sim-docker/install', 'ROS_DISTRO': 'galactic', 'REMOTE_CONTAINERS_IPC': '/tmp/vscode-remote-containers-ipc-8e75e97d-8e6f-4c26-880b-7a43c1d13b9e.sock', 'EUFS_MASTER': '/bristol_fsai_sim-docker', '_': '/usr/bin/colcon', 'ROS_VERSION': '2', 'TERM': 'xterm-256color', 'ROS_LOCALHOST_ONLY': '0', 'PATH': '/vscode/vscode-server/bin/linux-x64/ac4cbdf48759c7d8c3eb91ffe6bb04316e263c57/bin/remote-cli:/opt/ros/galactic/bin:/usr/local/sbin:/usr/local/bin:/usr/sbin:/usr/bin:/sbin:/bin', 'XDG_RUNTIME_DIR': '/tmp/user/1000', 'REMOTE_CONTAINERS_SOCKETS': '["/tmp/vscode-ssh-auth-8e75e97d-8e6f-4c26-880b-7a43c1d13b9e.sock","/tmp/.X11-unix/X0","/home/vscode/.gnupg/S.gpg-agent"]', 'DISPLAY': ':0', 'LANG': 'C.UTF-8', 'LS_COLORS': 'rs=0:di=01;34:ln=01;36:mh=00:pi=40;33:so=01;35:do=01;35:bd=40;33;01:cd=40;33;01:or=40;31;01:mi=00:su=37;41:sg=30;43:ca=30;41:tw=30;42:ow=34;42:st=37;44:ex=01;32:*.tar=01;31:*.tgz=01;31:*.arc=01;31:*.arj=01;31:*.taz=01;31:*.lha=01;31:*.lz4=01;31:*.lzh=01;31:*.lzma=01;31:*.tlz=01;31:*.txz=01;31:*.tzo=01;31:*.t7z=01;31:*.zip=01;31:*.z=01;31:*.dz=01;31:*.gz=01;31:*.lrz=01;31:*.lz=01;31:*.lzo=01;31:*.xz=01;31:*.zst=01;31:*.tzst=01;31:*.bz2=01;31:*.bz=01;31:*.tbz=01;31:*.tbz2=01;31:*.tz=01;31:*.deb=01;31:*.rpm=01;31:*.jar=01;31:*.war=01;31:*.ear=01;31:*.sar=01;31:*.rar=01;31:*.alz=01;31:*.ace=01;31:*.zoo=01;31:*.cpio=01;31:*.7z=01;31:*.rz=01;31:*.cab=01;31:*.wim=01;31:*.swm=01;31:*.dwm=01;31:*.esd=01;31:*.jpg=01;35:*.jpeg=01;35:*.mjpg=01;35:*.mjpeg=01;35:*.gif=01;35:*.bmp=01;35:*.pbm=01;35:*.pgm=01;35:*.ppm=01;35:*.tga=01;35:*.xbm=01;35:*.xpm=01;35:*.tif=01;35:*.tiff=01;35:*.png=01;35:*.svg=01;35:*.svgz=01;35:*.mng=01;35:*.pcx=01;35:*.mov=01;35:*.mpg=01;35:*.mpeg=01;35:*.m2v=01;35:*.mkv=01;35:*.webm=01;35:*.ogm=01;35:*.mp4=01;35:*.m4v=01;35:*.mp4v=01;35:*.vob=01;35:*.qt=01;35:*.nuv=01;35:*.wmv=01;35:*.asf=01;35:*.rm=01;35:*.rmvb=01;35:*.flc=01;35:*.avi=01;35:*.fli=01;35:*.flv=01;35:*.gl=01;35:*.dl=01;35:*.xcf=01;35:*.xwd=01;35:*.yuv=01;35:*.cgm=01;35:*.emf=01;35:*.ogv=01;35:*.ogx=01;35:*.aac=00;36:*.au=00;36:*.flac=00;36:*.m4a=00;36:*.mid=00;36:*.midi=00;36:*.mka=00;36:*.mp3=00;36:*.mpc=00;36:*.ogg=00;36:*.ra=00;36:*.wav=00;36:*.oga=00;36:*.opus=00;36:*.spx=00;36:*.xspf=00;36:', 'VSCODE_GIT_IPC_HANDLE': '/tmp/user/1000/vscode-git-0b6b322ce0.sock', 'TERM_PROGRAM': 'vscode', 'SSH_AUTH_SOCK': '/tmp/vscode-ssh-auth-8e75e97d-8e6f-4c26-880b-7a43c1d13b9e.sock', 'AMENT_PREFIX_PATH': '/opt/ros/galactic', 'REMOTE_CONTAINERS_DISPLAY_SOCK': '/tmp/.X11-unix/X0', 'SHELL': '/bin/bash', 'VSCODE_GIT_ASKPASS_EXTRA_ARGS': '', 'PWD': '/bristol_fsai_sim-docker/build/eufs_tracks', 'LC_ALL': 'C.UTF-8', 'PYTHONPATH': '/bristol_fsai_sim-docker/build/eufs_tracks/prefix_override:/bristol_fsai_sim-docker/install/eufs_tracks/lib/python3.8/site-packages:/opt/ros/galactic/lib/python3.8/site-packages', 'COLCON': '1'}, 'shell': False}
[3.368279] (-) TimerEvent: {}
[3.438178] (eufs_sensors) StdoutLine: {'line': b'-- Override CMake install command with custom implementation using symlinks instead of copying resources\n'}
[3.468393] (-) TimerEvent: {}
[3.519222] (eufs_sensors) StdoutLine: {'line': b'-- Found ament_lint_auto: 0.10.7 (/opt/ros/galactic/share/ament_lint_auto/cmake)\n'}
[3.568534] (-) TimerEvent: {}
[3.671107] (-) TimerEvent: {}
[3.771837] (-) TimerEvent: {}
[3.828848] (eufs_sensors) StdoutLine: {'line': b"-- Added test 'copyright' to check source files copyright and LICENSE\n"}
[3.832668] (eufs_sensors) StdoutLine: {'line': b"-- Added test 'lint_cmake' to check CMake code style\n"}
[3.837956] (eufs_sensors) StdoutLine: {'line': b"-- Added test 'xmllint' to check XML markup files\n"}
[3.869999] (eufs_sensors) StdoutLine: {'line': b'-- Configuring done\n'}
[3.871932] (-) TimerEvent: {}
[3.891242] (eufs_sensors) StdoutLine: {'line': b'-- Generating done\n'}
[3.894453] (eufs_sensors) StdoutLine: {'line': b'-- Build files have been written to: /bristol_fsai_sim-docker/build/eufs_sensors\n'}
[3.908310] (eufs_racecar) StdoutLine: {'line': b'running develop\n'}
[3.914607] (control) StdoutLine: {'line': b'running develop\n'}
[3.929297] (eufs_sensors) CommandEnded: {'returncode': 0}
[3.930295] (eufs_sensors) JobProgress: {'identifier': 'eufs_sensors', 'progress': 'build'}
[3.930382] (eufs_sensors) Command: {'cmd': ['/usr/bin/cmake', '--build', '/bristol_fsai_sim-docker/build/eufs_sensors', '--', '-j8', '-l8'], 'cwd': '/bristol_fsai_sim-docker/build/eufs_sensors', 'env': OrderedDict([('HOSTNAME', 'alan-Latitude-5420'), ('GIT_ASKPASS', '/vscode/vscode-server/bin/linux-x64/ac4cbdf48759c7d8c3eb91ffe6bb04316e263c57/extensions/git/dist/askpass.sh'), ('SHLVL', '2'), ('LD_LIBRARY_PATH', '/usr/lib/x86_64-linux-gnu/gazebo-11/plugins:/opt/ros/galactic/opt/yaml_cpp_vendor/lib:/opt/ros/galactic/opt/rviz_ogre_vendor/lib:/opt/ros/galactic/lib/x86_64-linux-gnu:/opt/ros/galactic/lib'), ('BROWSER', '/vscode/vscode-server/bin/linux-x64/ac4cbdf48759c7d8c3eb91ffe6bb04316e263c57/bin/helpers/browser.sh'), ('HOME', '/home/vscode'), ('TERM_PROGRAM_VERSION', '1.106.0'), ('VSCODE_IPC_HOOK_CLI', '/tmp/vscode-ipc-44527d33-f74a-4ad4-9e20-fd4db91b8445.sock'), ('ROS_PYTHON_VERSION', '3'), ('VSCODE_GIT_ASKPASS_MAIN', '/vscode/vscode-server/bin/linux-x64/ac4cbdf48759c7d8c3eb91ffe6bb04316e263c57/extensions/git/dist/askpass-main.js'), ('VSCODE_GIT_ASKPASS_NODE', '/vscode/vscode-server/bin/linux-x64/ac4cbdf48759c7d8c3eb91ffe6bb04316e263c57/node'), ('VSCODE_PYTHON_AUTOACTIVATE_GUARD', '1'), ('COLORTERM', 'truecolor'), ('REMOTE_CONTAINERS', 'true'), ('WAYLAND_DISPLAY', 'vscode-wayland-6ce7d0e9-5b6b-46b2-a2f1-5d3d5d4b2e7f.sock'), ('COLCON_PREFIX_PATH', '/bristol_fsai_sim-docker/install'), ('ROS_DISTRO', 'galactic'), ('REMOTE_CONTAINERS_IPC', '/tmp/vscode-remote-containers-ipc-8e75e97d-8e6f-4c26-880b-7a43c1d13b9e.sock'), ('EUFS_MASTER', '/bristol_fsai_sim-docker'), ('_', '/usr/bin/colcon'), ('ROS_VERSION', '2'), ('TERM', 'xterm-256color'), ('ROS_LOCALHOST_ONLY', '0'), ('PATH', '/vscode/vscode-server/bin/linux-x64/ac4cbdf48759c7d8c3eb91ffe6bb04316e263c57/bin/remote-cli:/opt/ros/galactic/bin:/usr/local/sbin:/usr/local/bin:/usr/sbin:/usr/bin:/sbin:/bin'), ('XDG_RUNTIME_DIR', '/tmp/user/1000'), ('REMOTE_CONTAINERS_SOCKETS', '["/tmp/vscode-ssh-auth-8e75e97d-8e6f-4c26-880b-7a43c1d13b9e.sock","/tmp/.X11-unix/X0","/home/vscode/.gnupg/S.gpg-agent"]'), ('DISPLAY', ':0'), ('LANG', 'C.UTF-8'), ('LS_COLORS', 'rs=0:di=01;34:ln=01;36:mh=00:pi=40;33:so=01;35:do=01;35:bd=40;33;01:cd=40;33;01:or=40;31;01:mi=00:su=37;41:sg=30;43:ca=30;41:tw=30;42:ow=34;42:st=37;44:ex=01;32:*.tar=01;31:*.tgz=01;31:*.arc=01;31:*.arj=01;31:*.taz=01;31:*.lha=01;31:*.lz4=01;31:*.lzh=01;31:*.lzma=01;31:*.tlz=01;31:*.txz=01;31:*.tzo=01;31:*.t7z=01;31:*.zip=01;31:*.z=01;31:*.dz=01;31:*.gz=01;31:*.lrz=01;31:*.lz=01;31:*.lzo=01;31:*.xz=01;31:*.zst=01;31:*.tzst=01;31:*.bz2=01;31:*.bz=01;31:*.tbz=01;31:*.tbz2=01;31:*.tz=01;31:*.deb=01;31:*.rpm=01;31:*.jar=01;31:*.war=01;31:*.ear=01;31:*.sar=01;31:*.rar=01;31:*.alz=01;31:*.ace=01;31:*.zoo=01;31:*.cpio=01;31:*.7z=01;31:*.rz=01;31:*.cab=01;31:*.wim=01;31:*.swm=01;31:*.dwm=01;31:*.esd=01;31:*.jpg=01;35:*.jpeg=01;35:*.mjpg=01;35:*.mjpeg=01;35:*.gif=01;35:*.bmp=01;35:*.pbm=01;35:*.pgm=01;35:*.ppm=01;35:*.tga=01;35:*.xbm=01;35:*.xpm=01;35:*.tif=01;35:*.tiff=01;35:*.png=01;35:*.svg=01;35:*.svgz=01;35:*.mng=01;35:*.pcx=01;35:*.mov=01;35:*.mpg=01;35:*.mpeg=01;35:*.m2v=01;35:*.mkv=01;35:*.webm=01;35:*.ogm=01;35:*.mp4=01;35:*.m4v=01;35:*.mp4v=01;35:*.vob=01;35:*.qt=01;35:*.nuv=01;35:*.wmv=01;35:*.asf=01;35:*.rm=01;35:*.rmvb=01;35:*.flc=01;35:*.avi=01;35:*.fli=01;35:*.flv=01;35:*.gl=01;35:*.dl=01;35:*.xcf=01;35:*.xwd=01;35:*.yuv=01;35:*.cgm=01;35:*.emf=01;35:*.ogv=01;35:*.ogx=01;35:*.aac=00;36:*.au=00;36:*.flac=00;36:*.m4a=00;36:*.mid=00;36:*.midi=00;36:*.mka=00;36:*.mp3=00;36:*.mpc=00;36:*.ogg=00;36:*.ra=00;36:*.wav=00;36:*.oga=00;36:*.opus=00;36:*.spx=00;36:*.xspf=00;36:'), ('VSCODE_GIT_IPC_HANDLE', '/tmp/user/1000/vscode-git-0b6b322ce0.sock'), ('TERM_PROGRAM', 'vscode'), ('SSH_AUTH_SOCK', '/tmp/vscode-ssh-auth-8e75e97d-8e6f-4c26-880b-7a43c1d13b9e.sock'), ('AMENT_PREFIX_PATH', '/opt/ros/galactic'), ('REMOTE_CONTAINERS_DISPLAY_SOCK', '/tmp/.X11-unix/X0'), ('SHELL', '/bin/bash'), ('VSCODE_GIT_ASKPASS_EXTRA_ARGS', ''), ('PWD', '/bristol_fsai_sim-docker/build/eufs_sensors'), ('LC_ALL', 'C.UTF-8'), ('PYTHONPATH', '/opt/ros/galactic/lib/python3.8/site-packages'), ('COLCON', '1'), ('CMAKE_PREFIX_PATH', '/opt/ros/galactic')]), 'shell': False}
[3.972727] (-) TimerEvent: {}
[4.074251] (perception) StdoutLine: {'line': b'running develop\n'}
[4.074875] (-) TimerEvent: {}
[4.102352] (eufs_sensors) CommandEnded: {'returncode': 0}
[4.105590] (eufs_tracks) StdoutLine: {'line': b'running develop\n'}
[4.175226] (-) TimerEvent: {}
[4.181907] (eufs_sensors) JobProgress: {'identifier': 'eufs_sensors', 'progress': 'install'}
[4.228845] (control) StdoutLine: {'line': b'running egg_info\n'}
[4.229768] (control) StdoutLine: {'line': b'creating control.egg-info\n'}
[4.230039] (control) StdoutLine: {'line': b'writing control.egg-info/PKG-INFO\n'}
[4.230246] (control) StdoutLine: {'line': b'writing dependency_links to control.egg-info/dependency_links.txt\n'}
[4.233321] (control) StdoutLine: {'line': b'writing entry points to control.egg-info/entry_points.txt\n'}
[4.233658] (control) StdoutLine: {'line': b'writing requirements to control.egg-info/requires.txt\n'}
[4.233837] (control) StdoutLine: {'line': b'writing top-level names to control.egg-info/top_level.txt\n'}
[4.238071] (control) StdoutLine: {'line': b"writing manifest file 'control.egg-info/SOURCES.txt'\n"}
[4.238637] (eufs_racecar) StdoutLine: {'line': b'running egg_info\n'}
[4.238923] (eufs_racecar) StdoutLine: {'line': b'creating eufs_racecar.egg-info\n'}
[4.239125] (eufs_racecar) StdoutLine: {'line': b'writing eufs_racecar.egg-info/PKG-INFO\n'}
[4.239345] (eufs_racecar) StdoutLine: {'line': b'writing dependency_links to eufs_racecar.egg-info/dependency_links.txt\n'}
[4.239541] (eufs_racecar) StdoutLine: {'line': b'writing requirements to eufs_racecar.egg-info/requires.txt\n'}
[4.239732] (eufs_racecar) StdoutLine: {'line': b'writing top-level names to eufs_racecar.egg-info/top_level.txt\n'}
[4.248121] (eufs_sensors) Command: {'cmd': ['/usr/bin/cmake', '--install', '/bristol_fsai_sim-docker/build/eufs_sensors'], 'cwd': '/bristol_fsai_sim-docker/build/eufs_sensors', 'env': OrderedDict([('HOSTNAME', 'alan-Latitude-5420'), ('GIT_ASKPASS', '/vscode/vscode-server/bin/linux-x64/ac4cbdf48759c7d8c3eb91ffe6bb04316e263c57/extensions/git/dist/askpass.sh'), ('SHLVL', '2'), ('LD_LIBRARY_PATH', '/usr/lib/x86_64-linux-gnu/gazebo-11/plugins:/opt/ros/galactic/opt/yaml_cpp_vendor/lib:/opt/ros/galactic/opt/rviz_ogre_vendor/lib:/opt/ros/galactic/lib/x86_64-linux-gnu:/opt/ros/galactic/lib'), ('BROWSER', '/vscode/vscode-server/bin/linux-x64/ac4cbdf48759c7d8c3eb91ffe6bb04316e263c57/bin/helpers/browser.sh'), ('HOME', '/home/vscode'), ('TERM_PROGRAM_VERSION', '1.106.0'), ('VSCODE_IPC_HOOK_CLI', '/tmp/vscode-ipc-44527d33-f74a-4ad4-9e20-fd4db91b8445.sock'), ('ROS_PYTHON_VERSION', '3'), ('VSCODE_GIT_ASKPASS_MAIN', '/vscode/vscode-server/bin/linux-x64/ac4cbdf48759c7d8c3eb91ffe6bb04316e263c57/extensions/git/dist/askpass-main.js'), ('VSCODE_GIT_ASKPASS_NODE', '/vscode/vscode-server/bin/linux-x64/ac4cbdf48759c7d8c3eb91ffe6bb04316e263c57/node'), ('VSCODE_PYTHON_AUTOACTIVATE_GUARD', '1'), ('COLORTERM', 'truecolor'), ('REMOTE_CONTAINERS', 'true'), ('WAYLAND_DISPLAY', 'vscode-wayland-6ce7d0e9-5b6b-46b2-a2f1-5d3d5d4b2e7f.sock'), ('COLCON_PREFIX_PATH', '/bristol_fsai_sim-docker/install'), ('ROS_DISTRO', 'galactic'), ('REMOTE_CONTAINERS_IPC', '/tmp/vscode-remote-containers-ipc-8e75e97d-8e6f-4c26-880b-7a43c1d13b9e.sock'), ('EUFS_MASTER', '/bristol_fsai_sim-docker'), ('_', '/usr/bin/colcon'), ('ROS_VERSION', '2'), ('TERM', 'xterm-256color'), ('ROS_LOCALHOST_ONLY', '0'), ('PATH', '/vscode/vscode-server/bin/linux-x64/ac4cbdf48759c7d8c3eb91ffe6bb04316e263c57/bin/remote-cli:/opt/ros/galactic/bin:/usr/local/sbin:/usr/local/bin:/usr/sbin:/usr/bin:/sbin:/bin'), ('XDG_RUNTIME_DIR', '/tmp/user/1000'), ('REMOTE_CONTAINERS_SOCKETS', '["/tmp/vscode-ssh-auth-8e75e97d-8e6f-4c26-880b-7a43c1d13b9e.sock","/tmp/.X11-unix/X0","/home/vscode/.gnupg/S.gpg-agent"]'), ('DISPLAY', ':0'), ('LANG', 'C.UTF-8'), ('LS_COLORS', 'rs=0:di=01;34:ln=01;36:mh=00:pi=40;33:so=01;35:do=01;35:bd=40;33;01:cd=40;33;01:or=40;31;01:mi=00:su=37;41:sg=30;43:ca=30;41:tw=30;42:ow=34;42:st=37;44:ex=01;32:*.tar=01;31:*.tgz=01;31:*.arc=01;31:*.arj=01;31:*.taz=01;31:*.lha=01;31:*.lz4=01;31:*.lzh=01;31:*.lzma=01;31:*.tlz=01;31:*.txz=01;31:*.tzo=01;31:*.t7z=01;31:*.zip=01;31:*.z=01;31:*.dz=01;31:*.gz=01;31:*.lrz=01;31:*.lz=01;31:*.lzo=01;31:*.xz=01;31:*.zst=01;31:*.tzst=01;31:*.bz2=01;31:*.bz=01;31:*.tbz=01;31:*.tbz2=01;31:*.tz=01;31:*.deb=01;31:*.rpm=01;31:*.jar=01;31:*.war=01;31:*.ear=01;31:*.sar=01;31:*.rar=01;31:*.alz=01;31:*.ace=01;31:*.zoo=01;31:*.cpio=01;31:*.7z=01;31:*.rz=01;31:*.cab=01;31:*.wim=01;31:*.swm=01;31:*.dwm=01;31:*.esd=01;31:*.jpg=01;35:*.jpeg=01;35:*.mjpg=01;35:*.mjpeg=01;35:*.gif=01;35:*.bmp=01;35:*.pbm=01;35:*.pgm=01;35:*.ppm=01;35:*.tga=01;35:*.xbm=01;35:*.xpm=01;35:*.tif=01;35:*.tiff=01;35:*.png=01;35:*.svg=01;35:*.svgz=01;35:*.mng=01;35:*.pcx=01;35:*.mov=01;35:*.mpg=01;35:*.mpeg=01;35:*.m2v=01;35:*.mkv=01;35:*.webm=01;35:*.ogm=01;35:*.mp4=01;35:*.m4v=01;35:*.mp4v=01;35:*.vob=01;35:*.qt=01;35:*.nuv=01;35:*.wmv=01;35:*.asf=01;35:*.rm=01;35:*.rmvb=01;35:*.flc=01;35:*.avi=01;35:*.fli=01;35:*.flv=01;35:*.gl=01;35:*.dl=01;35:*.xcf=01;35:*.xwd=01;35:*.yuv=01;35:*.cgm=01;35:*.emf=01;35:*.ogv=01;35:*.ogx=01;35:*.aac=00;36:*.au=00;36:*.flac=00;36:*.m4a=00;36:*.mid=00;36:*.midi=00;36:*.mka=00;36:*.mp3=00;36:*.mpc=00;36:*.ogg=00;36:*.ra=00;36:*.wav=00;36:*.oga=00;36:*.opus=00;36:*.spx=00;36:*.xspf=00;36:'), ('VSCODE_GIT_IPC_HANDLE', '/tmp/user/1000/vscode-git-0b6b322ce0.sock'), ('TERM_PROGRAM', 'vscode'), ('SSH_AUTH_SOCK', '/tmp/vscode-ssh-auth-8e75e97d-8e6f-4c26-880b-7a43c1d13b9e.sock'), ('AMENT_PREFIX_PATH', '/opt/ros/galactic'), ('REMOTE_CONTAINERS_DISPLAY_SOCK', '/tmp/.X11-unix/X0'), ('SHELL', '/bin/bash'), ('VSCODE_GIT_ASKPASS_EXTRA_ARGS', ''), ('PWD', '/bristol_fsai_sim-docker/build/eufs_sensors'), ('LC_ALL', 'C.UTF-8'), ('PYTHONPATH', '/opt/ros/galactic/lib/python3.8/site-packages'), ('COLCON', '1'), ('CMAKE_PREFIX_PATH', '/opt/ros/galactic')]), 'shell': False}
[4.252317] (eufs_racecar) StdoutLine: {'line': b"writing manifest file 'eufs_racecar.egg-info/SOURCES.txt'\n"}
[4.252661] (eufs_racecar) StdoutLine: {'line': b"reading manifest file 'eufs_racecar.egg-info/SOURCES.txt'\n"}
[4.252818] (eufs_racecar) StdoutLine: {'line': b"writing manifest file 'eufs_racecar.egg-info/SOURCES.txt'\n"}
[4.278107] (-) TimerEvent: {}
[4.279231] (eufs_sensors) StdoutLine: {'line': b'-- Install configuration: ""\n'}
[4.281315] (eufs_sensors) StdoutLine: {'line': b'-- Execute custom install script\n'}
[4.283566] (eufs_sensors) StdoutLine: {'line': b'-- Symlinking: /bristol_fsai_sim-docker/install/eufs_sensors/share/eufs_sensors/meshes/VLP16_base_1.dae\n'}
[4.321592] (eufs_sensors) StdoutLine: {'line': b'-- Symlinking: /bristol_fsai_sim-docker/install/eufs_sensors/share/eufs_sensors/meshes/VLP16_base_2.dae\n'}
[4.366653] (control) StdoutLine: {'line': b"reading manifest file 'control.egg-info/SOURCES.txt'\n"}
[4.368386] (control) StdoutLine: {'line': b"writing manifest file 'control.egg-info/SOURCES.txt'\n"}
[4.378233] (-) TimerEvent: {}
[4.440213] (eufs_sensors) StdoutLine: {'line': b'-- Symlinking: /bristol_fsai_sim-docker/install/eufs_sensors/share/eufs_sensors/meshes/VLP16_scan.dae\n'}
[4.469612] (eufs_tracks) StdoutLine: {'line': b'running egg_info\n'}
[4.472922] (eufs_tracks) StdoutLine: {'line': b'creating eufs_tracks.egg-info\n'}
[4.478549] (eufs_tracks) StdoutLine: {'line': b'writing eufs_tracks.egg-info/PKG-INFO\n'}
[4.478915] (-) TimerEvent: {}
[4.480980] (eufs_tracks) StdoutLine: {'line': b'writing dependency_links to eufs_tracks.egg-info/dependency_links.txt\n'}
[4.482439] (eufs_tracks) StdoutLine: {'line': b'writing entry points to eufs_tracks.egg-info/entry_points.txt\n'}
[4.488228] (control) StdoutLine: {'line': b'running build_ext\n'}
[4.488621] (eufs_tracks) StdoutLine: {'line': b'writing requirements to eufs_tracks.egg-info/requires.txt\n'}
[4.492421] (eufs_tracks) StdoutLine: {'line': b'writing top-level names to eufs_tracks.egg-info/top_level.txt\n'}
[4.493147] (control) StdoutLine: {'line': b'Creating /bristol_fsai_sim-docker/install/control/lib/python3.8/site-packages/site.py\n'}
[4.493407] (eufs_tracks) StdoutLine: {'line': b"writing manifest file 'eufs_tracks.egg-info/SOURCES.txt'\n"}
[4.494251] (perception) StdoutLine: {'line': b'running egg_info\n'}
[4.497429] (perception) StdoutLine: {'line': b'creating perception.egg-info\n'}
[4.497648] (perception) StdoutLine: {'line': b'writing perception.egg-info/PKG-INFO\n'}
[4.497851] (perception) StdoutLine: {'line': b'writing dependency_links to perception.egg-info/dependency_links.txt\n'}
[4.498038] (perception) StdoutLine: {'line': b'writing entry points to perception.egg-info/entry_points.txt\n'}
[4.500417] (perception) StdoutLine: {'line': b'writing requirements to perception.egg-info/requires.txt\n'}
[4.500679] (perception) StdoutLine: {'line': b'writing top-level names to perception.egg-info/top_level.txt\n'}
[4.501654] (eufs_sensors) StdoutLine: {'line': b'-- Symlinking: /bristol_fsai_sim-docker/install/eufs_sensors/share/eufs_sensors/meshes/antenna_3GO16.dae\n'}
[4.507219] (eufs_racecar) StdoutLine: {'line': b'running build_ext\n'}
[4.511049] (perception) StdoutLine: {'line': b"writing manifest file 'perception.egg-info/SOURCES.txt'\n"}
[4.511370] (control) StdoutLine: {'line': b'Creating /bristol_fsai_sim-docker/install/control/lib/python3.8/site-packages/control.egg-link (link to .)\n'}
[4.511586] (control) StdoutLine: {'line': b'Installing control script to /bristol_fsai_sim-docker/install/control/lib/control\n'}
[4.511766] (control) StdoutLine: {'line': b'\n'}
[4.511936] (control) StdoutLine: {'line': b'Installed /bristol_fsai_sim-docker/build/control\n'}
[4.512111] (control) StdoutLine: {'line': b'running install_data\n'}
[4.512308] (control) StdoutLine: {'line': b'creating /bristol_fsai_sim-docker/install/control/share/ament_index\n'}
[4.512482] (control) StdoutLine: {'line': b'creating /bristol_fsai_sim-docker/install/control/share/ament_index/resource_index\n'}
[4.512676] (control) StdoutLine: {'line': b'creating /bristol_fsai_sim-docker/install/control/share/ament_index/resource_index/packages\n'}
[4.512844] (control) StdoutLine: {'line': b'copying resource/control -> /bristol_fsai_sim-docker/install/control/share/ament_index/resource_index/packages\n'}
[4.513011] (control) StdoutLine: {'line': b'copying package.xml -> /bristol_fsai_sim-docker/install/control/share/control\n'}
[4.577130] (control) CommandEnded: {'returncode': 0}
[4.583189] (-) TimerEvent: {}
[4.604525] (eufs_sensors) StdoutLine: {'line': b'-- Symlinking: /bristol_fsai_sim-docker/install/eufs_sensors/share/eufs_sensors/meshes/antenna_3GO16.stl\n'}
[4.604886] (eufs_tracks) StdoutLine: {'line': b"reading manifest file 'eufs_tracks.egg-info/SOURCES.txt'\n"}
[4.609434] (perception) StdoutLine: {'line': b"reading manifest file 'perception.egg-info/SOURCES.txt'\n"}
[4.610453] (eufs_tracks) StdoutLine: {'line': b"writing manifest file 'eufs_tracks.egg-info/SOURCES.txt'\n"}
[4.616636] (perception) StdoutLine: {'line': b"writing manifest file 'perception.egg-info/SOURCES.txt'\n"}
[4.625280] (eufs_racecar) StdoutLine: {'line': b'Creating /bristol_fsai_sim-docker/install/eufs_racecar/lib/python3.8/site-packages/site.py\n'}
[4.629730] (eufs_racecar) StdoutLine: {'line': b'Creating /bristol_fsai_sim-docker/install/eufs_racecar/lib/python3.8/site-packages/eufs-racecar.egg-link (link to .)\n'}
[4.634047] (eufs_racecar) StdoutLine: {'line': b'\n'}
[4.634442] (eufs_racecar) StdoutLine: {'line': b'Installed /bristol_fsai_sim-docker/build/eufs_racecar\n'}
[4.634645] (eufs_racecar) StdoutLine: {'line': b'running install_data\n'}
[4.634820] (eufs_racecar) StdoutLine: {'line': b'creating /bristol_fsai_sim-docker/install/eufs_racecar/share/ament_index\n'}
[4.634998] (eufs_racecar) StdoutLine: {'line': b'creating /bristol_fsai_sim-docker/install/eufs_racecar/share/ament_index/resource_index\n'}
[4.635176] (eufs_racecar) StdoutLine: {'line': b'creating /bristol_fsai_sim-docker/install/eufs_racecar/share/ament_index/resource_index/packages\n'}
[4.635329] (eufs_racecar) StdoutLine: {'line': b'copying resource/eufs_racecar -> /bristol_fsai_sim-docker/install/eufs_racecar/share/ament_index/resource_index/packages\n'}
[4.635503] (eufs_racecar) StdoutLine: {'line': b'copying package.xml -> /bristol_fsai_sim-docker/install/eufs_racecar/share/eufs_racecar\n'}
[4.635673] (eufs_racecar) StdoutLine: {'line': b'creating /bristol_fsai_sim-docker/install/eufs_racecar/share/eufs_racecar/meshes\n'}
[4.635843] (eufs_racecar) StdoutLine: {'line': b'copying meshes/ads_dv_chassis.dae -> /bristol_fsai_sim-docker/install/eufs_racecar/share/eufs_racecar/meshes\n'}
[4.639218] (eufs_sensors) StdoutLine: {'line': b'-- Symlinking: /bristol_fsai_sim-docker/install/eufs_sensors/share/eufs_sensors/meshes/zed.dae\n'}
[4.639540] (eufs_racecar) StdoutLine: {'line': b'copying meshes/sisu-20d.dae -> /bristol_fsai_sim-docker/install/eufs_racecar/share/eufs_racecar/meshes\n'}
[4.674813] (eufs_racecar) StdoutLine: {'line': b'copying meshes/ads_wheel_right.dae -> /bristol_fsai_sim-docker/install/eufs_racecar/share/eufs_racecar/meshes\n'}
[4.690065] (-) TimerEvent: {}
[4.691250] (eufs_racecar) StdoutLine: {'line': b'copying meshes/wheel_left.dae -> /bristol_fsai_sim-docker/install/eufs_racecar/share/eufs_racecar/meshes\n'}
[4.691701] (eufs_racecar) StdoutLine: {'line': b'copying meshes/wheel_right.dae -> /bristol_fsai_sim-docker/install/eufs_racecar/share/eufs_racecar/meshes\n'}
[4.693072] (eufs_racecar) StdoutLine: {'line': b'copying meshes/ads_wheel_left.dae -> /bristol_fsai_sim-docker/install/eufs_racecar/share/eufs_racecar/meshes\n'}
[4.701038] (eufs_racecar) StdoutLine: {'line': b'creating /bristol_fsai_sim-docker/install/eufs_racecar/share/eufs_racecar/urdf\n'}
[4.701402] (eufs_racecar) StdoutLine: {'line': b'copying urdf/eufs_base.urdf.xacro -> /bristol_fsai_sim-docker/install/eufs_racecar/share/eufs_racecar/urdf\n'}
[4.701640] (eufs_racecar) StdoutLine: {'line': b'copying urdf/wheels.urdf.xacro -> /bristol_fsai_sim-docker/install/eufs_racecar/share/eufs_racecar/urdf\n'}
[4.702540] (eufs_racecar) StdoutLine: {'line': b'creating /bristol_fsai_sim-docker/install/eufs_racecar/share/eufs_racecar/launch\n'}
[4.702827] (eufs_racecar) StdoutLine: {'line': b'copying launch/load_car.launch.py -> /bristol_fsai_sim-docker/install/eufs_racecar/share/eufs_racecar/launch\n'}
[4.703094] (eufs_racecar) StdoutLine: {'line': b'creating /bristol_fsai_sim-docker/install/eufs_racecar/share/eufs_racecar/robots\n'}
[4.703343] (eufs_racecar) StdoutLine: {'line': b'creating /bristol_fsai_sim-docker/install/eufs_racecar/share/eufs_racecar/robots/ads-dv\n'}
[4.703690] (eufs_sensors) StdoutLine: {'line': b'-- Symlinking: /bristol_fsai_sim-docker/install/eufs_sensors/share/eufs_sensors/urdf/VLP-16R.urdf.xacro\n'}
[4.704369] (eufs_racecar) StdoutLine: {'line': b'copying robots/ads-dv/ADS-DV Sensor Position.pdf -> /bristol_fsai_sim-docker/install/eufs_racecar/share/eufs_racecar/robots/ads-dv\n'}
[4.704503] (eufs_racecar) StdoutLine: {'line': b'copying robots/ads-dv/robot.urdf.xacro -> /bristol_fsai_sim-docker/install/eufs_racecar/share/eufs_racecar/robots/ads-dv\n'}
[4.704616] (eufs_racecar) StdoutLine: {'line': b'copying robots/ads-dv/configWet.yaml -> /bristol_fsai_sim-docker/install/eufs_racecar/share/eufs_racecar/robots/ads-dv\n'}
[4.704729] (eufs_racecar) StdoutLine: {'line': b'copying robots/ads-dv/configDry.yaml -> /bristol_fsai_sim-docker/install/eufs_racecar/share/eufs_racecar/robots/ads-dv\n'}
[4.704837] (eufs_racecar) StdoutLine: {'line': b'creating /bristol_fsai_sim-docker/install/eufs_racecar/share/eufs_racecar/robots/eufs\n'}
[4.704948] (eufs_racecar) StdoutLine: {'line': b'copying robots/eufs/robot.urdf.xacro -> /bristol_fsai_sim-docker/install/eufs_racecar/share/eufs_racecar/robots/eufs\n'}
[4.705061] (eufs_racecar) StdoutLine: {'line': b'copying robots/eufs/configWet.yaml -> /bristol_fsai_sim-docker/install/eufs_racecar/share/eufs_racecar/robots/eufs\n'}
[4.705203] (eufs_racecar) StdoutLine: {'line': b'copying robots/eufs/configDry.yaml -> /bristol_fsai_sim-docker/install/eufs_racecar/share/eufs_racecar/robots/eufs\n'}
[4.705333] (control) JobEnded: {'identifier': 'control', 'rc': 0}
[4.724758] (eufs_sensors) StdoutLine: {'line': b'-- Symlinking: /bristol_fsai_sim-docker/install/eufs_sensors/share/eufs_sensors/urdf/all_sensors.urdf.xacro\n'}
[4.732268] (perception) StdoutLine: {'line': b'running build_ext\n'}
[4.732808] (perception) StdoutLine: {'line': b'Creating /bristol_fsai_sim-docker/install/perception/lib/python3.8/site-packages/site.py\n'}
[4.738512] (perception) StdoutLine: {'line': b'Creating /bristol_fsai_sim-docker/install/perception/lib/python3.8/site-packages/perception.egg-link (link to .)\n'}
[4.740873] (perception) StdoutLine: {'line': b'Installing ConePositionEstimator script to /bristol_fsai_sim-docker/install/perception/lib/perception\n'}
[4.743602] (perception) StdoutLine: {'line': b'Installing YOLONode script to /bristol_fsai_sim-docker/install/perception/lib/perception\n'}
[4.743864] (perception) StdoutLine: {'line': b'\n'}
[4.744071] (perception) StdoutLine: {'line': b'Installed /bristol_fsai_sim-docker/build/perception\n'}
[4.744447] (perception) StdoutLine: {'line': b'running install_data\n'}
[4.745708] (eufs_tracks) StdoutLine: {'line': b'running build_ext\n'}
[4.746362] (perception) StdoutLine: {'line': b'creating /bristol_fsai_sim-docker/install/perception/share/ament_index\n'}
[4.749433] (perception) StdoutLine: {'line': b'creating /bristol_fsai_sim-docker/install/perception/share/ament_index/resource_index\n'}
[4.749665] (perception) StdoutLine: {'line': b'creating /bristol_fsai_sim-docker/install/perception/share/ament_index/resource_index/packages\n'}
[4.749847] (perception) StdoutLine: {'line': b'copying resource/perception -> /bristol_fsai_sim-docker/install/perception/share/ament_index/resource_index/packages\n'}
[4.750036] (eufs_tracks) StdoutLine: {'line': b'Creating /bristol_fsai_sim-docker/install/eufs_tracks/lib/python3.8/site-packages/site.py\n'}
[4.750453] (perception) StdoutLine: {'line': b'copying package.xml -> /bristol_fsai_sim-docker/install/perception/share/perception\n'}
[4.750659] (perception) StdoutLine: {'line': b'creating /bristol_fsai_sim-docker/install/perception/share/perception/models\n'}
[4.750841] (perception) StdoutLine: {'line': b'copying perception/models/yolov11n_640.pt -> /bristol_fsai_sim-docker/install/perception/share/perception/models\n'}
[4.752727] (eufs_tracks) StdoutLine: {'line': b'Creating /bristol_fsai_sim-docker/install/eufs_tracks/lib/python3.8/site-packages/eufs-tracks.egg-link (link to .)\n'}
[4.757082] (eufs_tracks) StdoutLine: {'line': b'Installing eufs_tracks_converter script to /bristol_fsai_sim-docker/install/eufs_tracks/lib/eufs_tracks\n'}
[4.759630] (eufs_tracks) StdoutLine: {'line': b'Installing eufs_tracks_generator script to /bristol_fsai_sim-docker/install/eufs_tracks/lib/eufs_tracks\n'}
[4.760744] (eufs_tracks) StdoutLine: {'line': b'\n'}
[4.762181] (eufs_tracks) StdoutLine: {'line': b'Installed /bristol_fsai_sim-docker/build/eufs_tracks\n'}
[4.762451] (eufs_tracks) StdoutLine: {'line': b'running install_data\n'}
[4.762670] (eufs_tracks) StdoutLine: {'line': b'copying package.xml -> /bristol_fsai_sim-docker/install/eufs_tracks/share/eufs_tracks\n'}
[4.762876] (eufs_tracks) StdoutLine: {'line': b'copying plugin.xml -> /bristol_fsai_sim-docker/install/eufs_tracks/share/eufs_tracks\n'}
[4.763089] (eufs_tracks) StdoutLine: {'line': b'creating /bristol_fsai_sim-docker/install/eufs_tracks/share/ament_index\n'}
[4.772369] (eufs_tracks) StdoutLine: {'line': b'creating /bristol_fsai_sim-docker/install/eufs_tracks/share/ament_index/resource_index\n'}
[4.779956] (eufs_tracks) StdoutLine: {'line': b'creating /bristol_fsai_sim-docker/install/eufs_tracks/share/ament_index/resource_index/packages\n'}
[4.780196] (eufs_tracks) StdoutLine: {'line': b'copying resource/eufs_tracks -> /bristol_fsai_sim-docker/install/eufs_tracks/share/ament_index/resource_index/packages\n'}
[4.792332] (-) TimerEvent: {}
[4.792812] (eufs_tracks) StdoutLine: {'line': b'creating /bristol_fsai_sim-docker/install/eufs_tracks/share/eufs_tracks/csv\n'}
[4.793148] (eufs_tracks) StdoutLine: {'line': b'copying csv/garden_light.csv -> /bristol_fsai_sim-docker/install/eufs_tracks/share/eufs_tracks/csv\n'}
[4.793449] (eufs_tracks) StdoutLine: {'line': b'copying csv/rectangle.csv -> /bristol_fsai_sim-docker/install/eufs_tracks/share/eufs_tracks/csv\n'}
[4.793630] (perception) StdoutLine: {'line': b'copying perception/models/yolov11s_1024_motion_blur.pt -> /bristol_fsai_sim-docker/install/perception/share/perception/models\n'}
[4.793821] (eufs_tracks) StdoutLine: {'line': b'copying csv/boa_constrictor.csv -> /bristol_fsai_sim-docker/install/eufs_tracks/share/eufs_tracks/csv\n'}
[4.794664] (eufs_tracks) StdoutLine: {'line': b'copying csv/hairpins_increasing_difficulty.csv -> /bristol_fsai_sim-docker/install/eufs_tracks/share/eufs_tracks/csv\n'}
[4.794892] (eufs_tracks) StdoutLine: {'line': b'copying csv/bone.csv -> /bristol_fsai_sim-docker/install/eufs_tracks/share/eufs_tracks/csv\n'}
[4.795129] (eufs_tracks) StdoutLine: {'line': b'copying csv/its_a_mess.csv -> /bristol_fsai_sim-docker/install/eufs_tracks/share/eufs_tracks/csv\n'}
[4.802730] (eufs_tracks) StdoutLine: {'line': b'copying csv/small_track.csv -> /bristol_fsai_sim-docker/install/eufs_tracks/share/eufs_tracks/csv\n'}
[4.802985] (eufs_tracks) StdoutLine: {'line': b'copying csv/comp_2021.csv -> /bristol_fsai_sim-docker/install/eufs_tracks/share/eufs_tracks/csv\n'}
[4.803184] (eufs_tracks) StdoutLine: {'line': b'copying csv/skidpad.csv -> /bristol_fsai_sim-docker/install/eufs_tracks/share/eufs_tracks/csv\n'}
[4.803356] (eufs_tracks) StdoutLine: {'line': b'copying csv/acceleration.csv -> /bristol_fsai_sim-docker/install/eufs_tracks/share/eufs_tracks/csv\n'}
[4.803520] (eufs_tracks) StdoutLine: {'line': b'copying csv/peanut.csv -> /bristol_fsai_sim-docker/install/eufs_tracks/share/eufs_tracks/csv\n'}
[4.803682] (eufs_tracks) StdoutLine: {'line': b'creating /bristol_fsai_sim-docker/install/eufs_tracks/share/eufs_tracks/image\n'}
[4.803846] (eufs_tracks) StdoutLine: {'line': b'copying image/skidpad.png -> /bristol_fsai_sim-docker/install/eufs_tracks/share/eufs_tracks/image\n'}
[4.804030] (eufs_tracks) StdoutLine: {'line': b'copying image/comp_2021.png -> /bristol_fsai_sim-docker/install/eufs_tracks/share/eufs_tracks/image\n'}
[4.804204] (eufs_tracks) StdoutLine: {'line': b'creating /bristol_fsai_sim-docker/install/eufs_tracks/share/eufs_tracks/launch\n'}
[4.804359] (eufs_tracks) StdoutLine: {'line': b'copying launch/empty.launch -> /bristol_fsai_sim-docker/install/eufs_tracks/share/eufs_tracks/launch\n'}
[4.804519] (eufs_tracks) StdoutLine: {'line': b'copying launch/garden_light.launch -> /bristol_fsai_sim-docker/install/eufs_tracks/share/eufs_tracks/launch\n'}
[4.804679] (eufs_tracks) StdoutLine: {'line': b'copying launch/its_a_mess.launch -> /bristol_fsai_sim-docker/install/eufs_tracks/share/eufs_tracks/launch\n'}
[4.804845] (eufs_tracks) StdoutLine: {'line': b'copying launch/comp_2021.launch -> /bristol_fsai_sim-docker/install/eufs_tracks/share/eufs_tracks/launch\n'}
[4.805015] (eufs_tracks) StdoutLine: {'line': b'copying launch/skidpad.launch -> /bristol_fsai_sim-docker/install/eufs_tracks/share/eufs_tracks/launch\n'}
[4.805193] (eufs_tracks) StdoutLine: {'line': b'copying launch/small_track.launch -> /bristol_fsai_sim-docker/install/eufs_tracks/share/eufs_tracks/launch\n'}
[4.805365] (eufs_tracks) StdoutLine: {'line': b'copying launch/rectangle.launch -> /bristol_fsai_sim-docker/install/eufs_tracks/share/eufs_tracks/launch\n'}
[4.805522] (eufs_tracks) StdoutLine: {'line': b'copying launch/peanut.launch -> /bristol_fsai_sim-docker/install/eufs_tracks/share/eufs_tracks/launch\n'}
[4.805687] (eufs_tracks) StdoutLine: {'line': b'copying launch/acceleration.launch -> /bristol_fsai_sim-docker/install/eufs_tracks/share/eufs_tracks/launch\n'}
[4.805845] (eufs_tracks) StdoutLine: {'line': b'copying launch/hairpins_increasing_difficulty.launch -> /bristol_fsai_sim-docker/install/eufs_tracks/share/eufs_tracks/launch\n'}
[4.806021] (eufs_tracks) StdoutLine: {'line': b'copying launch/eufs_track_generator.launch.py -> /bristol_fsai_sim-docker/install/eufs_tracks/share/eufs_tracks/launch\n'}
[4.806708] (eufs_tracks) StdoutLine: {'line': b'copying launch/boa_constrictor.launch -> /bristol_fsai_sim-docker/install/eufs_tracks/share/eufs_tracks/launch\n'}
[4.810518] (eufs_tracks) StdoutLine: {'line': b'copying launch/blacklist.txt -> /bristol_fsai_sim-docker/install/eufs_tracks/share/eufs_tracks/launch\n'}
[4.810704] (eufs_tracks) StdoutLine: {'line': b'creating /bristol_fsai_sim-docker/install/eufs_tracks/share/eufs_tracks/materials\n'}
[4.810873] (eufs_tracks) StdoutLine: {'line': b'copying materials/asphalt.jpg -> /bristol_fsai_sim-docker/install/eufs_tracks/share/eufs_tracks/materials\n'}
[4.811039] (eufs_racecar) CommandEnded: {'returncode': 0}
[4.814300] (eufs_sensors) StdoutLine: {'line': b'-- Symlinking: /bristol_fsai_sim-docker/install/eufs_sensors/share/eufs_sensors/urdf/gps.urdf.xacro\n'}
[4.814924] (eufs_tracks) StdoutLine: {'line': b'creating /bristol_fsai_sim-docker/install/eufs_tracks/share/eufs_tracks/meshes\n'}
[4.815195] (eufs_tracks) StdoutLine: {'line': b'copying meshes/MonkeyNoise.dae -> /bristol_fsai_sim-docker/install/eufs_tracks/share/eufs_tracks/meshes\n'}
[4.815453] (eufs_tracks) StdoutLine: {'line': b'copying meshes/NoiseCube.dae -> /bristol_fsai_sim-docker/install/eufs_tracks/share/eufs_tracks/meshes\n'}
[4.815683] (eufs_tracks) StdoutLine: {'line': b'copying meshes/cone.dae -> /bristol_fsai_sim-docker/install/eufs_tracks/share/eufs_tracks/meshes\n'}
[4.815941] (eufs_tracks) StdoutLine: {'line': b'copying meshes/cone_big.dae -> /bristol_fsai_sim-docker/install/eufs_tracks/share/eufs_tracks/meshes\n'}
[4.816199] (eufs_tracks) StdoutLine: {'line': b'copying meshes/cone_blue.dae -> /bristol_fsai_sim-docker/install/eufs_tracks/share/eufs_tracks/meshes\n'}
[4.816482] (eufs_tracks) StdoutLine: {'line': b'copying meshes/cone_yellow.dae -> /bristol_fsai_sim-docker/install/eufs_tracks/share/eufs_tracks/meshes\n'}
[4.816663] (eufs_tracks) StdoutLine: {'line': b'creating /bristol_fsai_sim-docker/install/eufs_tracks/share/eufs_tracks/worlds\n'}
[4.816932] (eufs_tracks) StdoutLine: {'line': b'copying worlds/small_track.world -> /bristol_fsai_sim-docker/install/eufs_tracks/share/eufs_tracks/worlds\n'}
[4.817172] (eufs_tracks) StdoutLine: {'line': b'copying worlds/garden_light.world -> /bristol_fsai_sim-docker/install/eufs_tracks/share/eufs_tracks/worlds\n'}
[4.817360] (eufs_tracks) StdoutLine: {'line': b'copying worlds/rectangle.world -> /bristol_fsai_sim-docker/install/eufs_tracks/share/eufs_tracks/worlds\n'}
[4.817536] (eufs_tracks) StdoutLine: {'line': b'copying worlds/its_a_mess.world -> /bristol_fsai_sim-docker/install/eufs_tracks/share/eufs_tracks/worlds\n'}
[4.817668] (eufs_tracks) StdoutLine: {'line': b'copying worlds/boa_constrictor.world -> /bristol_fsai_sim-docker/install/eufs_tracks/share/eufs_tracks/worlds\n'}
[4.817849] (eufs_tracks) StdoutLine: {'line': b'copying worlds/peanut.world -> /bristol_fsai_sim-docker/install/eufs_tracks/share/eufs_tracks/worlds\n'}
[4.818080] (eufs_tracks) StdoutLine: {'line': b'copying worlds/comp_2021.world -> /bristol_fsai_sim-docker/install/eufs_tracks/share/eufs_tracks/worlds\n'}
[4.818450] (eufs_tracks) StdoutLine: {'line': b'copying worlds/acceleration.world -> /bristol_fsai_sim-docker/install/eufs_tracks/share/eufs_tracks/worlds\n'}
[4.818628] (eufs_tracks) StdoutLine: {'line': b'copying worlds/skidpad.world -> /bristol_fsai_sim-docker/install/eufs_tracks/share/eufs_tracks/worlds\n'}
[4.818805] (eufs_tracks) StdoutLine: {'line': b'copying worlds/hairpins_increasing_difficulty.world -> /bristol_fsai_sim-docker/install/eufs_tracks/share/eufs_tracks/worlds\n'}
[4.818999] (eufs_tracks) StdoutLine: {'line': b'creating /bristol_fsai_sim-docker/install/eufs_tracks/share/eufs_tracks/resource\n'}
[4.819200] (eufs_tracks) StdoutLine: {'line': b'creating /bristol_fsai_sim-docker/install/eufs_tracks/share/eufs_tracks/resource/randgen_model_template\n'}
[4.819358] (eufs_tracks) StdoutLine: {'line': b'copying resource/randgen_model_template/model.config -> /bristol_fsai_sim-docker/install/eufs_tracks/share/eufs_tracks/resource/randgen_model_template\n'}
[4.819477] (eufs_tracks) StdoutLine: {'line': b'copying resource/randgen_model_template/model.sdf -> /bristol_fsai_sim-docker/install/eufs_tracks/share/eufs_tracks/resource/randgen_model_template\n'}
[4.819633] (eufs_tracks) StdoutLine: {'line': b'copying resource/noiseFiles.txt -> /bristol_fsai_sim-docker/install/eufs_tracks/share/eufs_tracks/resource\n'}
[4.819830] (eufs_tracks) StdoutLine: {'line': b'copying resource/randgen_launch_template -> /bristol_fsai_sim-docker/install/eufs_tracks/share/eufs_tracks/resource\n'}
[4.820385] (eufs_tracks) StdoutLine: {'line': b'copying resource/randgen_world_template -> /bristol_fsai_sim-docker/install/eufs_tracks/share/eufs_tracks/resource\n'}
[4.827965] (eufs_tracks) StdoutLine: {'line': b'copying resource/conversion_tool.ui -> /bristol_fsai_sim-docker/install/eufs_tracks/share/eufs_tracks/resource\n'}
[4.828287] (eufs_tracks) StdoutLine: {'line': b'creating /bristol_fsai_sim-docker/install/eufs_tracks/share/eufs_tracks/models\n'}
[4.828585] (eufs_tracks) StdoutLine: {'line': b'creating /bristol_fsai_sim-docker/install/eufs_tracks/share/eufs_tracks/models/orange_cone\n'}
[4.828794] (eufs_tracks) StdoutLine: {'line': b'copying models/orange_cone/model.config -> /bristol_fsai_sim-docker/install/eufs_tracks/share/eufs_tracks/models/orange_cone\n'}
[4.828996] (eufs_tracks) StdoutLine: {'line': b'copying models/orange_cone/model.sdf -> /bristol_fsai_sim-docker/install/eufs_tracks/share/eufs_tracks/models/orange_cone\n'}
[4.829220] (eufs_tracks) StdoutLine: {'line': b'creating /bristol_fsai_sim-docker/install/eufs_tracks/share/eufs_tracks/models/yellow_cone\n'}
[4.829459] (eufs_tracks) StdoutLine: {'line': b'copying models/yellow_cone/model.config -> /bristol_fsai_sim-docker/install/eufs_tracks/share/eufs_tracks/models/yellow_cone\n'}
[4.830041] (eufs_tracks) StdoutLine: {'line': b'copying models/yellow_cone/model.sdf -> /bristol_fsai_sim-docker/install/eufs_tracks/share/eufs_tracks/models/yellow_cone\n'}
[4.830751] (eufs_tracks) StdoutLine: {'line': b'creating /bristol_fsai_sim-docker/install/eufs_tracks/share/eufs_tracks/models/ground_plane\n'}
[4.831021] (eufs_tracks) StdoutLine: {'line': b'copying models/ground_plane/model.config -> /bristol_fsai_sim-docker/install/eufs_tracks/share/eufs_tracks/models/ground_plane\n'}
[4.831268] (eufs_tracks) StdoutLine: {'line': b'copying models/ground_plane/model.sdf -> /bristol_fsai_sim-docker/install/eufs_tracks/share/eufs_tracks/models/ground_plane\n'}
[4.831474] (eufs_tracks) StdoutLine: {'line': b'creating /bristol_fsai_sim-docker/install/eufs_tracks/share/eufs_tracks/models/blue_cone\n'}
[4.831676] (eufs_tracks) StdoutLine: {'line': b'copying models/blue_cone/model.config -> /bristol_fsai_sim-docker/install/eufs_tracks/share/eufs_tracks/models/blue_cone\n'}
[4.831881] (eufs_tracks) StdoutLine: {'line': b'copying models/blue_cone/model.sdf -> /bristol_fsai_sim-docker/install/eufs_tracks/share/eufs_tracks/models/blue_cone\n'}
[4.832083] (eufs_tracks) StdoutLine: {'line': b'creating /bristol_fsai_sim-docker/install/eufs_tracks/share/eufs_tracks/models/its_a_mess\n'}
[4.832303] (eufs_tracks) StdoutLine: {'line': b'copying models/its_a_mess/model.config -> /bristol_fsai_sim-docker/install/eufs_tracks/share/eufs_tracks/models/its_a_mess\n'}
[4.832517] (eufs_tracks) StdoutLine: {'line': b'copying models/its_a_mess/model.sdf -> /bristol_fsai_sim-docker/install/eufs_tracks/share/eufs_tracks/models/its_a_mess\n'}
[4.832715] (eufs_tracks) StdoutLine: {'line': b'creating /bristol_fsai_sim-docker/install/eufs_tracks/share/eufs_tracks/models/skidpad\n'}
[4.832917] (eufs_tracks) StdoutLine: {'line': b'copying models/skidpad/model.config -> /bristol_fsai_sim-docker/install/eufs_tracks/share/eufs_tracks/models/skidpad\n'}
[4.833127] (eufs_tracks) StdoutLine: {'line': b'copying models/skidpad/model.sdf -> /bristol_fsai_sim-docker/install/eufs_tracks/share/eufs_tracks/models/skidpad\n'}
[4.833408] (eufs_tracks) StdoutLine: {'line': b'creating /bristol_fsai_sim-docker/install/eufs_tracks/share/eufs_tracks/models/rectangle\n'}
[4.837953] (eufs_tracks) StdoutLine: {'line': b'copying models/rectangle/model.config -> /bristol_fsai_sim-docker/install/eufs_tracks/share/eufs_tracks/models/rectangle\n'}
[4.838179] (eufs_tracks) StdoutLine: {'line': b'copying models/rectangle/model.sdf -> /bristol_fsai_sim-docker/install/eufs_tracks/share/eufs_tracks/models/rectangle\n'}
[4.848131] (eufs_tracks) StdoutLine: {'line': b'creating /bristol_fsai_sim-docker/install/eufs_tracks/share/eufs_tracks/models/hairpins_increasing_difficulty\n'}
[4.848545] (eufs_tracks) StdoutLine: {'line': b'copying models/hairpins_increasing_difficulty/model.config -> /bristol_fsai_sim-docker/install/eufs_tracks/share/eufs_tracks/models/hairpins_increasing_difficulty\n'}
[4.848784] (eufs_tracks) StdoutLine: {'line': b'copying models/hairpins_increasing_difficulty/model.sdf -> /bristol_fsai_sim-docker/install/eufs_tracks/share/eufs_tracks/models/hairpins_increasing_difficulty\n'}
[4.848987] (eufs_tracks) StdoutLine: {'line': b'creating /bristol_fsai_sim-docker/install/eufs_tracks/share/eufs_tracks/models/boa_constrictor\n'}
[4.849198] (eufs_tracks) StdoutLine: {'line': b'copying models/boa_constrictor/model.config -> /bristol_fsai_sim-docker/install/eufs_tracks/share/eufs_tracks/models/boa_constrictor\n'}
[4.850537] (eufs_tracks) StdoutLine: {'line': b'copying models/boa_constrictor/model.sdf -> /bristol_fsai_sim-docker/install/eufs_tracks/share/eufs_tracks/models/boa_constrictor\n'}
[4.850760] (eufs_tracks) StdoutLine: {'line': b'creating /bristol_fsai_sim-docker/install/eufs_tracks/share/eufs_tracks/models/peanut\n'}
[4.850957] (eufs_tracks) StdoutLine: {'line': b'copying models/peanut/model.config -> /bristol_fsai_sim-docker/install/eufs_tracks/share/eufs_tracks/models/peanut\n'}
[4.851167] (eufs_tracks) StdoutLine: {'line': b'copying models/peanut/model.sdf -> /bristol_fsai_sim-docker/install/eufs_tracks/share/eufs_tracks/models/peanut\n'}
[4.851382] (eufs_tracks) StdoutLine: {'line': b'creating /bristol_fsai_sim-docker/install/eufs_tracks/share/eufs_tracks/models/big_cone\n'}
[4.851590] (eufs_tracks) StdoutLine: {'line': b'copying models/big_cone/model.config -> /bristol_fsai_sim-docker/install/eufs_tracks/share/eufs_tracks/models/big_cone\n'}
[4.851788] (eufs_tracks) StdoutLine: {'line': b'copying models/big_cone/model.sdf -> /bristol_fsai_sim-docker/install/eufs_tracks/share/eufs_tracks/models/big_cone\n'}
[4.851986] (eufs_tracks) StdoutLine: {'line': b'creating /bristol_fsai_sim-docker/install/eufs_tracks/share/eufs_tracks/models/comp_2021\n'}
[4.852197] (eufs_tracks) StdoutLine: {'line': b'copying models/comp_2021/model.config -> /bristol_fsai_sim-docker/install/eufs_tracks/share/eufs_tracks/models/comp_2021\n'}
[4.852465] (eufs_tracks) StdoutLine: {'line': b'copying models/comp_2021/model.sdf -> /bristol_fsai_sim-docker/install/eufs_tracks/share/eufs_tracks/models/comp_2021\n'}
[4.853519] (eufs_tracks) StdoutLine: {'line': b'creating /bristol_fsai_sim-docker/install/eufs_tracks/share/eufs_tracks/models/small_track\n'}
[4.853735] (eufs_tracks) StdoutLine: {'line': b'copying models/small_track/model.config -> /bristol_fsai_sim-docker/install/eufs_tracks/share/eufs_tracks/models/small_track\n'}
[4.853942] (eufs_tracks) StdoutLine: {'line': b'copying models/small_track/model.sdf -> /bristol_fsai_sim-docker/install/eufs_tracks/share/eufs_tracks/models/small_track\n'}
[4.854141] (eufs_tracks) StdoutLine: {'line': b'creating /bristol_fsai_sim-docker/install/eufs_tracks/share/eufs_tracks/models/acceleration\n'}
[4.854372] (eufs_tracks) StdoutLine: {'line': b'copying models/acceleration/model.config -> /bristol_fsai_sim-docker/install/eufs_tracks/share/eufs_tracks/models/acceleration\n'}
[4.854576] (eufs_tracks) StdoutLine: {'line': b'copying models/acceleration/model.sdf -> /bristol_fsai_sim-docker/install/eufs_tracks/share/eufs_tracks/models/acceleration\n'}
[4.856201] (eufs_tracks) StdoutLine: {'line': b'creating /bristol_fsai_sim-docker/install/eufs_tracks/share/eufs_tracks/models/garden_light\n'}
[4.856580] (eufs_tracks) StdoutLine: {'line': b'copying models/garden_light/model.config -> /bristol_fsai_sim-docker/install/eufs_tracks/share/eufs_tracks/models/garden_light\n'}
[4.856817] (eufs_tracks) StdoutLine: {'line': b'copying models/garden_light/model.sdf -> /bristol_fsai_sim-docker/install/eufs_tracks/share/eufs_tracks/models/garden_light\n'}
[4.857036] (eufs_sensors) StdoutLine: {'line': b'-- Symlinking: /bristol_fsai_sim-docker/install/eufs_sensors/share/eufs_sensors/urdf/imu.urdf.xacro\n'}
[4.858041] (perception) StdoutLine: {'line': b'copying perception/models/yolov5n_640.pt -> /bristol_fsai_sim-docker/install/perception/share/perception/models\n'}
[4.859467] (perception) StdoutLine: {'line': b'copying perception/models/yolov11s_1024.pt -> /bristol_fsai_sim-docker/install/perception/share/perception/models\n'}
[4.859762] (eufs_sensors) StdoutLine: {'line': b'-- Symlinking: /bristol_fsai_sim-docker/install/eufs_sensors/share/eufs_sensors/urdf/magnetometer.urdf.xacro\n'}
[4.865598] (eufs_racecar) JobEnded: {'identifier': 'eufs_racecar', 'rc': 0}
[4.868271] (perception) StdoutLine: {'line': b'creating /bristol_fsai_sim-docker/install/perception/share/perception/config\n'}
[4.868742] (perception) StdoutLine: {'line': b'copying config/perception_params.yaml -> /bristol_fsai_sim-docker/install/perception/share/perception/config\n'}
[4.872231] (eufs_sensors) StdoutLine: {'line': b'-- Symlinking: /bristol_fsai_sim-docker/install/eufs_sensors/share/eufs_sensors/urdf/zed.urdf.xacro\n'}
[4.884275] (eufs_tracks) CommandEnded: {'returncode': 0}
[4.893515] (-) TimerEvent: {}
[4.914845] (eufs_sensors) StdoutLine: {'line': b'-- Symlinking: /bristol_fsai_sim-docker/install/eufs_sensors/share/ament_index/resource_index/package_run_dependencies/eufs_sensors\n'}
[4.920270] (eufs_tracks) JobEnded: {'identifier': 'eufs_tracks', 'rc': 0}
[4.926979] (eufs_launcher) JobStarted: {'identifier': 'eufs_launcher'}
[4.946204] (eufs_sensors) StdoutLine: {'line': b'-- Symlinking: /bristol_fsai_sim-docker/install/eufs_sensors/share/ament_index/resource_index/parent_prefix_path/eufs_sensors\n'}
[4.956835] (perception) CommandEnded: {'returncode': 0}
[4.975354] (eufs_sensors) StdoutLine: {'line': b'-- Symlinking: /bristol_fsai_sim-docker/install/eufs_sensors/share/eufs_sensors/environment/ament_prefix_path.sh\n'}
[4.993489] (-) TimerEvent: {}
[4.995894] (perception) JobEnded: {'identifier': 'perception', 'rc': 0}
[5.004572] (eufs_sensors) StdoutLine: {'line': b'-- Symlinking: /bristol_fsai_sim-docker/install/eufs_sensors/share/eufs_sensors/environment/ament_prefix_path.dsv\n'}
[5.032750] (eufs_sensors) StdoutLine: {'line': b'-- Symlinking: /bristol_fsai_sim-docker/install/eufs_sensors/share/eufs_sensors/environment/path.sh\n'}
[5.067917] (eufs_sensors) StdoutLine: {'line': b'-- Symlinking: /bristol_fsai_sim-docker/install/eufs_sensors/share/eufs_sensors/environment/path.dsv\n'}
[5.093637] (-) TimerEvent: {}
[5.097195] (eufs_sensors) StdoutLine: {'line': b'-- Symlinking: /bristol_fsai_sim-docker/install/eufs_sensors/share/eufs_sensors/local_setup.bash\n'}
[5.120570] (eufs_sensors) StdoutLine: {'line': b'-- Symlinking: /bristol_fsai_sim-docker/install/eufs_sensors/share/eufs_sensors/local_setup.sh\n'}
[5.141039] (eufs_sensors) StdoutLine: {'line': b'-- Symlinking: /bristol_fsai_sim-docker/install/eufs_sensors/share/eufs_sensors/local_setup.zsh\n'}
[5.166340] (eufs_sensors) StdoutLine: {'line': b'-- Symlinking: /bristol_fsai_sim-docker/install/eufs_sensors/share/eufs_sensors/local_setup.dsv\n'}
[5.192504] (eufs_sensors) StdoutLine: {'line': b'-- Symlinking: /bristol_fsai_sim-docker/install/eufs_sensors/share/eufs_sensors/package.dsv\n'}
[5.193780] (-) TimerEvent: {}
[5.217748] (eufs_sensors) StdoutLine: {'line': b'-- Symlinking: /bristol_fsai_sim-docker/install/eufs_sensors/share/ament_index/resource_index/packages/eufs_sensors\n'}
[5.244425] (eufs_sensors) StdoutLine: {'line': b'-- Symlinking: /bristol_fsai_sim-docker/install/eufs_sensors/share/eufs_sensors/cmake/ament_cmake_export_dependencies-extras.cmake\n'}
[5.271536] (eufs_sensors) StdoutLine: {'line': b'-- Symlinking: /bristol_fsai_sim-docker/install/eufs_sensors/share/eufs_sensors/cmake/eufs_sensorsConfig.cmake\n'}
[5.293988] (-) TimerEvent: {}
[5.300658] (eufs_sensors) StdoutLine: {'line': b'-- Symlinking: /bristol_fsai_sim-docker/install/eufs_sensors/share/eufs_sensors/cmake/eufs_sensorsConfig-version.cmake\n'}
[5.323370] (eufs_sensors) StdoutLine: {'line': b'-- Symlinking: /bristol_fsai_sim-docker/install/eufs_sensors/share/eufs_sensors/package.xml\n'}
[5.394116] (-) TimerEvent: {}
[5.445032] (eufs_msgs) StdoutLine: {'line': b'-- Found ament_cmake_ros: 0.9.2 (/opt/ros/galactic/share/ament_cmake_ros/cmake)\n'}
[5.494254] (-) TimerEvent: {}
[5.545271] (eufs_sensors) CommandEnded: {'returncode': 0}
[5.594473] (-) TimerEvent: {}
[5.685002] (eufs_sensors) JobEnded: {'identifier': 'eufs_sensors', 'rc': 0}
[5.694607] (-) TimerEvent: {}
[5.795114] (-) TimerEvent: {}
[5.895672] (-) TimerEvent: {}
[5.996579] (-) TimerEvent: {}
[6.097082] (-) TimerEvent: {}
[6.197602] (-) TimerEvent: {}
[6.298086] (-) TimerEvent: {}
[6.398604] (-) TimerEvent: {}
[6.430226] (eufs_launcher) Command: {'cmd': ['/usr/bin/python3', 'setup.py', 'develop', '--editable', '--build-directory', '/bristol_fsai_sim-docker/build/eufs_launcher/build', '--no-deps', 'install_data'], 'cwd': '/bristol_fsai_sim-docker/build/eufs_launcher', 'env': {'HOSTNAME': 'alan-Latitude-5420', 'GIT_ASKPASS': '/vscode/vscode-server/bin/linux-x64/ac4cbdf48759c7d8c3eb91ffe6bb04316e263c57/extensions/git/dist/askpass.sh', 'SHLVL': '2', 'LD_LIBRARY_PATH': '/usr/lib/x86_64-linux-gnu/gazebo-11/plugins:/opt/ros/galactic/opt/yaml_cpp_vendor/lib:/opt/ros/galactic/opt/rviz_ogre_vendor/lib:/opt/ros/galactic/lib/x86_64-linux-gnu:/opt/ros/galactic/lib', 'BROWSER': '/vscode/vscode-server/bin/linux-x64/ac4cbdf48759c7d8c3eb91ffe6bb04316e263c57/bin/helpers/browser.sh', 'HOME': '/home/vscode', 'TERM_PROGRAM_VERSION': '1.106.0', 'VSCODE_IPC_HOOK_CLI': '/tmp/vscode-ipc-44527d33-f74a-4ad4-9e20-fd4db91b8445.sock', 'ROS_PYTHON_VERSION': '3', 'VSCODE_GIT_ASKPASS_MAIN': '/vscode/vscode-server/bin/linux-x64/ac4cbdf48759c7d8c3eb91ffe6bb04316e263c57/extensions/git/dist/askpass-main.js', 'VSCODE_GIT_ASKPASS_NODE': '/vscode/vscode-server/bin/linux-x64/ac4cbdf48759c7d8c3eb91ffe6bb04316e263c57/node', 'VSCODE_PYTHON_AUTOACTIVATE_GUARD': '1', 'COLORTERM': 'truecolor', 'REMOTE_CONTAINERS': 'true', 'WAYLAND_DISPLAY': 'vscode-wayland-6ce7d0e9-5b6b-46b2-a2f1-5d3d5d4b2e7f.sock', 'COLCON_PREFIX_PATH': '/bristol_fsai_sim-docker/install', 'ROS_DISTRO': 'galactic', 'REMOTE_CONTAINERS_IPC': '/tmp/vscode-remote-containers-ipc-8e75e97d-8e6f-4c26-880b-7a43c1d13b9e.sock', 'EUFS_MASTER': '/bristol_fsai_sim-docker', '_': '/usr/bin/colcon', 'ROS_VERSION': '2', 'TERM': 'xterm-256color', 'ROS_LOCALHOST_ONLY': '0', 'PATH': '/vscode/vscode-server/bin/linux-x64/ac4cbdf48759c7d8c3eb91ffe6bb04316e263c57/bin/remote-cli:/opt/ros/galactic/bin:/usr/local/sbin:/usr/local/bin:/usr/sbin:/usr/bin:/sbin:/bin', 'XDG_RUNTIME_DIR': '/tmp/user/1000', 'REMOTE_CONTAINERS_SOCKETS': '["/tmp/vscode-ssh-auth-8e75e97d-8e6f-4c26-880b-7a43c1d13b9e.sock","/tmp/.X11-unix/X0","/home/vscode/.gnupg/S.gpg-agent"]', 'DISPLAY': ':0', 'LANG': 'C.UTF-8', 'LS_COLORS': 'rs=0:di=01;34:ln=01;36:mh=00:pi=40;33:so=01;35:do=01;35:bd=40;33;01:cd=40;33;01:or=40;31;01:mi=00:su=37;41:sg=30;43:ca=30;41:tw=30;42:ow=34;42:st=37;44:ex=01;32:*.tar=01;31:*.tgz=01;31:*.arc=01;31:*.arj=01;31:*.taz=01;31:*.lha=01;31:*.lz4=01;31:*.lzh=01;31:*.lzma=01;31:*.tlz=01;31:*.txz=01;31:*.tzo=01;31:*.t7z=01;31:*.zip=01;31:*.z=01;31:*.dz=01;31:*.gz=01;31:*.lrz=01;31:*.lz=01;31:*.lzo=01;31:*.xz=01;31:*.zst=01;31:*.tzst=01;31:*.bz2=01;31:*.bz=01;31:*.tbz=01;31:*.tbz2=01;31:*.tz=01;31:*.deb=01;31:*.rpm=01;31:*.jar=01;31:*.war=01;31:*.ear=01;31:*.sar=01;31:*.rar=01;31:*.alz=01;31:*.ace=01;31:*.zoo=01;31:*.cpio=01;31:*.7z=01;31:*.rz=01;31:*.cab=01;31:*.wim=01;31:*.swm=01;31:*.dwm=01;31:*.esd=01;31:*.jpg=01;35:*.jpeg=01;35:*.mjpg=01;35:*.mjpeg=01;35:*.gif=01;35:*.bmp=01;35:*.pbm=01;35:*.pgm=01;35:*.ppm=01;35:*.tga=01;35:*.xbm=01;35:*.xpm=01;35:*.tif=01;35:*.tiff=01;35:*.png=01;35:*.svg=01;35:*.svgz=01;35:*.mng=01;35:*.pcx=01;35:*.mov=01;35:*.mpg=01;35:*.mpeg=01;35:*.m2v=01;35:*.mkv=01;35:*.webm=01;35:*.ogm=01;35:*.mp4=01;35:*.m4v=01;35:*.mp4v=01;35:*.vob=01;35:*.qt=01;35:*.nuv=01;35:*.wmv=01;35:*.asf=01;35:*.rm=01;35:*.rmvb=01;35:*.flc=01;35:*.avi=01;35:*.fli=01;35:*.flv=01;35:*.gl=01;35:*.dl=01;35:*.xcf=01;35:*.xwd=01;35:*.yuv=01;35:*.cgm=01;35:*.emf=01;35:*.ogv=01;35:*.ogx=01;35:*.aac=00;36:*.au=00;36:*.flac=00;36:*.m4a=00;36:*.mid=00;36:*.midi=00;36:*.mka=00;36:*.mp3=00;36:*.mpc=00;36:*.ogg=00;36:*.ra=00;36:*.wav=00;36:*.oga=00;36:*.opus=00;36:*.spx=00;36:*.xspf=00;36:', 'VSCODE_GIT_IPC_HANDLE': '/tmp/user/1000/vscode-git-0b6b322ce0.sock', 'TERM_PROGRAM': 'vscode', 'SSH_AUTH_SOCK': '/tmp/vscode-ssh-auth-8e75e97d-8e6f-4c26-880b-7a43c1d13b9e.sock', 'AMENT_PREFIX_PATH': '/bristol_fsai_sim-docker/install/eufs_tracks:/opt/ros/galactic', 'REMOTE_CONTAINERS_DISPLAY_SOCK': '/tmp/.X11-unix/X0', 'SHELL': '/bin/bash', 'VSCODE_GIT_ASKPASS_EXTRA_ARGS': '', 'PWD': '/bristol_fsai_sim-docker/build/eufs_launcher', 'LC_ALL': 'C.UTF-8', 'PYTHONPATH': '/bristol_fsai_sim-docker/build/eufs_launcher/prefix_override:/bristol_fsai_sim-docker/install/eufs_launcher/lib/python3.8/site-packages:/bristol_fsai_sim-docker/build/eufs_tracks:/bristol_fsai_sim-docker/install/eufs_tracks/lib/python3.8/site-packages:/opt/ros/galactic/lib/python3.8/site-packages', 'COLCON': '1'}, 'shell': False}
[6.458569] (eufs_msgs) StdoutLine: {'line': b'-- Using all available rosidl_typesupport_c: rosidl_typesupport_fastrtps_c;rosidl_typesupport_introspection_c\n'}
[6.498734] (-) TimerEvent: {}
[6.599321] (-) TimerEvent: {}
[6.699760] (-) TimerEvent: {}
[6.800217] (-) TimerEvent: {}
[6.900619] (-) TimerEvent: {}
[6.919345] (eufs_msgs) StdoutLine: {'line': b'-- Using all available rosidl_typesupport_cpp: rosidl_typesupport_fastrtps_cpp;rosidl_typesupport_introspection_cpp\n'}
[6.929329] (eufs_launcher) StdoutLine: {'line': b'running develop\n'}
[6.989328] (eufs_msgs) StdoutLine: {'line': b'-- Found PythonInterp: /usr/bin/python3 (found suitable version "3.8.10", minimum required is "3.5") \n'}
[6.993523] (eufs_msgs) StdoutLine: {'line': b'-- Found python_cmake_module: 0.8.1 (/opt/ros/galactic/share/python_cmake_module/cmake)\n'}
[7.000729] (-) TimerEvent: {}
[7.061987] (eufs_msgs) StdoutLine: {'line': b'-- Found PythonLibs: /usr/lib/x86_64-linux-gnu/libpython3.8.so (found suitable version "3.8.10", minimum required is "3.5") \n'}
[7.062418] (eufs_msgs) StdoutLine: {'line': b'-- Using PYTHON_EXECUTABLE: /usr/bin/python3\n'}
[7.062545] (eufs_msgs) StdoutLine: {'line': b'-- Using PYTHON_INCLUDE_DIRS: /usr/include/python3.8\n'}
[7.062648] (eufs_msgs) StdoutLine: {'line': b'-- Using PYTHON_LIBRARIES: /usr/lib/x86_64-linux-gnu/libpython3.8.so\n'}
[7.100870] (-) TimerEvent: {}
[7.105616] (eufs_msgs) StdoutLine: {'line': b'-- Found PythonExtra: .so  \n'}
[7.176924] (eufs_launcher) StdoutLine: {'line': b'running egg_info\n'}
[7.177324] (eufs_launcher) StdoutLine: {'line': b'creating src/eufs_launcher.egg-info\n'}
[7.177574] (eufs_launcher) StdoutLine: {'line': b'writing src/eufs_launcher.egg-info/PKG-INFO\n'}
[7.180099] (eufs_launcher) StdoutLine: {'line': b'writing dependency_links to src/eufs_launcher.egg-info/dependency_links.txt\n'}
[7.180355] (eufs_launcher) StdoutLine: {'line': b'writing requirements to src/eufs_launcher.egg-info/requires.txt\n'}
[7.180734] (eufs_launcher) StdoutLine: {'line': b'writing top-level names to src/eufs_launcher.egg-info/top_level.txt\n'}
[7.182585] (eufs_launcher) StdoutLine: {'line': b"writing manifest file 'src/eufs_launcher.egg-info/SOURCES.txt'\n"}
[7.201002] (-) TimerEvent: {}
[7.253459] (eufs_launcher) StdoutLine: {'line': b"reading manifest file 'src/eufs_launcher.egg-info/SOURCES.txt'\n"}
[7.254907] (eufs_launcher) StdoutLine: {'line': b"writing manifest file 'src/eufs_launcher.egg-info/SOURCES.txt'\n"}
[7.301132] (-) TimerEvent: {}
[7.322807] (eufs_launcher) StdoutLine: {'line': b'running build_ext\n'}
[7.323504] (eufs_launcher) StdoutLine: {'line': b'Creating /bristol_fsai_sim-docker/install/eufs_launcher/lib/python3.8/site-packages/site.py\n'}
[7.329899] (eufs_launcher) StdoutLine: {'line': b'Creating /bristol_fsai_sim-docker/install/eufs_launcher/lib/python3.8/site-packages/eufs-launcher.egg-link (link to src)\n'}
[7.331822] (eufs_launcher) StdoutLine: {'line': b'Installing eufs_launcher script to /bristol_fsai_sim-docker/install/eufs_launcher/lib/eufs_launcher\n'}
[7.332715] (eufs_launcher) StdoutLine: {'line': b'\n'}
[7.333663] (eufs_launcher) StdoutLine: {'line': b'Installed /bristol_fsai_sim-docker/build/eufs_launcher/src\n'}
[7.334085] (eufs_launcher) StdoutLine: {'line': b'running install_data\n'}
[7.334261] (eufs_launcher) StdoutLine: {'line': b'copying launch/hardware.launch.py -> /bristol_fsai_sim-docker/install/eufs_launcher/share/eufs_launcher\n'}
[7.334432] (eufs_launcher) StdoutLine: {'line': b'copying launch/bristol_fsai.launch.py -> /bristol_fsai_sim-docker/install/eufs_launcher/share/eufs_launcher\n'}
[7.335403] (eufs_launcher) StdoutLine: {'line': b'copying launch/eufs_launcher.launch.py -> /bristol_fsai_sim-docker/install/eufs_launcher/share/eufs_launcher\n'}
[7.336909] (eufs_launcher) StdoutLine: {'line': b'copying launch/simulation.launch.py -> /bristol_fsai_sim-docker/install/eufs_launcher/share/eufs_launcher\n'}
[7.337063] (eufs_launcher) StdoutLine: {'line': b'creating /bristol_fsai_sim-docker/install/eufs_launcher/share/eufs_launcher/config\n'}
[7.337215] (eufs_launcher) StdoutLine: {'line': b'copying config/default.rviz -> /bristol_fsai_sim-docker/install/eufs_launcher/share/eufs_launcher/config\n'}
[7.337370] (eufs_launcher) StdoutLine: {'line': b'copying config/eufs_launcher.yaml -> /bristol_fsai_sim-docker/install/eufs_launcher/share/eufs_launcher/config\n'}
[7.337529] (eufs_launcher) StdoutLine: {'line': b'creating /bristol_fsai_sim-docker/install/eufs_launcher/share/eufs_launcher/resource\n'}
[7.337677] (eufs_launcher) StdoutLine: {'line': b'copying resource/launcher.ui -> /bristol_fsai_sim-docker/install/eufs_launcher/share/eufs_launcher/resource\n'}
[7.337827] (eufs_launcher) StdoutLine: {'line': b'copying plugin.xml -> /bristol_fsai_sim-docker/install/eufs_launcher/share/eufs_launcher\n'}
[7.337992] (eufs_launcher) StdoutLine: {'line': b'copying package.xml -> /bristol_fsai_sim-docker/install/eufs_launcher/share/eufs_launcher\n'}
[7.338142] (eufs_launcher) StdoutLine: {'line': b'creating /bristol_fsai_sim-docker/install/eufs_launcher/share/ament_index\n'}
[7.338298] (eufs_launcher) StdoutLine: {'line': b'creating /bristol_fsai_sim-docker/install/eufs_launcher/share/ament_index/resource_index\n'}
[7.338541] (eufs_launcher) StdoutLine: {'line': b'creating /bristol_fsai_sim-docker/install/eufs_launcher/share/ament_index/resource_index/packages\n'}
[7.338719] (eufs_launcher) StdoutLine: {'line': b'copying resource/eufs_launcher -> /bristol_fsai_sim-docker/install/eufs_launcher/share/ament_index/resource_index/packages\n'}
[7.384529] (eufs_launcher) CommandEnded: {'returncode': 0}
[7.401302] (-) TimerEvent: {}
[7.408973] (eufs_launcher) JobEnded: {'identifier': 'eufs_launcher', 'rc': 0}
[7.501517] (-) TimerEvent: {}
[7.517535] (eufs_msgs) StdoutLine: {'line': b'-- Configuring done\n'}
[7.601656] (-) TimerEvent: {}
[7.702120] (-) TimerEvent: {}
[7.802651] (-) TimerEvent: {}
[7.903209] (-) TimerEvent: {}
[8.003703] (-) TimerEvent: {}
[8.044404] (eufs_msgs) StdoutLine: {'line': b'-- Generating done\n'}
[8.052950] (eufs_msgs) StdoutLine: {'line': b'-- Build files have been written to: /bristol_fsai_sim-docker/build/eufs_msgs\n'}
[8.074400] (eufs_msgs) CommandEnded: {'returncode': 0}
[8.075625] (eufs_msgs) JobProgress: {'identifier': 'eufs_msgs', 'progress': 'build'}
[8.076573] (eufs_msgs) Command: {'cmd': ['/usr/bin/cmake', '--build', '/bristol_fsai_sim-docker/build/eufs_msgs', '--', '-j8', '-l8'], 'cwd': '/bristol_fsai_sim-docker/build/eufs_msgs', 'env': OrderedDict([('HOSTNAME', 'alan-Latitude-5420'), ('GIT_ASKPASS', '/vscode/vscode-server/bin/linux-x64/ac4cbdf48759c7d8c3eb91ffe6bb04316e263c57/extensions/git/dist/askpass.sh'), ('SHLVL', '2'), ('LD_LIBRARY_PATH', '/usr/lib/x86_64-linux-gnu/gazebo-11/plugins:/opt/ros/galactic/opt/yaml_cpp_vendor/lib:/opt/ros/galactic/opt/rviz_ogre_vendor/lib:/opt/ros/galactic/lib/x86_64-linux-gnu:/opt/ros/galactic/lib'), ('BROWSER', '/vscode/vscode-server/bin/linux-x64/ac4cbdf48759c7d8c3eb91ffe6bb04316e263c57/bin/helpers/browser.sh'), ('HOME', '/home/vscode'), ('TERM_PROGRAM_VERSION', '1.106.0'), ('VSCODE_IPC_HOOK_CLI', '/tmp/vscode-ipc-44527d33-f74a-4ad4-9e20-fd4db91b8445.sock'), ('ROS_PYTHON_VERSION', '3'), ('VSCODE_GIT_ASKPASS_MAIN', '/vscode/vscode-server/bin/linux-x64/ac4cbdf48759c7d8c3eb91ffe6bb04316e263c57/extensions/git/dist/askpass-main.js'), ('VSCODE_GIT_ASKPASS_NODE', '/vscode/vscode-server/bin/linux-x64/ac4cbdf48759c7d8c3eb91ffe6bb04316e263c57/node'), ('VSCODE_PYTHON_AUTOACTIVATE_GUARD', '1'), ('COLORTERM', 'truecolor'), ('REMOTE_CONTAINERS', 'true'), ('WAYLAND_DISPLAY', 'vscode-wayland-6ce7d0e9-5b6b-46b2-a2f1-5d3d5d4b2e7f.sock'), ('COLCON_PREFIX_PATH', '/bristol_fsai_sim-docker/install'), ('ROS_DISTRO', 'galactic'), ('REMOTE_CONTAINERS_IPC', '/tmp/vscode-remote-containers-ipc-8e75e97d-8e6f-4c26-880b-7a43c1d13b9e.sock'), ('EUFS_MASTER', '/bristol_fsai_sim-docker'), ('_', '/usr/bin/colcon'), ('ROS_VERSION', '2'), ('TERM', 'xterm-256color'), ('ROS_LOCALHOST_ONLY', '0'), ('PATH', '/vscode/vscode-server/bin/linux-x64/ac4cbdf48759c7d8c3eb91ffe6bb04316e263c57/bin/remote-cli:/opt/ros/galactic/bin:/usr/local/sbin:/usr/local/bin:/usr/sbin:/usr/bin:/sbin:/bin'), ('XDG_RUNTIME_DIR', '/tmp/user/1000'), ('REMOTE_CONTAINERS_SOCKETS', '["/tmp/vscode-ssh-auth-8e75e97d-8e6f-4c26-880b-7a43c1d13b9e.sock","/tmp/.X11-unix/X0","/home/vscode/.gnupg/S.gpg-agent"]'), ('DISPLAY', ':0'), ('LANG', 'C.UTF-8'), ('LS_COLORS', 'rs=0:di=01;34:ln=01;36:mh=00:pi=40;33:so=01;35:do=01;35:bd=40;33;01:cd=40;33;01:or=40;31;01:mi=00:su=37;41:sg=30;43:ca=30;41:tw=30;42:ow=34;42:st=37;44:ex=01;32:*.tar=01;31:*.tgz=01;31:*.arc=01;31:*.arj=01;31:*.taz=01;31:*.lha=01;31:*.lz4=01;31:*.lzh=01;31:*.lzma=01;31:*.tlz=01;31:*.txz=01;31:*.tzo=01;31:*.t7z=01;31:*.zip=01;31:*.z=01;31:*.dz=01;31:*.gz=01;31:*.lrz=01;31:*.lz=01;31:*.lzo=01;31:*.xz=01;31:*.zst=01;31:*.tzst=01;31:*.bz2=01;31:*.bz=01;31:*.tbz=01;31:*.tbz2=01;31:*.tz=01;31:*.deb=01;31:*.rpm=01;31:*.jar=01;31:*.war=01;31:*.ear=01;31:*.sar=01;31:*.rar=01;31:*.alz=01;31:*.ace=01;31:*.zoo=01;31:*.cpio=01;31:*.7z=01;31:*.rz=01;31:*.cab=01;31:*.wim=01;31:*.swm=01;31:*.dwm=01;31:*.esd=01;31:*.jpg=01;35:*.jpeg=01;35:*.mjpg=01;35:*.mjpeg=01;35:*.gif=01;35:*.bmp=01;35:*.pbm=01;35:*.pgm=01;35:*.ppm=01;35:*.tga=01;35:*.xbm=01;35:*.xpm=01;35:*.tif=01;35:*.tiff=01;35:*.png=01;35:*.svg=01;35:*.svgz=01;35:*.mng=01;35:*.pcx=01;35:*.mov=01;35:*.mpg=01;35:*.mpeg=01;35:*.m2v=01;35:*.mkv=01;35:*.webm=01;35:*.ogm=01;35:*.mp4=01;35:*.m4v=01;35:*.mp4v=01;35:*.vob=01;35:*.qt=01;35:*.nuv=01;35:*.wmv=01;35:*.asf=01;35:*.rm=01;35:*.rmvb=01;35:*.flc=01;35:*.avi=01;35:*.fli=01;35:*.flv=01;35:*.gl=01;35:*.dl=01;35:*.xcf=01;35:*.xwd=01;35:*.yuv=01;35:*.cgm=01;35:*.emf=01;35:*.ogv=01;35:*.ogx=01;35:*.aac=00;36:*.au=00;36:*.flac=00;36:*.m4a=00;36:*.mid=00;36:*.midi=00;36:*.mka=00;36:*.mp3=00;36:*.mpc=00;36:*.ogg=00;36:*.ra=00;36:*.wav=00;36:*.oga=00;36:*.opus=00;36:*.spx=00;36:*.xspf=00;36:'), ('VSCODE_GIT_IPC_HANDLE', '/tmp/user/1000/vscode-git-0b6b322ce0.sock'), ('TERM_PROGRAM', 'vscode'), ('SSH_AUTH_SOCK', '/tmp/vscode-ssh-auth-8e75e97d-8e6f-4c26-880b-7a43c1d13b9e.sock'), ('AMENT_PREFIX_PATH', '/opt/ros/galactic'), ('REMOTE_CONTAINERS_DISPLAY_SOCK', '/tmp/.X11-unix/X0'), ('SHELL', '/bin/bash'), ('VSCODE_GIT_ASKPASS_EXTRA_ARGS', ''), ('PWD', '/bristol_fsai_sim-docker/build/eufs_msgs'), ('LC_ALL', 'C.UTF-8'), ('PYTHONPATH', '/opt/ros/galactic/lib/python3.8/site-packages'), ('COLCON', '1'), ('CMAKE_PREFIX_PATH', '/opt/ros/galactic')]), 'shell': False}
[8.103951] (-) TimerEvent: {}
[8.204486] (-) TimerEvent: {}
[8.286029] (eufs_msgs) StdoutLine: {'line': b'\x1b[35m\x1b[1mScanning dependencies of target eufs_msgs__cpp\x1b[0m\n'}
[8.294830] (eufs_msgs) StdoutLine: {'line': b'[  0%] \x1b[34m\x1b[1mGenerating C code for ROS interfaces\x1b[0m\n'}
[8.304647] (-) TimerEvent: {}
[8.317129] (eufs_msgs) StdoutLine: {'line': b'[  0%] \x1b[34m\x1b[1mGenerating C++ code for ROS interfaces\x1b[0m\n'}
[8.404785] (-) TimerEvent: {}
[8.505210] (-) TimerEvent: {}
[8.605624] (-) TimerEvent: {}
[8.706054] (-) TimerEvent: {}
[8.806529] (-) TimerEvent: {}
[8.906992] (-) TimerEvent: {}
[9.007582] (-) TimerEvent: {}
[9.108011] (-) TimerEvent: {}
[9.208513] (-) TimerEvent: {}
[9.308912] (-) TimerEvent: {}
[9.409293] (-) TimerEvent: {}
[9.509720] (-) TimerEvent: {}
[9.610136] (-) TimerEvent: {}
[9.710554] (-) TimerEvent: {}
[9.810961] (-) TimerEvent: {}
[9.911404] (-) TimerEvent: {}
[10.011849] (-) TimerEvent: {}
[10.112412] (-) TimerEvent: {}
[10.214318] (-) TimerEvent: {}
[10.314734] (-) TimerEvent: {}
[10.415126] (-) TimerEvent: {}
[10.515576] (-) TimerEvent: {}
[10.616024] (-) TimerEvent: {}
[10.716442] (-) TimerEvent: {}
[10.816943] (-) TimerEvent: {}
[10.917464] (-) TimerEvent: {}
[11.017833] (-) TimerEvent: {}
[11.118286] (-) TimerEvent: {}
[11.218714] (-) TimerEvent: {}
[11.319102] (-) TimerEvent: {}
[11.419513] (-) TimerEvent: {}
[11.519968] (-) TimerEvent: {}
[11.620363] (-) TimerEvent: {}
[11.720843] (-) TimerEvent: {}
[11.821255] (-) TimerEvent: {}
[11.923950] (-) TimerEvent: {}
[12.024410] (-) TimerEvent: {}
[12.124956] (-) TimerEvent: {}
[12.225468] (-) TimerEvent: {}
[12.325874] (-) TimerEvent: {}
[12.426294] (-) TimerEvent: {}
[12.526695] (-) TimerEvent: {}
[12.627113] (-) TimerEvent: {}
[12.727595] (-) TimerEvent: {}
[12.828078] (-) TimerEvent: {}
[12.928573] (-) TimerEvent: {}
[13.029015] (-) TimerEvent: {}
[13.129495] (-) TimerEvent: {}
[13.229961] (-) TimerEvent: {}
[13.330408] (-) TimerEvent: {}
[13.430851] (-) TimerEvent: {}
[13.531346] (-) TimerEvent: {}
[13.631789] (-) TimerEvent: {}
[13.732239] (-) TimerEvent: {}
[13.832728] (-) TimerEvent: {}
[13.933226] (-) TimerEvent: {}
[14.033718] (-) TimerEvent: {}
[14.134187] (-) TimerEvent: {}
[14.234622] (-) TimerEvent: {}
[14.335071] (-) TimerEvent: {}
[14.435600] (-) TimerEvent: {}
[14.536047] (-) TimerEvent: {}
[14.636594] (-) TimerEvent: {}
[14.737033] (-) TimerEvent: {}
[14.837489] (-) TimerEvent: {}
[14.937950] (-) TimerEvent: {}
[15.038482] (-) TimerEvent: {}
[15.138919] (-) TimerEvent: {}
[15.239434] (-) TimerEvent: {}
[15.339873] (-) TimerEvent: {}
[15.440321] (-) TimerEvent: {}
[15.540785] (-) TimerEvent: {}
[15.641237] (-) TimerEvent: {}
[15.741750] (-) TimerEvent: {}
[15.842244] (-) TimerEvent: {}
[15.942817] (-) TimerEvent: {}
[16.043244] (-) TimerEvent: {}
[16.143695] (-) TimerEvent: {}
[16.244162] (-) TimerEvent: {}
[16.344592] (-) TimerEvent: {}
[16.445038] (-) TimerEvent: {}
[16.545511] (-) TimerEvent: {}
[16.645964] (-) TimerEvent: {}
[16.746428] (-) TimerEvent: {}
[16.846904] (-) TimerEvent: {}
[16.947380] (-) TimerEvent: {}
[17.047806] (-) TimerEvent: {}
[17.148309] (-) TimerEvent: {}
[17.249247] (-) TimerEvent: {}
[17.349895] (-) TimerEvent: {}
[17.451628] (-) TimerEvent: {}
[17.552261] (-) TimerEvent: {}
[17.653324] (-) TimerEvent: {}
[17.756255] (-) TimerEvent: {}
[17.857235] (-) TimerEvent: {}
[17.958245] (-) TimerEvent: {}
[18.062236] (-) TimerEvent: {}
[18.165255] (-) TimerEvent: {}
[18.268422] (-) TimerEvent: {}
[18.374777] (-) TimerEvent: {}
[18.474128] (eufs_msgs) StdoutLine: {'line': b'[  0%] Built target eufs_msgs__cpp\n'}
[18.475650] (-) TimerEvent: {}
[18.522386] (eufs_msgs) StdoutLine: {'line': b'[  0%] \x1b[34m\x1b[1mGenerating C++ introspection for ROS interfaces\x1b[0m\n'}
[18.522763] (eufs_msgs) StdoutLine: {'line': b'[  0%] \x1b[34m\x1b[1mGenerating C++ type support for eProsima Fast-RTPS\x1b[0m\n'}
[18.523897] (eufs_msgs) StdoutLine: {'line': b'[  0%] \x1b[34m\x1b[1mGenerating C++ type support dispatch for ROS interfaces\x1b[0m\n'}
[18.575788] (-) TimerEvent: {}
[18.677241] (-) TimerEvent: {}
[18.778615] (-) TimerEvent: {}
[18.879226] (-) TimerEvent: {}
[18.980096] (-) TimerEvent: {}
[19.080872] (-) TimerEvent: {}
[19.184236] (-) TimerEvent: {}
[19.284721] (-) TimerEvent: {}
[19.385339] (-) TimerEvent: {}
[19.486686] (-) TimerEvent: {}
[19.590296] (-) TimerEvent: {}
[19.691311] (-) TimerEvent: {}
[19.800676] (-) TimerEvent: {}
[19.905367] (-) TimerEvent: {}
[20.005873] (-) TimerEvent: {}
[20.106901] (-) TimerEvent: {}
[20.207983] (-) TimerEvent: {}
[20.310239] (-) TimerEvent: {}
[20.412066] (-) TimerEvent: {}
[20.514247] (-) TimerEvent: {}
[20.617367] (-) TimerEvent: {}
[20.727373] (-) TimerEvent: {}
[20.829243] (-) TimerEvent: {}
[20.932245] (-) TimerEvent: {}
[21.036034] (-) TimerEvent: {}
[21.137231] (-) TimerEvent: {}
[21.239656] (-) TimerEvent: {}
[21.347912] (-) TimerEvent: {}
[21.469257] (-) TimerEvent: {}
[21.569812] (-) TimerEvent: {}
[21.679117] (-) TimerEvent: {}
[21.790225] (-) TimerEvent: {}
[21.846889] (eufs_msgs) StdoutLine: {'line': b'\x1b[35m\x1b[1mScanning dependencies of target eufs_msgs__rosidl_generator_c\x1b[0m\n'}
[21.891238] (-) TimerEvent: {}
[21.991738] (-) TimerEvent: {}
[22.056205] (eufs_msgs) StdoutLine: {'line': b'[  0%] \x1b[32mBuilding C object CMakeFiles/eufs_msgs__rosidl_generator_c.dir/rosidl_generator_c/eufs_msgs/msg/detail/can_state__functions.c.o\x1b[0m\n'}
[22.074240] (eufs_msgs) StdoutLine: {'line': b'[  0%] \x1b[32mBuilding C object CMakeFiles/eufs_msgs__rosidl_generator_c.dir/rosidl_generator_c/eufs_msgs/msg/detail/car_state__functions.c.o\x1b[0m\n'}
[22.075290] (eufs_msgs) StdoutLine: {'line': b'[  1%] \x1b[32mBuilding C object CMakeFiles/eufs_msgs__rosidl_generator_c.dir/rosidl_generator_c/eufs_msgs/msg/detail/bounding_boxes__functions.c.o\x1b[0m\n'}
[22.083763] (eufs_msgs) StdoutLine: {'line': b'[  1%] \x1b[32mBuilding C object CMakeFiles/eufs_msgs__rosidl_generator_c.dir/rosidl_generator_c/eufs_msgs/msg/detail/car_forces__functions.c.o\x1b[0m\n'}
[22.093271] (eufs_msgs) StdoutLine: {'line': b'[  1%] \x1b[32mBuilding C object CMakeFiles/eufs_msgs__rosidl_generator_c.dir/rosidl_generator_c/eufs_msgs/msg/detail/bounding_box__functions.c.o\x1b[0m\n'}
[22.093813] (-) TimerEvent: {}
[22.198241] (-) TimerEvent: {}
[22.222326] (eufs_msgs) StdoutLine: {'line': b'[  1%] \x1b[32mBuilding C object CMakeFiles/eufs_msgs__rosidl_generator_c.dir/rosidl_generator_c/eufs_msgs/msg/detail/chassis_command__functions.c.o\x1b[0m\n'}
[22.286209] (eufs_msgs) StdoutLine: {'line': b'[  1%] \x1b[32mBuilding C object CMakeFiles/eufs_msgs__rosidl_generator_c.dir/rosidl_generator_c/eufs_msgs/msg/detail/chassis_state__functions.c.o\x1b[0m\n'}
[22.298367] (-) TimerEvent: {}
[22.303329] (eufs_msgs) StdoutLine: {'line': b'[  2%] \x1b[32mBuilding C object CMakeFiles/eufs_msgs__rosidl_generator_c.dir/rosidl_generator_c/eufs_msgs/msg/detail/cone_array__functions.c.o\x1b[0m\n'}
[22.332560] (eufs_msgs) StdoutLine: {'line': b'[  2%] \x1b[32mBuilding C object CMakeFiles/eufs_msgs__rosidl_generator_c.dir/rosidl_generator_c/eufs_msgs/msg/detail/cone_array_with_covariance__functions.c.o\x1b[0m\n'}
[22.332955] (eufs_msgs) StdoutLine: {'line': b'[  2%] \x1b[32mBuilding C object CMakeFiles/eufs_msgs__rosidl_generator_c.dir/rosidl_generator_c/eufs_msgs/msg/detail/cone_array_with_covariance_plus__functions.c.o\x1b[0m\n'}
[22.399262] (-) TimerEvent: {}
[22.415059] (eufs_msgs) StdoutLine: {'line': b'[  2%] \x1b[32mBuilding C object CMakeFiles/eufs_msgs__rosidl_generator_c.dir/rosidl_generator_c/eufs_msgs/msg/detail/cone_with_covariance__functions.c.o\x1b[0m\n'}
[22.478131] (eufs_msgs) StdoutLine: {'line': b'[  3%] \x1b[32mBuilding C object CMakeFiles/eufs_msgs__rosidl_generator_c.dir/rosidl_generator_c/eufs_msgs/msg/detail/cone_association__functions.c.o\x1b[0m\n'}
[22.484711] (eufs_msgs) StdoutLine: {'line': b'[  3%] \x1b[32mBuilding C object CMakeFiles/eufs_msgs__rosidl_generator_c.dir/rosidl_generator_c/eufs_msgs/msg/detail/cone_with_covariance_plus__functions.c.o\x1b[0m\n'}
[22.499392] (-) TimerEvent: {}
[22.533859] (eufs_msgs) StdoutLine: {'line': b'[  3%] \x1b[32mBuilding C object CMakeFiles/eufs_msgs__rosidl_generator_c.dir/rosidl_generator_c/eufs_msgs/msg/detail/cone_association_array__functions.c.o\x1b[0m\n'}
[22.568138] (eufs_msgs) StdoutLine: {'line': b'[  3%] \x1b[32mBuilding C object CMakeFiles/eufs_msgs__rosidl_generator_c.dir/rosidl_generator_c/eufs_msgs/msg/detail/cone_association_array_array_stamped__functions.c.o\x1b[0m\n'}
[22.600250] (-) TimerEvent: {}
[22.628451] (eufs_msgs) StdoutLine: {'line': b'[  3%] \x1b[32mBuilding C object CMakeFiles/eufs_msgs__rosidl_generator_c.dir/rosidl_generator_c/eufs_msgs/msg/detail/cone_association_array_stamped__functions.c.o\x1b[0m\n'}
[22.641343] (eufs_msgs) StdoutLine: {'line': b'[  3%] \x1b[32mBuilding C object CMakeFiles/eufs_msgs__rosidl_generator_c.dir/rosidl_generator_c/eufs_msgs/msg/detail/costmap__functions.c.o\x1b[0m\n'}
[22.685001] (eufs_msgs) StdoutLine: {'line': b'[  3%] \x1b[32mBuilding C object CMakeFiles/eufs_msgs__rosidl_generator_c.dir/rosidl_generator_c/eufs_msgs/msg/detail/cpu_usage__functions.c.o\x1b[0m\n'}
[22.688409] (eufs_msgs) StdoutLine: {'line': b'[  4%] \x1b[32mBuilding C object CMakeFiles/eufs_msgs__rosidl_generator_c.dir/rosidl_generator_c/eufs_msgs/msg/detail/cpu_status__functions.c.o\x1b[0m\n'}
[22.700387] (-) TimerEvent: {}
[22.785225] (eufs_msgs) StdoutLine: {'line': b'[  4%] \x1b[32mBuilding C object CMakeFiles/eufs_msgs__rosidl_generator_c.dir/rosidl_generator_c/eufs_msgs/msg/detail/ekf_err__functions.c.o\x1b[0m\n'}
[22.800527] (-) TimerEvent: {}
[22.854272] (eufs_msgs) StdoutLine: {'line': b'[  4%] \x1b[32mBuilding C object CMakeFiles/eufs_msgs__rosidl_generator_c.dir/rosidl_generator_c/eufs_msgs/msg/detail/full_state__functions.c.o\x1b[0m\n'}
[22.858837] (eufs_msgs) StdoutLine: {'line': b'[  4%] \x1b[32mBuilding C object CMakeFiles/eufs_msgs__rosidl_generator_c.dir/rosidl_generator_c/eufs_msgs/msg/detail/ekf_state__functions.c.o\x1b[0m\n'}
[22.900666] (-) TimerEvent: {}
[23.002285] (-) TimerEvent: {}
[23.005360] (eufs_msgs) StdoutLine: {'line': b'[  5%] \x1b[32mBuilding C object CMakeFiles/eufs_msgs__rosidl_generator_c.dir/rosidl_generator_c/eufs_msgs/msg/detail/integration_err__functions.c.o\x1b[0m\n'}
[23.009315] (eufs_msgs) StdoutLine: {'line': b'[  5%] \x1b[32mBuilding C object CMakeFiles/eufs_msgs__rosidl_generator_c.dir/rosidl_generator_c/eufs_msgs/msg/detail/heartbeat__functions.c.o\x1b[0m\n'}
[23.042382] (eufs_msgs) StdoutLine: {'line': b'[  5%] \x1b[32mBuilding C object CMakeFiles/eufs_msgs__rosidl_generator_c.dir/rosidl_generator_c/eufs_msgs/msg/detail/lap_stats__functions.c.o\x1b[0m\n'}
[23.090261] (eufs_msgs) StdoutLine: {'line': b'[  5%] \x1b[32mBuilding C object CMakeFiles/eufs_msgs__rosidl_generator_c.dir/rosidl_generator_c/eufs_msgs/msg/detail/mpc_state__functions.c.o\x1b[0m\n'}
[23.104254] (-) TimerEvent: {}
[23.144328] (eufs_msgs) StdoutLine: {'line': b'[  5%] \x1b[32mBuilding C object CMakeFiles/eufs_msgs__rosidl_generator_c.dir/rosidl_generator_c/eufs_msgs/msg/detail/node_state__functions.c.o\x1b[0m\n'}
[23.204393] (-) TimerEvent: {}
[23.280511] (eufs_msgs) StdoutLine: {'line': b'[  5%] \x1b[32mBuilding C object CMakeFiles/eufs_msgs__rosidl_generator_c.dir/rosidl_generator_c/eufs_msgs/msg/detail/node_state_array__functions.c.o\x1b[0m\n'}
[23.293530] (eufs_msgs) StdoutLine: {'line': b'[  5%] \x1b[32mBuilding C object CMakeFiles/eufs_msgs__rosidl_generator_c.dir/rosidl_generator_c/eufs_msgs/msg/detail/particle__functions.c.o\x1b[0m\n'}
[23.296737] (eufs_msgs) StdoutLine: {'line': b'[  6%] \x1b[32mBuilding C object CMakeFiles/eufs_msgs__rosidl_generator_c.dir/rosidl_generator_c/eufs_msgs/msg/detail/oss__functions.c.o\x1b[0m\n'}
[23.304502] (-) TimerEvent: {}
[23.327404] (eufs_msgs) StdoutLine: {'line': b'[  6%] \x1b[32mBuilding C object CMakeFiles/eufs_msgs__rosidl_generator_c.dir/rosidl_generator_c/eufs_msgs/msg/detail/particle_slam__functions.c.o\x1b[0m\n'}
[23.340196] (eufs_msgs) StdoutLine: {'line': b'[  6%] \x1b[32mBuilding C object CMakeFiles/eufs_msgs__rosidl_generator_c.dir/rosidl_generator_c/eufs_msgs/msg/detail/particle_slam_stamped__functions.c.o\x1b[0m\n'}
[23.404656] (-) TimerEvent: {}
[23.446422] (eufs_msgs) StdoutLine: {'line': b'[  6%] \x1b[32mBuilding C object CMakeFiles/eufs_msgs__rosidl_generator_c.dir/rosidl_generator_c/eufs_msgs/msg/detail/particle_stamped__functions.c.o\x1b[0m\n'}
[23.459336] (eufs_msgs) StdoutLine: {'line': b'[  6%] \x1b[32mBuilding C object CMakeFiles/eufs_msgs__rosidl_generator_c.dir/rosidl_generator_c/eufs_msgs/msg/detail/path_integral_params__functions.c.o\x1b[0m\n'}
[23.506251] (-) TimerEvent: {}
[23.518263] (eufs_msgs) StdoutLine: {'line': b'[  7%] \x1b[32mBuilding C object CMakeFiles/eufs_msgs__rosidl_generator_c.dir/rosidl_generator_c/eufs_msgs/msg/detail/path_integral_stats__functions.c.o\x1b[0m\n'}
[23.583826] (eufs_msgs) StdoutLine: {'line': b'[  7%] \x1b[32mBuilding C object CMakeFiles/eufs_msgs__rosidl_generator_c.dir/rosidl_generator_c/eufs_msgs/msg/detail/path_integral_timing__functions.c.o\x1b[0m\n'}
[23.597655] (eufs_msgs) StdoutLine: {'line': b'[  7%] \x1b[32mBuilding C object CMakeFiles/eufs_msgs__rosidl_generator_c.dir/rosidl_generator_c/eufs_msgs/msg/detail/path_integral_status__functions.c.o\x1b[0m\n'}
[23.607381] (-) TimerEvent: {}
[23.668515] (eufs_msgs) StdoutLine: {'line': b'[  7%] \x1b[32mBuilding C object CMakeFiles/eufs_msgs__rosidl_generator_c.dir/rosidl_generator_c/eufs_msgs/msg/detail/planning_mode__functions.c.o\x1b[0m\n'}
[23.675192] (eufs_msgs) StdoutLine: {'line': b'[  7%] \x1b[32mBuilding C object CMakeFiles/eufs_msgs__rosidl_generator_c.dir/rosidl_generator_c/eufs_msgs/msg/detail/point_array__functions.c.o\x1b[0m\n'}
[23.708561] (eufs_msgs) StdoutLine: {'line': b'[  8%] \x1b[32mBuilding C object CMakeFiles/eufs_msgs__rosidl_generator_c.dir/rosidl_generator_c/eufs_msgs/msg/detail/point_array_stamped__functions.c.o\x1b[0m\n'}
[23.708941] (-) TimerEvent: {}
[23.775173] (eufs_msgs) StdoutLine: {'line': b'[  8%] \x1b[32mBuilding C object CMakeFiles/eufs_msgs__rosidl_generator_c.dir/rosidl_generator_c/eufs_msgs/msg/detail/pure_pursuit_checkpoint__functions.c.o\x1b[0m\n'}
[23.785459] (eufs_msgs) StdoutLine: {'line': b'[  8%] \x1b[32mBuilding C object CMakeFiles/eufs_msgs__rosidl_generator_c.dir/rosidl_generator_c/eufs_msgs/msg/detail/pure_pursuit_checkpoint_array_stamped__functions.c.o\x1b[0m\n'}
[23.809116] (-) TimerEvent: {}
[23.825938] (eufs_msgs) StdoutLine: {'line': b'[  8%] \x1b[32mBuilding C object CMakeFiles/eufs_msgs__rosidl_generator_c.dir/rosidl_generator_c/eufs_msgs/msg/detail/runstop__functions.c.o\x1b[0m\n'}
[23.872225] (eufs_msgs) StdoutLine: {'line': b'[  8%] \x1b[32mBuilding C object CMakeFiles/eufs_msgs__rosidl_generator_c.dir/rosidl_generator_c/eufs_msgs/msg/detail/slam_err__functions.c.o\x1b[0m\n'}
[23.911286] (-) TimerEvent: {}
[23.965808] (eufs_msgs) StdoutLine: {'line': b'[  8%] \x1b[32mBuilding C object CMakeFiles/eufs_msgs__rosidl_generator_c.dir/rosidl_generator_c/eufs_msgs/msg/detail/slam_state__functions.c.o\x1b[0m\n'}
[23.978651] (eufs_msgs) StdoutLine: {'line': b'[  9%] \x1b[32mBuilding C object CMakeFiles/eufs_msgs__rosidl_generator_c.dir/rosidl_generator_c/eufs_msgs/msg/detail/state_machine_state__functions.c.o\x1b[0m\n'}
[23.991954] (eufs_msgs) StdoutLine: {'line': b'[  9%] \x1b[32mBuilding C object CMakeFiles/eufs_msgs__rosidl_generator_c.dir/rosidl_generator_c/eufs_msgs/msg/detail/stereo_image__functions.c.o\x1b[0m\n'}
[24.011994] (-) TimerEvent: {}
[24.051470] (eufs_msgs) StdoutLine: {'line': b'[  9%] \x1b[32mBuilding C object CMakeFiles/eufs_msgs__rosidl_generator_c.dir/rosidl_generator_c/eufs_msgs/msg/detail/system_status__functions.c.o\x1b[0m\n'}
[24.051989] (eufs_msgs) StdoutLine: {'line': b'[  9%] \x1b[32mBuilding C object CMakeFiles/eufs_msgs__rosidl_generator_c.dir/rosidl_generator_c/eufs_msgs/msg/detail/topic_status__functions.c.o\x1b[0m\n'}
[24.112137] (-) TimerEvent: {}
[24.146278] (eufs_msgs) StdoutLine: {'line': b'[  9%] \x1b[32mBuilding C object CMakeFiles/eufs_msgs__rosidl_generator_c.dir/rosidl_generator_c/eufs_msgs/msg/detail/vehicle_commands__functions.c.o\x1b[0m\n'}
[24.203282] (eufs_msgs) StdoutLine: {'line': b'[ 10%] \x1b[32mBuilding C object CMakeFiles/eufs_msgs__rosidl_generator_c.dir/rosidl_generator_c/eufs_msgs/msg/detail/vehicle_commands_stamped__functions.c.o\x1b[0m\n'}
[24.212322] (-) TimerEvent: {}
[24.220359] (eufs_msgs) StdoutLine: {'line': b'[ 10%] \x1b[32mBuilding C object CMakeFiles/eufs_msgs__rosidl_generator_c.dir/rosidl_generator_c/eufs_msgs/msg/detail/waypoint__functions.c.o\x1b[0m\n'}
[24.237521] (eufs_msgs) StdoutLine: {'line': b'[ 10%] \x1b[32mBuilding C object CMakeFiles/eufs_msgs__rosidl_generator_c.dir/rosidl_generator_c/eufs_msgs/msg/detail/waypoint_array_stamped__functions.c.o\x1b[0m\n'}
[24.282266] (eufs_msgs) StdoutLine: {'line': b'[ 10%] \x1b[32mBuilding C object CMakeFiles/eufs_msgs__rosidl_generator_c.dir/rosidl_generator_c/eufs_msgs/msg/detail/wheel_odometry_err__functions.c.o\x1b[0m\n'}
[24.312462] (-) TimerEvent: {}
[24.350370] (eufs_msgs) StdoutLine: {'line': b'[ 10%] \x1b[32mBuilding C object CMakeFiles/eufs_msgs__rosidl_generator_c.dir/rosidl_generator_c/eufs_msgs/msg/detail/wheel_speeds__functions.c.o\x1b[0m\n'}
[24.387322] (eufs_msgs) StdoutLine: {'line': b'[ 11%] \x1b[32mBuilding C object CMakeFiles/eufs_msgs__rosidl_generator_c.dir/rosidl_generator_c/eufs_msgs/msg/detail/wheel_speeds_stamped__functions.c.o\x1b[0m\n'}
[24.412603] (-) TimerEvent: {}
[24.458558] (eufs_msgs) StdoutLine: {'line': b'[ 11%] \x1b[32mBuilding C object CMakeFiles/eufs_msgs__rosidl_generator_c.dir/rosidl_generator_c/eufs_msgs/action/detail/check_for_objects__functions.c.o\x1b[0m\n'}
[24.481397] (eufs_msgs) StdoutLine: {'line': b'[ 11%] \x1b[32mBuilding C object CMakeFiles/eufs_msgs__rosidl_generator_c.dir/rosidl_generator_c/eufs_msgs/srv/detail/record_start__functions.c.o\x1b[0m\n'}
[24.513241] (-) TimerEvent: {}
[24.520016] (eufs_msgs) StdoutLine: {'line': b'[ 11%] \x1b[32mBuilding C object CMakeFiles/eufs_msgs__rosidl_generator_c.dir/rosidl_generator_c/eufs_msgs/srv/detail/record_stop__functions.c.o\x1b[0m\n'}
[24.547830] (eufs_msgs) StdoutLine: {'line': b'[ 11%] \x1b[32mBuilding C object CMakeFiles/eufs_msgs__rosidl_generator_c.dir/rosidl_generator_c/eufs_msgs/srv/detail/register__functions.c.o\x1b[0m\n'}
[24.560285] (eufs_msgs) StdoutLine: {'line': b'[ 11%] \x1b[32mBuilding C object CMakeFiles/eufs_msgs__rosidl_generator_c.dir/rosidl_generator_c/eufs_msgs/srv/detail/set_can_state__functions.c.o\x1b[0m\n'}
[24.613375] (-) TimerEvent: {}
[24.692351] (eufs_msgs) StdoutLine: {'line': b'[ 12%] \x1b[32mBuilding C object CMakeFiles/eufs_msgs__rosidl_generator_c.dir/rosidl_generator_c/eufs_msgs/srv/detail/set_string__functions.c.o\x1b[0m\n'}
[24.699225] (eufs_msgs) StdoutLine: {'line': b'[ 12%] \x1b[32mBuilding C object CMakeFiles/eufs_msgs__rosidl_generator_c.dir/rosidl_generator_c/eufs_msgs/srv/detail/set_track__functions.c.o\x1b[0m\n'}
[24.713853] (-) TimerEvent: {}
[24.772757] (eufs_msgs) StdoutLine: {'line': b'[ 12%] \x1b[32mBuilding C object CMakeFiles/eufs_msgs__rosidl_generator_c.dir/rosidl_generator_c/eufs_msgs/srv/detail/set_mission__functions.c.o\x1b[0m\n'}
[24.813994] (-) TimerEvent: {}
[24.817343] (eufs_msgs) StdoutLine: {'line': b'[ 12%] \x1b[32mBuilding C object CMakeFiles/eufs_msgs__rosidl_generator_c.dir/rosidl_generator_c/eufs_msgs/srv/detail/get_map__functions.c.o\x1b[0m\n'}
[24.914255] (-) TimerEvent: {}
[24.967768] (eufs_msgs) StdoutLine: {'line': b'[ 12%] \x1b[32m\x1b[1mLinking C shared library libeufs_msgs__rosidl_generator_c.so\x1b[0m\n'}
[25.014262] (-) TimerEvent: {}
[25.116577] (-) TimerEvent: {}
[25.175795] (eufs_msgs) StdoutLine: {'line': b'[ 12%] Built target eufs_msgs__rosidl_generator_c\n'}
[25.216704] (-) TimerEvent: {}
[25.226625] (eufs_msgs) StdoutLine: {'line': b'[ 13%] \x1b[34m\x1b[1mGenerating C type support dispatch for ROS interfaces\x1b[0m\n'}
[25.227546] (eufs_msgs) StdoutLine: {'line': b'[ 14%] \x1b[34m\x1b[1mGenerating C introspection for ROS interfaces\x1b[0m\n'}
[25.317234] (-) TimerEvent: {}
[25.418234] (-) TimerEvent: {}
[25.518780] (-) TimerEvent: {}
[25.622362] (-) TimerEvent: {}
[25.722891] (-) TimerEvent: {}
[25.823407] (-) TimerEvent: {}
[25.924248] (-) TimerEvent: {}
[26.025073] (-) TimerEvent: {}
[26.127360] (-) TimerEvent: {}
[26.229227] (-) TimerEvent: {}
[26.331989] (-) TimerEvent: {}
[26.436269] (-) TimerEvent: {}
[26.538832] (-) TimerEvent: {}
[26.641195] (-) TimerEvent: {}
[26.742418] (-) TimerEvent: {}
[26.845270] (-) TimerEvent: {}
[26.946426] (-) TimerEvent: {}
[27.049352] (-) TimerEvent: {}
[27.154652] (-) TimerEvent: {}
[27.255552] (-) TimerEvent: {}
[27.356713] (-) TimerEvent: {}
[27.460451] (-) TimerEvent: {}
[27.561245] (-) TimerEvent: {}
[27.661825] (-) TimerEvent: {}
[27.696997] (eufs_msgs) StdoutLine: {'line': b'\x1b[35m\x1b[1mScanning dependencies of target eufs_msgs__rosidl_typesupport_cpp\x1b[0m\n'}
[27.763127] (-) TimerEvent: {}
[27.865367] (-) TimerEvent: {}
[27.887330] (eufs_msgs) StdoutLine: {'line': b'[ 15%] \x1b[32mBuilding CXX object CMakeFiles/eufs_msgs__rosidl_typesupport_cpp.dir/rosidl_typesupport_cpp/eufs_msgs/msg/bounding_boxes__type_support.cpp.o\x1b[0m\n'}
[27.892724] (eufs_msgs) StdoutLine: {'line': b'[ 15%] \x1b[32mBuilding CXX object CMakeFiles/eufs_msgs__rosidl_typesupport_cpp.dir/rosidl_typesupport_cpp/eufs_msgs/msg/can_state__type_support.cpp.o\x1b[0m\n'}
[27.900309] (eufs_msgs) StdoutLine: {'line': b'[ 15%] \x1b[32mBuilding CXX object CMakeFiles/eufs_msgs__rosidl_typesupport_cpp.dir/rosidl_typesupport_cpp/eufs_msgs/msg/car_forces__type_support.cpp.o\x1b[0m\n'}
[27.907338] (eufs_msgs) StdoutLine: {'line': b'[ 15%] \x1b[32mBuilding CXX object CMakeFiles/eufs_msgs__rosidl_typesupport_cpp.dir/rosidl_typesupport_cpp/eufs_msgs/msg/bounding_box__type_support.cpp.o\x1b[0m\n'}
[27.965508] (-) TimerEvent: {}
[28.067231] (-) TimerEvent: {}
[28.167736] (-) TimerEvent: {}
[28.269358] (-) TimerEvent: {}
[28.371376] (-) TimerEvent: {}
[28.471892] (-) TimerEvent: {}
[28.574246] (-) TimerEvent: {}
[28.676258] (-) TimerEvent: {}
[28.777251] (-) TimerEvent: {}
[28.883258] (-) TimerEvent: {}
[28.904049] (eufs_msgs) StdoutLine: {'line': b'[ 15%] \x1b[32mBuilding CXX object CMakeFiles/eufs_msgs__rosidl_typesupport_cpp.dir/rosidl_typesupport_cpp/eufs_msgs/msg/car_state__type_support.cpp.o\x1b[0m\n'}
[28.985786] (-) TimerEvent: {}
[29.064679] (eufs_msgs) StdoutLine: {'line': b'[ 15%] \x1b[32mBuilding CXX object CMakeFiles/eufs_msgs__rosidl_typesupport_cpp.dir/rosidl_typesupport_cpp/eufs_msgs/msg/chassis_command__type_support.cpp.o\x1b[0m\n'}
[29.085933] (-) TimerEvent: {}
[29.187173] (-) TimerEvent: {}
[29.291401] (-) TimerEvent: {}
[29.295536] (eufs_msgs) StdoutLine: {'line': b'[ 16%] \x1b[32mBuilding CXX object CMakeFiles/eufs_msgs__rosidl_typesupport_cpp.dir/rosidl_typesupport_cpp/eufs_msgs/msg/chassis_state__type_support.cpp.o\x1b[0m\n'}
[29.392320] (-) TimerEvent: {}
[29.398606] (eufs_msgs) StdoutLine: {'line': b'[ 16%] \x1b[32mBuilding CXX object CMakeFiles/eufs_msgs__rosidl_typesupport_cpp.dir/rosidl_typesupport_cpp/eufs_msgs/msg/cone_array__type_support.cpp.o\x1b[0m\n'}
[29.493258] (-) TimerEvent: {}
[29.594250] (-) TimerEvent: {}
[29.696706] (-) TimerEvent: {}
[29.798261] (-) TimerEvent: {}
[29.902546] (-) TimerEvent: {}
[29.996608] (eufs_msgs) StdoutLine: {'line': b'[ 16%] \x1b[32mBuilding CXX object CMakeFiles/eufs_msgs__rosidl_typesupport_cpp.dir/rosidl_typesupport_cpp/eufs_msgs/msg/cone_array_with_covariance__type_support.cpp.o\x1b[0m\n'}
[30.003557] (-) TimerEvent: {}
[30.104124] (-) TimerEvent: {}
[30.204665] (-) TimerEvent: {}
[30.307232] (-) TimerEvent: {}
[30.375274] (eufs_msgs) StdoutLine: {'line': b'[ 16%] \x1b[32mBuilding CXX object CMakeFiles/eufs_msgs__rosidl_typesupport_cpp.dir/rosidl_typesupport_cpp/eufs_msgs/msg/cone_array_with_covariance_plus__type_support.cpp.o\x1b[0m\n'}
[30.380412] (eufs_msgs) StdoutLine: {'line': b'[ 16%] \x1b[32mBuilding CXX object CMakeFiles/eufs_msgs__rosidl_typesupport_cpp.dir/rosidl_typesupport_cpp/eufs_msgs/msg/cone_with_covariance__type_support.cpp.o\x1b[0m\n'}
[30.407742] (-) TimerEvent: {}
[30.514243] (-) TimerEvent: {}
[30.609344] (eufs_msgs) StdoutLine: {'line': b'[ 16%] \x1b[32mBuilding CXX object CMakeFiles/eufs_msgs__rosidl_typesupport_cpp.dir/rosidl_typesupport_cpp/eufs_msgs/msg/cone_with_covariance_plus__type_support.cpp.o\x1b[0m\n'}
[30.614368] (-) TimerEvent: {}
[30.717230] (-) TimerEvent: {}
[30.817732] (-) TimerEvent: {}
[30.918238] (-) TimerEvent: {}
[31.020664] (-) TimerEvent: {}
[31.098255] (eufs_msgs) StdoutLine: {'line': b'[ 17%] \x1b[32mBuilding CXX object CMakeFiles/eufs_msgs__rosidl_typesupport_cpp.dir/rosidl_typesupport_cpp/eufs_msgs/msg/cone_association__type_support.cpp.o\x1b[0m\n'}
[31.121241] (-) TimerEvent: {}
[31.263262] (-) TimerEvent: {}
[31.380001] (-) TimerEvent: {}
[31.491204] (-) TimerEvent: {}
[31.582249] (eufs_msgs) StdoutLine: {'line': b'[ 17%] \x1b[32mBuilding CXX object CMakeFiles/eufs_msgs__rosidl_typesupport_cpp.dir/rosidl_typesupport_cpp/eufs_msgs/msg/cone_association_array__type_support.cpp.o\x1b[0m\n'}
[31.592051] (-) TimerEvent: {}
[31.692585] (-) TimerEvent: {}
[31.796192] (-) TimerEvent: {}
[31.897549] (-) TimerEvent: {}
[31.976242] (eufs_msgs) StdoutLine: {'line': b'[ 17%] \x1b[32mBuilding CXX object CMakeFiles/eufs_msgs__rosidl_typesupport_cpp.dir/rosidl_typesupport_cpp/eufs_msgs/msg/cone_association_array_array_stamped__type_support.cpp.o\x1b[0m\n'}
[31.998236] (-) TimerEvent: {}
[32.022980] (eufs_msgs) StdoutLine: {'line': b'[ 17%] \x1b[32mBuilding CXX object CMakeFiles/eufs_msgs__rosidl_typesupport_cpp.dir/rosidl_typesupport_cpp/eufs_msgs/msg/cone_association_array_stamped__type_support.cpp.o\x1b[0m\n'}
[32.093221] (eufs_msgs) StdoutLine: {'line': b'[ 17%] \x1b[32mBuilding CXX object CMakeFiles/eufs_msgs__rosidl_typesupport_cpp.dir/rosidl_typesupport_cpp/eufs_msgs/msg/costmap__type_support.cpp.o\x1b[0m\n'}
[32.101240] (-) TimerEvent: {}
[32.201715] (-) TimerEvent: {}
[32.302649] (-) TimerEvent: {}
[32.406444] (-) TimerEvent: {}
[32.507323] (-) TimerEvent: {}
[32.633819] (-) TimerEvent: {}
[32.700056] (eufs_msgs) StdoutLine: {'line': b'[ 18%] \x1b[32mBuilding CXX object CMakeFiles/eufs_msgs__rosidl_typesupport_cpp.dir/rosidl_typesupport_cpp/eufs_msgs/msg/cpu_status__type_support.cpp.o\x1b[0m\n'}
[32.749252] (-) TimerEvent: {}
[32.851229] (-) TimerEvent: {}
[32.951728] (-) TimerEvent: {}
[33.052689] (-) TimerEvent: {}
[33.156237] (-) TimerEvent: {}
[33.234349] (eufs_msgs) StdoutLine: {'line': b'[ 18%] \x1b[32mBuilding CXX object CMakeFiles/eufs_msgs__rosidl_typesupport_cpp.dir/rosidl_typesupport_cpp/eufs_msgs/msg/cpu_usage__type_support.cpp.o\x1b[0m\n'}
[33.257245] (-) TimerEvent: {}
[33.341403] (eufs_msgs) StdoutLine: {'line': b'[ 18%] \x1b[32mBuilding CXX object CMakeFiles/eufs_msgs__rosidl_typesupport_cpp.dir/rosidl_typesupport_cpp/eufs_msgs/msg/ekf_err__type_support.cpp.o\x1b[0m\n'}
[33.358793] (-) TimerEvent: {}
[33.472922] (-) TimerEvent: {}
[33.564759] (eufs_msgs) StdoutLine: {'line': b'[ 18%] \x1b[32mBuilding CXX object CMakeFiles/eufs_msgs__rosidl_typesupport_cpp.dir/rosidl_typesupport_cpp/eufs_msgs/msg/ekf_state__type_support.cpp.o\x1b[0m\n'}
[33.573059] (-) TimerEvent: {}
[33.676754] (-) TimerEvent: {}
[33.694211] (eufs_msgs) StdoutLine: {'line': b'\x1b[35m\x1b[1mScanning dependencies of target eufs_msgs__rosidl_typesupport_introspection_cpp\x1b[0m\n'}
[33.776932] (-) TimerEvent: {}
[33.879253] (-) TimerEvent: {}
[33.987614] (eufs_msgs) StdoutLine: {'line': b'[ 19%] \x1b[32mBuilding CXX object CMakeFiles/eufs_msgs__rosidl_typesupport_introspection_cpp.dir/rosidl_typesupport_introspection_cpp/eufs_msgs/msg/detail/bounding_box__type_support.cpp.o\x1b[0m\n'}
[33.988025] (-) TimerEvent: {}
[34.029186] (eufs_msgs) StdoutLine: {'line': b'[ 19%] \x1b[32mBuilding CXX object CMakeFiles/eufs_msgs__rosidl_typesupport_cpp.dir/rosidl_typesupport_cpp/eufs_msgs/msg/full_state__type_support.cpp.o\x1b[0m\n'}
[34.090252] (-) TimerEvent: {}
[34.191109] (-) TimerEvent: {}
[34.296268] (-) TimerEvent: {}
[34.345611] (eufs_msgs) StdoutLine: {'line': b'[ 19%] \x1b[32mBuilding CXX object CMakeFiles/eufs_msgs__rosidl_typesupport_introspection_cpp.dir/rosidl_typesupport_introspection_cpp/eufs_msgs/msg/detail/bounding_boxes__type_support.cpp.o\x1b[0m\n'}
[34.396426] (-) TimerEvent: {}
[34.523240] (-) TimerEvent: {}
[34.585908] (eufs_msgs) StdoutLine: {'line': b'[ 19%] \x1b[32mBuilding CXX object CMakeFiles/eufs_msgs__rosidl_typesupport_introspection_cpp.dir/rosidl_typesupport_introspection_cpp/eufs_msgs/msg/detail/can_state__type_support.cpp.o\x1b[0m\n'}
[34.623378] (-) TimerEvent: {}
[34.675648] (eufs_msgs) StdoutLine: {'line': b'[ 19%] \x1b[32mBuilding CXX object CMakeFiles/eufs_msgs__rosidl_typesupport_cpp.dir/rosidl_typesupport_cpp/eufs_msgs/msg/heartbeat__type_support.cpp.o\x1b[0m\n'}
[34.749253] (-) TimerEvent: {}
[34.851283] (-) TimerEvent: {}
[34.962515] (-) TimerEvent: {}
[35.130276] (eufs_msgs) StdoutLine: {'line': b'[ 20%] \x1b[32mBuilding CXX object CMakeFiles/eufs_msgs__rosidl_typesupport_cpp.dir/rosidl_typesupport_cpp/eufs_msgs/msg/integration_err__type_support.cpp.o\x1b[0m\n'}
[35.130711] (-) TimerEvent: {}
[35.263274] (-) TimerEvent: {}
[35.363924] (-) TimerEvent: {}
[35.467332] (-) TimerEvent: {}
[35.559118] (eufs_msgs) StdoutLine: {'line': b'[ 20%] \x1b[32mBuilding CXX object CMakeFiles/eufs_msgs__rosidl_typesupport_cpp.dir/rosidl_typesupport_cpp/eufs_msgs/msg/lap_stats__type_support.cpp.o\x1b[0m\n'}
[35.566365] (-) TimerEvent: {}
[35.666921] (-) TimerEvent: {}
[35.683715] (eufs_msgs) StdoutLine: {'line': b'[ 20%] \x1b[32mBuilding CXX object CMakeFiles/eufs_msgs__rosidl_typesupport_introspection_cpp.dir/rosidl_typesupport_introspection_cpp/eufs_msgs/msg/detail/car_forces__type_support.cpp.o\x1b[0m\n'}
[35.746775] (eufs_msgs) StdoutLine: {'line': b'[ 20%] \x1b[32mBuilding CXX object CMakeFiles/eufs_msgs__rosidl_typesupport_cpp.dir/rosidl_typesupport_cpp/eufs_msgs/msg/node_state__type_support.cpp.o\x1b[0m\n'}
[35.770251] (-) TimerEvent: {}
[35.774989] (eufs_msgs) StdoutLine: {'line': b'[ 20%] \x1b[32mBuilding CXX object CMakeFiles/eufs_msgs__rosidl_typesupport_cpp.dir/rosidl_typesupport_cpp/eufs_msgs/msg/mpc_state__type_support.cpp.o\x1b[0m\n'}
[35.871264] (-) TimerEvent: {}
[35.972490] (-) TimerEvent: {}
[36.076285] (-) TimerEvent: {}
[36.179257] (-) TimerEvent: {}
[36.280007] (-) TimerEvent: {}
[36.380790] (-) TimerEvent: {}
[36.464486] (eufs_msgs) StdoutLine: {'line': b'[ 20%] \x1b[32mBuilding CXX object CMakeFiles/eufs_msgs__rosidl_typesupport_introspection_cpp.dir/rosidl_typesupport_introspection_cpp/eufs_msgs/msg/detail/car_state__type_support.cpp.o\x1b[0m\n'}
[36.481251] (-) TimerEvent: {}
[36.583310] (-) TimerEvent: {}
[36.623586] (eufs_msgs) StdoutLine: {'line': b'[ 20%] \x1b[32mBuilding CXX object CMakeFiles/eufs_msgs__rosidl_typesupport_introspection_cpp.dir/rosidl_typesupport_introspection_cpp/eufs_msgs/msg/detail/chassis_command__type_support.cpp.o\x1b[0m\n'}
[36.636648] (eufs_msgs) StdoutLine: {'line': b'[ 20%] \x1b[32mBuilding CXX object CMakeFiles/eufs_msgs__rosidl_typesupport_cpp.dir/rosidl_typesupport_cpp/eufs_msgs/msg/node_state_array__type_support.cpp.o\x1b[0m\n'}
[36.679394] (eufs_msgs) StdoutLine: {'line': b'[ 21%] \x1b[32mBuilding CXX object CMakeFiles/eufs_msgs__rosidl_typesupport_introspection_cpp.dir/rosidl_typesupport_introspection_cpp/eufs_msgs/msg/detail/chassis_state__type_support.cpp.o\x1b[0m\n'}
[36.683421] (-) TimerEvent: {}
[36.784060] (-) TimerEvent: {}
[36.815382] (eufs_msgs) StdoutLine: {'line': b'[ 21%] \x1b[32mBuilding CXX object CMakeFiles/eufs_msgs__rosidl_typesupport_introspection_cpp.dir/rosidl_typesupport_introspection_cpp/eufs_msgs/msg/detail/cone_array__type_support.cpp.o\x1b[0m\n'}
[36.884230] (-) TimerEvent: {}
[36.987683] (-) TimerEvent: {}
[37.088283] (-) TimerEvent: {}
[37.188884] (-) TimerEvent: {}
[37.290279] (-) TimerEvent: {}
[37.391587] (-) TimerEvent: {}
[37.498550] (-) TimerEvent: {}
[37.557752] (eufs_msgs) StdoutLine: {'line': b'\x1b[35m\x1b[1mScanning dependencies of target eufs_msgs__rosidl_typesupport_c\x1b[0m\n'}
[37.598687] (-) TimerEvent: {}
[37.623731] (eufs_msgs) StdoutLine: {'line': b'[ 22%] \x1b[32mBuilding CXX object CMakeFiles/eufs_msgs__rosidl_typesupport_cpp.dir/rosidl_typesupport_cpp/eufs_msgs/msg/oss__type_support.cpp.o\x1b[0m\n'}
[37.699259] (-) TimerEvent: {}
[37.723441] (eufs_msgs) StdoutLine: {'line': b'[ 22%] \x1b[32mBuilding CXX object CMakeFiles/eufs_msgs__rosidl_typesupport_c.dir/rosidl_typesupport_c/eufs_msgs/msg/bounding_box__type_support.cpp.o\x1b[0m\n'}
[37.799422] (-) TimerEvent: {}
[37.809480] (eufs_msgs) StdoutLine: {'line': b'[ 22%] \x1b[32mBuilding CXX object CMakeFiles/eufs_msgs__rosidl_typesupport_c.dir/rosidl_typesupport_c/eufs_msgs/msg/bounding_boxes__type_support.cpp.o\x1b[0m\n'}
[37.874377] (eufs_msgs) StdoutLine: {'line': b'[ 22%] \x1b[32mBuilding CXX object CMakeFiles/eufs_msgs__rosidl_typesupport_cpp.dir/rosidl_typesupport_cpp/eufs_msgs/msg/particle__type_support.cpp.o\x1b[0m\n'}
[37.901267] (-) TimerEvent: {}
[37.975995] (eufs_msgs) StdoutLine: {'line': b'[ 22%] \x1b[32mBuilding CXX object CMakeFiles/eufs_msgs__rosidl_typesupport_introspection_cpp.dir/rosidl_typesupport_introspection_cpp/eufs_msgs/msg/detail/cone_array_with_covariance__type_support.cpp.o\x1b[0m\n'}
[38.002262] (-) TimerEvent: {}
[38.082589] (eufs_msgs) StdoutLine: {'line': b'[ 22%] \x1b[32mBuilding CXX object CMakeFiles/eufs_msgs__rosidl_typesupport_c.dir/rosidl_typesupport_c/eufs_msgs/msg/can_state__type_support.cpp.o\x1b[0m\n'}
[38.103640] (-) TimerEvent: {}
[38.153792] (eufs_msgs) StdoutLine: {'line': b'[ 22%] \x1b[32mBuilding CXX object CMakeFiles/eufs_msgs__rosidl_typesupport_cpp.dir/rosidl_typesupport_cpp/eufs_msgs/msg/particle_slam__type_support.cpp.o\x1b[0m\n'}
[38.203803] (-) TimerEvent: {}
[38.265799] (eufs_msgs) StdoutLine: {'line': b'[ 22%] \x1b[32mBuilding CXX object CMakeFiles/eufs_msgs__rosidl_typesupport_c.dir/rosidl_typesupport_c/eufs_msgs/msg/car_forces__type_support.cpp.o\x1b[0m\n'}
[38.304274] (-) TimerEvent: {}
[38.409112] (-) TimerEvent: {}
[38.428626] (eufs_msgs) StdoutLine: {'line': b'[ 22%] \x1b[32mBuilding CXX object CMakeFiles/eufs_msgs__rosidl_typesupport_c.dir/rosidl_typesupport_c/eufs_msgs/msg/car_state__type_support.cpp.o\x1b[0m\n'}
[38.493737] (eufs_msgs) StdoutLine: {'line': b'[ 23%] \x1b[32mBuilding CXX object CMakeFiles/eufs_msgs__rosidl_typesupport_c.dir/rosidl_typesupport_c/eufs_msgs/msg/chassis_command__type_support.cpp.o\x1b[0m\n'}
[38.509266] (-) TimerEvent: {}
[38.595269] (eufs_msgs) StdoutLine: {'line': b'[ 23%] \x1b[32mBuilding CXX object CMakeFiles/eufs_msgs__rosidl_typesupport_cpp.dir/rosidl_typesupport_cpp/eufs_msgs/msg/particle_slam_stamped__type_support.cpp.o\x1b[0m\n'}
[38.609412] (-) TimerEvent: {}
[38.661538] (eufs_msgs) StdoutLine: {'line': b'[ 23%] \x1b[32mBuilding CXX object CMakeFiles/eufs_msgs__rosidl_typesupport_c.dir/rosidl_typesupport_c/eufs_msgs/msg/chassis_state__type_support.cpp.o\x1b[0m\n'}
[38.709565] (-) TimerEvent: {}
[38.761327] (eufs_msgs) StdoutLine: {'line': b'\x1b[35m\x1b[1mScanning dependencies of target eufs_msgs__rosidl_typesupport_fastrtps_cpp\x1b[0m\n'}
[38.797751] (eufs_msgs) StdoutLine: {'line': b'[ 23%] \x1b[32mBuilding CXX object CMakeFiles/eufs_msgs__rosidl_typesupport_c.dir/rosidl_typesupport_c/eufs_msgs/msg/cone_array__type_support.cpp.o\x1b[0m\n'}
[38.812855] (-) TimerEvent: {}
[38.913681] (-) TimerEvent: {}
[38.960418] (eufs_msgs) StdoutLine: {'line': b'[ 23%] \x1b[32mBuilding CXX object CMakeFiles/eufs_msgs__rosidl_typesupport_c.dir/rosidl_typesupport_c/eufs_msgs/msg/cone_array_with_covariance__type_support.cpp.o\x1b[0m\n'}
[38.974385] (eufs_msgs) StdoutLine: {'line': b'[ 23%] \x1b[32mBuilding CXX object CMakeFiles/eufs_msgs__rosidl_typesupport_introspection_cpp.dir/rosidl_typesupport_introspection_cpp/eufs_msgs/msg/detail/cone_array_with_covariance_plus__type_support.cpp.o\x1b[0m\n'}
[39.018286] (-) TimerEvent: {}
[39.091580] (eufs_msgs) StdoutLine: {'line': b'[ 23%] \x1b[32mBuilding CXX object CMakeFiles/eufs_msgs__rosidl_typesupport_c.dir/rosidl_typesupport_c/eufs_msgs/msg/cone_array_with_covariance_plus__type_support.cpp.o\x1b[0m\n'}
[39.102385] (eufs_msgs) StdoutLine: {'line': b'[ 24%] \x1b[32mBuilding CXX object CMakeFiles/eufs_msgs__rosidl_typesupport_fastrtps_cpp.dir/rosidl_typesupport_fastrtps_cpp/eufs_msgs/msg/detail/dds_fastrtps/bounding_boxes__type_support.cpp.o\x1b[0m\n'}
[39.118428] (-) TimerEvent: {}
[39.134624] (eufs_msgs) StdoutLine: {'line': b'[ 24%] \x1b[32mBuilding CXX object CMakeFiles/eufs_msgs__rosidl_typesupport_fastrtps_cpp.dir/rosidl_typesupport_fastrtps_cpp/eufs_msgs/msg/detail/dds_fastrtps/bounding_box__type_support.cpp.o\x1b[0m\n'}
[39.152467] (eufs_msgs) StdoutLine: {'line': b'[ 24%] \x1b[32mBuilding CXX object CMakeFiles/eufs_msgs__rosidl_typesupport_cpp.dir/rosidl_typesupport_cpp/eufs_msgs/msg/particle_stamped__type_support.cpp.o\x1b[0m\n'}
[39.196543] (eufs_msgs) StdoutLine: {'line': b'[ 24%] \x1b[32mBuilding CXX object CMakeFiles/eufs_msgs__rosidl_typesupport_introspection_cpp.dir/rosidl_typesupport_introspection_cpp/eufs_msgs/msg/detail/cone_with_covariance__type_support.cpp.o\x1b[0m\n'}
[39.215509] (eufs_msgs) StdoutLine: {'line': b'[ 25%] \x1b[32mBuilding CXX object CMakeFiles/eufs_msgs__rosidl_typesupport_c.dir/rosidl_typesupport_c/eufs_msgs/msg/cone_with_covariance__type_support.cpp.o\x1b[0m\n'}
[39.219757] (-) TimerEvent: {}
[39.320331] (-) TimerEvent: {}
[39.423495] (-) TimerEvent: {}
[39.452979] (eufs_msgs) StdoutLine: {'line': b'[ 25%] \x1b[32mBuilding CXX object CMakeFiles/eufs_msgs__rosidl_typesupport_c.dir/rosidl_typesupport_c/eufs_msgs/msg/cone_with_covariance_plus__type_support.cpp.o\x1b[0m\n'}
[39.523647] (-) TimerEvent: {}
[39.526124] (eufs_msgs) StdoutLine: {'line': b'[ 25%] \x1b[32mBuilding CXX object CMakeFiles/eufs_msgs__rosidl_typesupport_fastrtps_cpp.dir/rosidl_typesupport_fastrtps_cpp/eufs_msgs/msg/detail/dds_fastrtps/can_state__type_support.cpp.o\x1b[0m\n'}
[39.598391] (eufs_msgs) StdoutLine: {'line': b'[ 25%] \x1b[32mBuilding CXX object CMakeFiles/eufs_msgs__rosidl_typesupport_c.dir/rosidl_typesupport_c/eufs_msgs/msg/cone_association__type_support.cpp.o\x1b[0m\n'}
[39.623801] (-) TimerEvent: {}
[39.729330] (-) TimerEvent: {}
[39.838229] (-) TimerEvent: {}
[39.844522] (eufs_msgs) StdoutLine: {'line': b'[ 25%] \x1b[32mBuilding CXX object CMakeFiles/eufs_msgs__rosidl_typesupport_c.dir/rosidl_typesupport_c/eufs_msgs/msg/cone_association_array__type_support.cpp.o\x1b[0m\n'}
[39.939265] (-) TimerEvent: {}
[40.039866] (-) TimerEvent: {}
[40.068392] (eufs_msgs) StdoutLine: {'line': b'[ 25%] \x1b[32mBuilding CXX object CMakeFiles/eufs_msgs__rosidl_typesupport_c.dir/rosidl_typesupport_c/eufs_msgs/msg/cone_association_array_array_stamped__type_support.cpp.o\x1b[0m\n'}
[40.140275] (-) TimerEvent: {}
[40.190044] (eufs_msgs) StdoutLine: {'line': b'[ 25%] \x1b[32mBuilding CXX object CMakeFiles/eufs_msgs__rosidl_typesupport_c.dir/rosidl_typesupport_c/eufs_msgs/msg/cone_association_array_stamped__type_support.cpp.o\x1b[0m\n'}
[40.247328] (-) TimerEvent: {}
[40.351193] (-) TimerEvent: {}
[40.425307] (eufs_msgs) StdoutLine: {'line': b'[ 26%] \x1b[32mBuilding CXX object CMakeFiles/eufs_msgs__rosidl_typesupport_c.dir/rosidl_typesupport_c/eufs_msgs/msg/costmap__type_support.cpp.o\x1b[0m\n'}
[40.453276] (eufs_msgs) StdoutLine: {'line': b'[ 27%] \x1b[32mBuilding CXX object CMakeFiles/eufs_msgs__rosidl_typesupport_cpp.dir/rosidl_typesupport_cpp/eufs_msgs/msg/path_integral_params__type_support.cpp.o\x1b[0m\n'}
[40.453733] (-) TimerEvent: {}
[40.462529] (eufs_msgs) StdoutLine: {'line': b'[ 28%] \x1b[32mBuilding CXX object CMakeFiles/eufs_msgs__rosidl_typesupport_introspection_cpp.dir/rosidl_typesupport_introspection_cpp/eufs_msgs/msg/detail/cone_with_covariance_plus__type_support.cpp.o\x1b[0m\n'}
[40.554268] (-) TimerEvent: {}
[40.563321] (eufs_msgs) StdoutLine: {'line': b'[ 28%] \x1b[32mBuilding CXX object CMakeFiles/eufs_msgs__rosidl_typesupport_introspection_cpp.dir/rosidl_typesupport_introspection_cpp/eufs_msgs/msg/detail/cone_association__type_support.cpp.o\x1b[0m\n'}
[40.648076] (eufs_msgs) StdoutLine: {'line': b'[ 28%] \x1b[32mBuilding CXX object CMakeFiles/eufs_msgs__rosidl_typesupport_c.dir/rosidl_typesupport_c/eufs_msgs/msg/cpu_status__type_support.cpp.o\x1b[0m\n'}
[40.660144] (-) TimerEvent: {}
[40.760960] (-) TimerEvent: {}
[40.785769] (eufs_msgs) StdoutLine: {'line': b'[ 28%] \x1b[32mBuilding CXX object CMakeFiles/eufs_msgs__rosidl_typesupport_cpp.dir/rosidl_typesupport_cpp/eufs_msgs/msg/path_integral_stats__type_support.cpp.o\x1b[0m\n'}
[40.865767] (-) TimerEvent: {}
[40.891383] (eufs_msgs) StdoutLine: {'line': b'[ 28%] \x1b[32mBuilding CXX object CMakeFiles/eufs_msgs__rosidl_typesupport_c.dir/rosidl_typesupport_c/eufs_msgs/msg/ekf_err__type_support.cpp.o\x1b[0m\n'}
[40.941400] (eufs_msgs) StdoutLine: {'line': b'[ 28%] \x1b[32mBuilding CXX object CMakeFiles/eufs_msgs__rosidl_typesupport_c.dir/rosidl_typesupport_c/eufs_msgs/msg/cpu_usage__type_support.cpp.o\x1b[0m\n'}
[40.971275] (-) TimerEvent: {}
[40.994624] (eufs_msgs) StdoutLine: {'line': b'[ 28%] \x1b[32mBuilding CXX object CMakeFiles/eufs_msgs__rosidl_typesupport_introspection_cpp.dir/rosidl_typesupport_introspection_cpp/eufs_msgs/msg/detail/cone_association_array__type_support.cpp.o\x1b[0m\n'}
[41.071431] (-) TimerEvent: {}
[41.091748] (eufs_msgs) StdoutLine: {'line': b'[ 28%] \x1b[32mBuilding CXX object CMakeFiles/eufs_msgs__rosidl_typesupport_c.dir/rosidl_typesupport_c/eufs_msgs/msg/ekf_state__type_support.cpp.o\x1b[0m\n'}
[41.171597] (-) TimerEvent: {}
[41.230212] (eufs_msgs) StdoutLine: {'line': b'[ 29%] \x1b[32mBuilding CXX object CMakeFiles/eufs_msgs__rosidl_typesupport_c.dir/rosidl_typesupport_c/eufs_msgs/msg/full_state__type_support.cpp.o\x1b[0m\n'}
[41.271749] (-) TimerEvent: {}
[41.359284] (eufs_msgs) StdoutLine: {'line': b'[ 29%] \x1b[32mBuilding CXX object CMakeFiles/eufs_msgs__rosidl_typesupport_fastrtps_cpp.dir/rosidl_typesupport_fastrtps_cpp/eufs_msgs/msg/detail/dds_fastrtps/car_forces__type_support.cpp.o\x1b[0m\n'}
[41.372273] (-) TimerEvent: {}
[41.381124] (eufs_msgs) StdoutLine: {'line': b'[ 29%] \x1b[32mBuilding CXX object CMakeFiles/eufs_msgs__rosidl_typesupport_c.dir/rosidl_typesupport_c/eufs_msgs/msg/heartbeat__type_support.cpp.o\x1b[0m\n'}
[41.473328] (-) TimerEvent: {}
[41.491513] (eufs_msgs) StdoutLine: {'line': b'[ 29%] \x1b[32mBuilding CXX object CMakeFiles/eufs_msgs__rosidl_typesupport_c.dir/rosidl_typesupport_c/eufs_msgs/msg/integration_err__type_support.cpp.o\x1b[0m\n'}
[41.510285] (eufs_msgs) StdoutLine: {'line': b'[ 29%] \x1b[32mBuilding CXX object CMakeFiles/eufs_msgs__rosidl_typesupport_cpp.dir/rosidl_typesupport_cpp/eufs_msgs/msg/path_integral_status__type_support.cpp.o\x1b[0m\n'}
[41.568185] (eufs_msgs) StdoutLine: {'line': b'[ 29%] \x1b[32mBuilding CXX object CMakeFiles/eufs_msgs__rosidl_typesupport_fastrtps_cpp.dir/rosidl_typesupport_fastrtps_cpp/eufs_msgs/msg/detail/dds_fastrtps/car_state__type_support.cpp.o\x1b[0m\n'}
[41.573471] (-) TimerEvent: {}
[41.582409] (eufs_msgs) StdoutLine: {'line': b'[ 29%] \x1b[32mBuilding CXX object CMakeFiles/eufs_msgs__rosidl_typesupport_c.dir/rosidl_typesupport_c/eufs_msgs/msg/lap_stats__type_support.cpp.o\x1b[0m\n'}
[41.633273] (eufs_msgs) StdoutLine: {'line': b'[ 29%] \x1b[32mBuilding CXX object CMakeFiles/eufs_msgs__rosidl_typesupport_cpp.dir/rosidl_typesupport_cpp/eufs_msgs/msg/path_integral_timing__type_support.cpp.o\x1b[0m\n'}
[41.674261] (-) TimerEvent: {}
[41.718369] (eufs_msgs) StdoutLine: {'line': b'[ 29%] \x1b[32mBuilding CXX object CMakeFiles/eufs_msgs__rosidl_typesupport_c.dir/rosidl_typesupport_c/eufs_msgs/msg/mpc_state__type_support.cpp.o\x1b[0m\n'}
[41.741377] (eufs_msgs) StdoutLine: {'line': b'[ 29%] \x1b[32mBuilding CXX object CMakeFiles/eufs_msgs__rosidl_typesupport_introspection_cpp.dir/rosidl_typesupport_introspection_cpp/eufs_msgs/msg/detail/cone_association_array_array_stamped__type_support.cpp.o\x1b[0m\n'}
[41.777265] (-) TimerEvent: {}
[41.870049] (eufs_msgs) StdoutLine: {'line': b'[ 30%] \x1b[32mBuilding CXX object CMakeFiles/eufs_msgs__rosidl_typesupport_c.dir/rosidl_typesupport_c/eufs_msgs/msg/node_state__type_support.cpp.o\x1b[0m\n'}
[41.880196] (-) TimerEvent: {}
[41.981488] (-) TimerEvent: {}
[42.084309] (-) TimerEvent: {}
[42.160291] (eufs_msgs) StdoutLine: {'line': b'[ 30%] \x1b[32mBuilding CXX object CMakeFiles/eufs_msgs__rosidl_typesupport_c.dir/rosidl_typesupport_c/eufs_msgs/msg/node_state_array__type_support.cpp.o\x1b[0m\n'}
[42.184465] (-) TimerEvent: {}
[42.287476] (-) TimerEvent: {}
[42.291169] (eufs_msgs) StdoutLine: {'line': b'[ 30%] \x1b[32mBuilding CXX object CMakeFiles/eufs_msgs__rosidl_typesupport_c.dir/rosidl_typesupport_c/eufs_msgs/msg/oss__type_support.cpp.o\x1b[0m\n'}
[42.388274] (-) TimerEvent: {}
[42.393281] (eufs_msgs) StdoutLine: {'line': b'[ 30%] \x1b[32mBuilding CXX object CMakeFiles/eufs_msgs__rosidl_typesupport_introspection_cpp.dir/rosidl_typesupport_introspection_cpp/eufs_msgs/msg/detail/cone_association_array_stamped__type_support.cpp.o\x1b[0m\n'}
[42.400260] (eufs_msgs) StdoutLine: {'line': b'\x1b[35m\x1b[1mScanning dependencies of target eufs_msgs__rosidl_typesupport_introspection_c\x1b[0m\n'}
[42.444254] (eufs_msgs) StdoutLine: {'line': b'[ 30%] \x1b[32mBuilding CXX object CMakeFiles/eufs_msgs__rosidl_typesupport_c.dir/rosidl_typesupport_c/eufs_msgs/msg/particle__type_support.cpp.o\x1b[0m\n'}
[42.488422] (-) TimerEvent: {}
[42.590264] (-) TimerEvent: {}
[42.612467] (eufs_msgs) StdoutLine: {'line': b'[ 30%] \x1b[32mBuilding CXX object CMakeFiles/eufs_msgs__rosidl_typesupport_fastrtps_cpp.dir/rosidl_typesupport_fastrtps_cpp/eufs_msgs/msg/detail/dds_fastrtps/chassis_command__type_support.cpp.o\x1b[0m\n'}
[42.619721] (eufs_msgs) StdoutLine: {'line': b'[ 30%] \x1b[32mBuilding CXX object CMakeFiles/eufs_msgs__rosidl_typesupport_c.dir/rosidl_typesupport_c/eufs_msgs/msg/particle_slam__type_support.cpp.o\x1b[0m\n'}
[42.685116] (eufs_msgs) StdoutLine: {'line': b'[ 30%] \x1b[32mBuilding C object CMakeFiles/eufs_msgs__rosidl_typesupport_introspection_c.dir/rosidl_typesupport_introspection_c/eufs_msgs/msg/detail/bounding_box__type_support.c.o\x1b[0m\n'}
[42.690399] (-) TimerEvent: {}
[42.790949] (-) TimerEvent: {}
[42.832771] (eufs_msgs) StdoutLine: {'line': b'[ 30%] \x1b[32mBuilding C object CMakeFiles/eufs_msgs__rosidl_typesupport_introspection_c.dir/rosidl_typesupport_introspection_c/eufs_msgs/msg/detail/bounding_boxes__type_support.c.o\x1b[0m\n'}
[42.840365] (eufs_msgs) StdoutLine: {'line': b'[ 30%] \x1b[32mBuilding CXX object CMakeFiles/eufs_msgs__rosidl_typesupport_c.dir/rosidl_typesupport_c/eufs_msgs/msg/particle_slam_stamped__type_support.cpp.o\x1b[0m\n'}
[42.891281] (-) TimerEvent: {}
[42.993469] (-) TimerEvent: {}
[43.005095] (eufs_msgs) StdoutLine: {'line': b'[ 30%] \x1b[32mBuilding CXX object CMakeFiles/eufs_msgs__rosidl_typesupport_cpp.dir/rosidl_typesupport_cpp/eufs_msgs/msg/planning_mode__type_support.cpp.o\x1b[0m\n'}
[43.044701] (eufs_msgs) StdoutLine: {'line': b'[ 30%] \x1b[32mBuilding C object CMakeFiles/eufs_msgs__rosidl_typesupport_introspection_c.dir/rosidl_typesupport_introspection_c/eufs_msgs/msg/detail/can_state__type_support.c.o\x1b[0m\n'}
[43.058501] (eufs_msgs) StdoutLine: {'line': b'[ 31%] \x1b[32mBuilding CXX object CMakeFiles/eufs_msgs__rosidl_typesupport_c.dir/rosidl_typesupport_c/eufs_msgs/msg/particle_stamped__type_support.cpp.o\x1b[0m\n'}
[43.100281] (eufs_msgs) StdoutLine: {'line': b'[ 32%] \x1b[32mBuilding CXX object CMakeFiles/eufs_msgs__rosidl_typesupport_fastrtps_cpp.dir/rosidl_typesupport_fastrtps_cpp/eufs_msgs/msg/detail/dds_fastrtps/chassis_state__type_support.cpp.o\x1b[0m\n'}
[43.100716] (-) TimerEvent: {}
[43.180242] (eufs_msgs) StdoutLine: {'line': b'[ 32%] \x1b[32mBuilding C object CMakeFiles/eufs_msgs__rosidl_typesupport_introspection_c.dir/rosidl_typesupport_introspection_c/eufs_msgs/msg/detail/car_forces__type_support.c.o\x1b[0m\n'}
[43.188257] (eufs_msgs) StdoutLine: {'line': b'[ 32%] \x1b[32mBuilding CXX object CMakeFiles/eufs_msgs__rosidl_typesupport_introspection_cpp.dir/rosidl_typesupport_introspection_cpp/eufs_msgs/msg/detail/costmap__type_support.cpp.o\x1b[0m\n'}
[43.200885] (-) TimerEvent: {}
[43.241721] (eufs_msgs) StdoutLine: {'line': b'[ 32%] \x1b[32mBuilding CXX object CMakeFiles/eufs_msgs__rosidl_typesupport_c.dir/rosidl_typesupport_c/eufs_msgs/msg/path_integral_params__type_support.cpp.o\x1b[0m\n'}
[43.301030] (-) TimerEvent: {}
[43.363132] (eufs_msgs) StdoutLine: {'line': b'[ 33%] \x1b[32mBuilding C object CMakeFiles/eufs_msgs__rosidl_typesupport_introspection_c.dir/rosidl_typesupport_introspection_c/eufs_msgs/msg/detail/car_state__type_support.c.o\x1b[0m\n'}
[43.363714] (eufs_msgs) StdoutLine: {'line': b'[ 33%] \x1b[32mBuilding CXX object CMakeFiles/eufs_msgs__rosidl_typesupport_c.dir/rosidl_typesupport_c/eufs_msgs/msg/path_integral_stats__type_support.cpp.o\x1b[0m\n'}
[43.379868] (eufs_msgs) StdoutLine: {'line': b'[ 33%] \x1b[32mBuilding CXX object CMakeFiles/eufs_msgs__rosidl_typesupport_c.dir/rosidl_typesupport_c/eufs_msgs/msg/path_integral_status__type_support.cpp.o\x1b[0m\n'}
[43.401267] (-) TimerEvent: {}
[43.503468] (-) TimerEvent: {}
[43.537650] (eufs_msgs) StdoutLine: {'line': b'[ 33%] \x1b[32mBuilding C object CMakeFiles/eufs_msgs__rosidl_typesupport_introspection_c.dir/rosidl_typesupport_introspection_c/eufs_msgs/msg/detail/chassis_command__type_support.c.o\x1b[0m\n'}
[43.543504] (eufs_msgs) StdoutLine: {'line': b'[ 33%] \x1b[32mBuilding CXX object CMakeFiles/eufs_msgs__rosidl_typesupport_cpp.dir/rosidl_typesupport_cpp/eufs_msgs/msg/point_array__type_support.cpp.o\x1b[0m\n'}
[43.603617] (-) TimerEvent: {}
[43.620881] (eufs_msgs) StdoutLine: {'line': b'[ 33%] \x1b[32mBuilding CXX object CMakeFiles/eufs_msgs__rosidl_typesupport_c.dir/rosidl_typesupport_c/eufs_msgs/msg/path_integral_timing__type_support.cpp.o\x1b[0m\n'}
[43.704267] (-) TimerEvent: {}
[43.705374] (eufs_msgs) StdoutLine: {'line': b'[ 33%] \x1b[32mBuilding C object CMakeFiles/eufs_msgs__rosidl_typesupport_introspection_c.dir/rosidl_typesupport_introspection_c/eufs_msgs/msg/detail/chassis_state__type_support.c.o\x1b[0m\n'}
[43.715956] (eufs_msgs) StdoutLine: {'line': b'[ 34%] \x1b[32mBuilding CXX object CMakeFiles/eufs_msgs__rosidl_typesupport_c.dir/rosidl_typesupport_c/eufs_msgs/msg/planning_mode__type_support.cpp.o\x1b[0m\n'}
[43.805382] (-) TimerEvent: {}
[43.837764] (eufs_msgs) StdoutLine: {'line': b'[ 34%] \x1b[32mBuilding C object CMakeFiles/eufs_msgs__rosidl_typesupport_introspection_c.dir/rosidl_typesupport_introspection_c/eufs_msgs/msg/detail/cone_array__type_support.c.o\x1b[0m\n'}
[43.906007] (-) TimerEvent: {}
[43.942586] (eufs_msgs) StdoutLine: {'line': b'[ 34%] \x1b[32mBuilding CXX object CMakeFiles/eufs_msgs__rosidl_typesupport_c.dir/rosidl_typesupport_c/eufs_msgs/msg/point_array__type_support.cpp.o\x1b[0m\n'}
[43.978291] (eufs_msgs) StdoutLine: {'line': b'[ 34%] \x1b[32mBuilding C object CMakeFiles/eufs_msgs__rosidl_typesupport_introspection_c.dir/rosidl_typesupport_introspection_c/eufs_msgs/msg/detail/cone_array_with_covariance__type_support.c.o\x1b[0m\n'}
[44.006188] (-) TimerEvent: {}
[44.033108] (eufs_msgs) StdoutLine: {'line': b'[ 34%] \x1b[32mBuilding CXX object CMakeFiles/eufs_msgs__rosidl_typesupport_c.dir/rosidl_typesupport_c/eufs_msgs/msg/point_array_stamped__type_support.cpp.o\x1b[0m\n'}
[44.106373] (-) TimerEvent: {}
[44.113739] (eufs_msgs) StdoutLine: {'line': b'[ 34%] \x1b[32mBuilding C object CMakeFiles/eufs_msgs__rosidl_typesupport_introspection_c.dir/rosidl_typesupport_introspection_c/eufs_msgs/msg/detail/cone_array_with_covariance_plus__type_support.c.o\x1b[0m\n'}
[44.122026] (eufs_msgs) StdoutLine: {'line': b'[ 34%] \x1b[32mBuilding CXX object CMakeFiles/eufs_msgs__rosidl_typesupport_c.dir/rosidl_typesupport_c/eufs_msgs/msg/pure_pursuit_checkpoint__type_support.cpp.o\x1b[0m\n'}
[44.206527] (-) TimerEvent: {}
[44.212369] (eufs_msgs) StdoutLine: {'line': b'[ 34%] \x1b[32mBuilding CXX object CMakeFiles/eufs_msgs__rosidl_typesupport_c.dir/rosidl_typesupport_c/eufs_msgs/msg/pure_pursuit_checkpoint_array_stamped__type_support.cpp.o\x1b[0m\n'}
[44.219585] (eufs_msgs) StdoutLine: {'line': b'[ 35%] \x1b[32mBuilding C object CMakeFiles/eufs_msgs__rosidl_typesupport_introspection_c.dir/rosidl_typesupport_introspection_c/eufs_msgs/msg/detail/cone_with_covariance__type_support.c.o\x1b[0m\n'}
[44.307272] (-) TimerEvent: {}
[44.313023] (eufs_msgs) StdoutLine: {'line': b'[ 35%] \x1b[32mBuilding C object CMakeFiles/eufs_msgs__rosidl_typesupport_introspection_c.dir/rosidl_typesupport_introspection_c/eufs_msgs/msg/detail/cone_with_covariance_plus__type_support.c.o\x1b[0m\n'}
[44.313459] (eufs_msgs) StdoutLine: {'line': b'[ 35%] \x1b[32mBuilding CXX object CMakeFiles/eufs_msgs__rosidl_typesupport_c.dir/rosidl_typesupport_c/eufs_msgs/msg/runstop__type_support.cpp.o\x1b[0m\n'}
[44.350586] (eufs_msgs) StdoutLine: {'line': b'[ 36%] \x1b[32mBuilding CXX object CMakeFiles/eufs_msgs__rosidl_typesupport_introspection_cpp.dir/rosidl_typesupport_introspection_cpp/eufs_msgs/msg/detail/cpu_status__type_support.cpp.o\x1b[0m\n'}
[44.403245] (eufs_msgs) StdoutLine: {'line': b'[ 36%] \x1b[32mBuilding C object CMakeFiles/eufs_msgs__rosidl_typesupport_introspection_c.dir/rosidl_typesupport_introspection_c/eufs_msgs/msg/detail/cone_association__type_support.c.o\x1b[0m\n'}
[44.407396] (-) TimerEvent: {}
[44.408625] (eufs_msgs) StdoutLine: {'line': b'[ 37%] \x1b[32mBuilding CXX object CMakeFiles/eufs_msgs__rosidl_typesupport_c.dir/rosidl_typesupport_c/eufs_msgs/msg/slam_err__type_support.cpp.o\x1b[0m\n'}
[44.491823] (eufs_msgs) StdoutLine: {'line': b'[ 37%] \x1b[32mBuilding CXX object CMakeFiles/eufs_msgs__rosidl_typesupport_cpp.dir/rosidl_typesupport_cpp/eufs_msgs/msg/pure_pursuit_checkpoint__type_support.cpp.o\x1b[0m\n'}
[44.492667] (eufs_msgs) StdoutLine: {'line': b'[ 37%] \x1b[32mBuilding CXX object CMakeFiles/eufs_msgs__rosidl_typesupport_c.dir/rosidl_typesupport_c/eufs_msgs/msg/slam_state__type_support.cpp.o\x1b[0m\n'}
[44.501771] (eufs_msgs) StdoutLine: {'line': b'[ 37%] \x1b[32mBuilding C object CMakeFiles/eufs_msgs__rosidl_typesupport_introspection_c.dir/rosidl_typesupport_introspection_c/eufs_msgs/msg/detail/cone_association_array__type_support.c.o\x1b[0m\n'}
[44.519709] (-) TimerEvent: {}
[44.589689] (eufs_msgs) StdoutLine: {'line': b'[ 37%] \x1b[32mBuilding CXX object CMakeFiles/eufs_msgs__rosidl_typesupport_c.dir/rosidl_typesupport_c/eufs_msgs/msg/state_machine_state__type_support.cpp.o\x1b[0m\n'}
[44.621262] (-) TimerEvent: {}
[44.628631] (eufs_msgs) StdoutLine: {'line': b'[ 37%] \x1b[32mBuilding CXX object CMakeFiles/eufs_msgs__rosidl_typesupport_fastrtps_cpp.dir/rosidl_typesupport_fastrtps_cpp/eufs_msgs/msg/detail/dds_fastrtps/cone_array__type_support.cpp.o\x1b[0m\n'}
[44.629332] (eufs_msgs) StdoutLine: {'line': b'[ 38%] \x1b[32mBuilding C object CMakeFiles/eufs_msgs__rosidl_typesupport_introspection_c.dir/rosidl_typesupport_introspection_c/eufs_msgs/msg/detail/cone_association_array_stamped__type_support.c.o\x1b[0m\n'}
[44.678626] (eufs_msgs) StdoutLine: {'line': b'[ 38%] \x1b[32mBuilding CXX object CMakeFiles/eufs_msgs__rosidl_typesupport_c.dir/rosidl_typesupport_c/eufs_msgs/msg/stereo_image__type_support.cpp.o\x1b[0m\n'}
[44.721421] (-) TimerEvent: {}
[44.757926] (eufs_msgs) StdoutLine: {'line': b'[ 38%] \x1b[32mBuilding C object CMakeFiles/eufs_msgs__rosidl_typesupport_introspection_c.dir/rosidl_typesupport_introspection_c/eufs_msgs/msg/detail/cone_association_array_array_stamped__type_support.c.o\x1b[0m\n'}
[44.821795] (eufs_msgs) StdoutLine: {'line': b'[ 38%] \x1b[32mBuilding CXX object CMakeFiles/eufs_msgs__rosidl_typesupport_c.dir/rosidl_typesupport_c/eufs_msgs/msg/system_status__type_support.cpp.o\x1b[0m\n'}
[44.824772] (-) TimerEvent: {}
[44.864251] (eufs_msgs) StdoutLine: {'line': b'[ 38%] \x1b[32mBuilding C object CMakeFiles/eufs_msgs__rosidl_typesupport_introspection_c.dir/rosidl_typesupport_introspection_c/eufs_msgs/msg/detail/costmap__type_support.c.o\x1b[0m\n'}
[44.914403] (eufs_msgs) StdoutLine: {'line': b'[ 39%] \x1b[32mBuilding CXX object CMakeFiles/eufs_msgs__rosidl_typesupport_c.dir/rosidl_typesupport_c/eufs_msgs/msg/topic_status__type_support.cpp.o\x1b[0m\n'}
[44.924929] (-) TimerEvent: {}
[44.968174] (eufs_msgs) StdoutLine: {'line': b'[ 39%] \x1b[32mBuilding C object CMakeFiles/eufs_msgs__rosidl_typesupport_introspection_c.dir/rosidl_typesupport_introspection_c/eufs_msgs/msg/detail/cpu_status__type_support.c.o\x1b[0m\n'}
[45.006384] (eufs_msgs) StdoutLine: {'line': b'[ 39%] \x1b[32mBuilding CXX object CMakeFiles/eufs_msgs__rosidl_typesupport_c.dir/rosidl_typesupport_c/eufs_msgs/msg/vehicle_commands__type_support.cpp.o\x1b[0m\n'}
[45.025088] (-) TimerEvent: {}
[45.070647] (eufs_msgs) StdoutLine: {'line': b'[ 39%] \x1b[32mBuilding C object CMakeFiles/eufs_msgs__rosidl_typesupport_introspection_c.dir/rosidl_typesupport_introspection_c/eufs_msgs/msg/detail/cpu_usage__type_support.c.o\x1b[0m\n'}
[45.091788] (eufs_msgs) StdoutLine: {'line': b'[ 39%] \x1b[32mBuilding CXX object CMakeFiles/eufs_msgs__rosidl_typesupport_c.dir/rosidl_typesupport_c/eufs_msgs/msg/vehicle_commands_stamped__type_support.cpp.o\x1b[0m\n'}
[45.125348] (-) TimerEvent: {}
[45.146699] (eufs_msgs) StdoutLine: {'line': b'[ 39%] \x1b[32mBuilding CXX object CMakeFiles/eufs_msgs__rosidl_typesupport_introspection_cpp.dir/rosidl_typesupport_introspection_cpp/eufs_msgs/msg/detail/cpu_usage__type_support.cpp.o\x1b[0m\n'}
[45.177550] (eufs_msgs) StdoutLine: {'line': b'[ 39%] \x1b[32mBuilding C object CMakeFiles/eufs_msgs__rosidl_typesupport_introspection_c.dir/rosidl_typesupport_introspection_c/eufs_msgs/msg/detail/ekf_err__type_support.c.o\x1b[0m\n'}
[45.187558] (eufs_msgs) StdoutLine: {'line': b'[ 39%] \x1b[32mBuilding CXX object CMakeFiles/eufs_msgs__rosidl_typesupport_c.dir/rosidl_typesupport_c/eufs_msgs/msg/waypoint__type_support.cpp.o\x1b[0m\n'}
[45.225496] (-) TimerEvent: {}
[45.263562] (eufs_msgs) StdoutLine: {'line': b'[ 39%] \x1b[32mBuilding CXX object CMakeFiles/eufs_msgs__rosidl_typesupport_cpp.dir/rosidl_typesupport_cpp/eufs_msgs/msg/runstop__type_support.cpp.o\x1b[0m\n'}
[45.274617] (eufs_msgs) StdoutLine: {'line': b'[ 40%] \x1b[32mBuilding C object CMakeFiles/eufs_msgs__rosidl_typesupport_introspection_c.dir/rosidl_typesupport_introspection_c/eufs_msgs/msg/detail/ekf_state__type_support.c.o\x1b[0m\n'}
[45.275036] (eufs_msgs) StdoutLine: {'line': b'[ 40%] \x1b[32mBuilding CXX object CMakeFiles/eufs_msgs__rosidl_typesupport_c.dir/rosidl_typesupport_c/eufs_msgs/msg/waypoint_array_stamped__type_support.cpp.o\x1b[0m\n'}
[45.326261] (-) TimerEvent: {}
[45.361694] (eufs_msgs) StdoutLine: {'line': b'[ 40%] \x1b[32mBuilding CXX object CMakeFiles/eufs_msgs__rosidl_typesupport_c.dir/rosidl_typesupport_c/eufs_msgs/msg/wheel_odometry_err__type_support.cpp.o\x1b[0m\n'}
[45.384868] (eufs_msgs) StdoutLine: {'line': b'[ 40%] \x1b[32mBuilding C object CMakeFiles/eufs_msgs__rosidl_typesupport_introspection_c.dir/rosidl_typesupport_introspection_c/eufs_msgs/msg/detail/full_state__type_support.c.o\x1b[0m\n'}
[45.426432] (-) TimerEvent: {}
[45.441698] (eufs_msgs) StdoutLine: {'line': b'[ 41%] \x1b[32mBuilding CXX object CMakeFiles/eufs_msgs__rosidl_typesupport_c.dir/rosidl_typesupport_c/eufs_msgs/msg/wheel_speeds__type_support.cpp.o\x1b[0m\n'}
[45.489412] (eufs_msgs) StdoutLine: {'line': b'[ 41%] \x1b[32mBuilding C object CMakeFiles/eufs_msgs__rosidl_typesupport_introspection_c.dir/rosidl_typesupport_introspection_c/eufs_msgs/msg/detail/heartbeat__type_support.c.o\x1b[0m\n'}
[45.526579] (-) TimerEvent: {}
[45.554372] (eufs_msgs) StdoutLine: {'line': b'[ 41%] \x1b[32mBuilding CXX object CMakeFiles/eufs_msgs__rosidl_typesupport_c.dir/rosidl_typesupport_c/eufs_msgs/msg/wheel_speeds_stamped__type_support.cpp.o\x1b[0m\n'}
[45.577722] (eufs_msgs) StdoutLine: {'line': b'[ 41%] \x1b[32mBuilding C object CMakeFiles/eufs_msgs__rosidl_typesupport_introspection_c.dir/rosidl_typesupport_introspection_c/eufs_msgs/msg/detail/integration_err__type_support.c.o\x1b[0m\n'}
[45.627271] (-) TimerEvent: {}
[45.667225] (eufs_msgs) StdoutLine: {'line': b'[ 41%] \x1b[32mBuilding CXX object CMakeFiles/eufs_msgs__rosidl_typesupport_c.dir/rosidl_typesupport_c/eufs_msgs/action/check_for_objects__type_support.cpp.o\x1b[0m\n'}
[45.669354] (eufs_msgs) StdoutLine: {'line': b'[ 41%] \x1b[32mBuilding C object CMakeFiles/eufs_msgs__rosidl_typesupport_introspection_c.dir/rosidl_typesupport_introspection_c/eufs_msgs/msg/detail/lap_stats__type_support.c.o\x1b[0m\n'}
[45.727725] (-) TimerEvent: {}
[45.777983] (eufs_msgs) StdoutLine: {'line': b'[ 41%] \x1b[32mBuilding C object CMakeFiles/eufs_msgs__rosidl_typesupport_introspection_c.dir/rosidl_typesupport_introspection_c/eufs_msgs/msg/detail/mpc_state__type_support.c.o\x1b[0m\n'}
[45.820353] (eufs_msgs) StdoutLine: {'line': b'[ 41%] \x1b[32mBuilding CXX object CMakeFiles/eufs_msgs__rosidl_typesupport_c.dir/rosidl_typesupport_c/eufs_msgs/srv/record_start__type_support.cpp.o\x1b[0m\n'}
[45.827863] (-) TimerEvent: {}
[45.868003] (eufs_msgs) StdoutLine: {'line': b'[ 42%] \x1b[32mBuilding C object CMakeFiles/eufs_msgs__rosidl_typesupport_introspection_c.dir/rosidl_typesupport_introspection_c/eufs_msgs/msg/detail/node_state__type_support.c.o\x1b[0m\n'}
[45.868421] (eufs_msgs) StdoutLine: {'line': b'[ 42%] \x1b[32mBuilding CXX object CMakeFiles/eufs_msgs__rosidl_typesupport_fastrtps_cpp.dir/rosidl_typesupport_fastrtps_cpp/eufs_msgs/msg/detail/dds_fastrtps/cone_array_with_covariance__type_support.cpp.o\x1b[0m\n'}
[45.922259] (eufs_msgs) StdoutLine: {'line': b'[ 42%] \x1b[32mBuilding CXX object CMakeFiles/eufs_msgs__rosidl_typesupport_c.dir/rosidl_typesupport_c/eufs_msgs/srv/record_stop__type_support.cpp.o\x1b[0m\n'}
[45.928249] (-) TimerEvent: {}
[45.973884] (eufs_msgs) StdoutLine: {'line': b'[ 42%] \x1b[32mBuilding C object CMakeFiles/eufs_msgs__rosidl_typesupport_introspection_c.dir/rosidl_typesupport_introspection_c/eufs_msgs/msg/detail/node_state_array__type_support.c.o\x1b[0m\n'}
[46.016623] (eufs_msgs) StdoutLine: {'line': b'[ 42%] \x1b[32mBuilding CXX object CMakeFiles/eufs_msgs__rosidl_typesupport_cpp.dir/rosidl_typesupport_cpp/eufs_msgs/msg/slam_err__type_support.cpp.o\x1b[0m\n'}
[46.019836] (eufs_msgs) StdoutLine: {'line': b'[ 42%] \x1b[32mBuilding CXX object CMakeFiles/eufs_msgs__rosidl_typesupport_introspection_cpp.dir/rosidl_typesupport_introspection_cpp/eufs_msgs/msg/detail/ekf_err__type_support.cpp.o\x1b[0m\n'}
[46.023091] (eufs_msgs) StdoutLine: {'line': b'[ 43%] \x1b[32mBuilding CXX object CMakeFiles/eufs_msgs__rosidl_typesupport_c.dir/rosidl_typesupport_c/eufs_msgs/srv/register__type_support.cpp.o\x1b[0m\n'}
[46.028392] (-) TimerEvent: {}
[46.109908] (eufs_msgs) StdoutLine: {'line': b'[ 43%] \x1b[32mBuilding CXX object CMakeFiles/eufs_msgs__rosidl_typesupport_c.dir/rosidl_typesupport_c/eufs_msgs/srv/set_can_state__type_support.cpp.o\x1b[0m\n'}
[46.113933] (eufs_msgs) StdoutLine: {'line': b'[ 43%] \x1b[32mBuilding C object CMakeFiles/eufs_msgs__rosidl_typesupport_introspection_c.dir/rosidl_typesupport_introspection_c/eufs_msgs/msg/detail/oss__type_support.c.o\x1b[0m\n'}
[46.130269] (-) TimerEvent: {}
[46.203557] (eufs_msgs) StdoutLine: {'line': b'[ 43%] \x1b[32mBuilding CXX object CMakeFiles/eufs_msgs__rosidl_typesupport_c.dir/rosidl_typesupport_c/eufs_msgs/srv/set_string__type_support.cpp.o\x1b[0m\n'}
[46.211800] (eufs_msgs) StdoutLine: {'line': b'[ 43%] \x1b[32mBuilding C object CMakeFiles/eufs_msgs__rosidl_typesupport_introspection_c.dir/rosidl_typesupport_introspection_c/eufs_msgs/msg/detail/particle__type_support.c.o\x1b[0m\n'}
[46.230463] (-) TimerEvent: {}
[46.303548] (eufs_msgs) StdoutLine: {'line': b'[ 43%] \x1b[32mBuilding CXX object CMakeFiles/eufs_msgs__rosidl_typesupport_c.dir/rosidl_typesupport_c/eufs_msgs/srv/set_track__type_support.cpp.o\x1b[0m\n'}
[46.312996] (eufs_msgs) StdoutLine: {'line': b'[ 43%] \x1b[32mBuilding C object CMakeFiles/eufs_msgs__rosidl_typesupport_introspection_c.dir/rosidl_typesupport_introspection_c/eufs_msgs/msg/detail/particle_slam__type_support.c.o\x1b[0m\n'}
[46.331053] (-) TimerEvent: {}
[46.409484] (eufs_msgs) StdoutLine: {'line': b'[ 43%] \x1b[32mBuilding CXX object CMakeFiles/eufs_msgs__rosidl_typesupport_c.dir/rosidl_typesupport_c/eufs_msgs/srv/set_mission__type_support.cpp.o\x1b[0m\n'}
[46.431214] (-) TimerEvent: {}
[46.459497] (eufs_msgs) StdoutLine: {'line': b'[ 44%] \x1b[32mBuilding C object CMakeFiles/eufs_msgs__rosidl_typesupport_introspection_c.dir/rosidl_typesupport_introspection_c/eufs_msgs/msg/detail/particle_slam_stamped__type_support.c.o\x1b[0m\n'}
[46.515760] (eufs_msgs) StdoutLine: {'line': b'[ 45%] \x1b[32mBuilding CXX object CMakeFiles/eufs_msgs__rosidl_typesupport_c.dir/rosidl_typesupport_c/eufs_msgs/srv/get_map__type_support.cpp.o\x1b[0m\n'}
[46.531768] (-) TimerEvent: {}
[46.567550] (eufs_msgs) StdoutLine: {'line': b'[ 45%] \x1b[32mBuilding C object CMakeFiles/eufs_msgs__rosidl_typesupport_introspection_c.dir/rosidl_typesupport_introspection_c/eufs_msgs/msg/detail/particle_stamped__type_support.c.o\x1b[0m\n'}
[46.605215] (eufs_msgs) StdoutLine: {'line': b'[ 45%] \x1b[32m\x1b[1mLinking CXX shared library libeufs_msgs__rosidl_typesupport_c.so\x1b[0m\n'}
[46.631932] (-) TimerEvent: {}
[46.689024] (eufs_msgs) StdoutLine: {'line': b'[ 45%] \x1b[32mBuilding C object CMakeFiles/eufs_msgs__rosidl_typesupport_introspection_c.dir/rosidl_typesupport_introspection_c/eufs_msgs/msg/detail/path_integral_params__type_support.c.o\x1b[0m\n'}
[46.732274] (-) TimerEvent: {}
[46.786305] (eufs_msgs) StdoutLine: {'line': b'[ 45%] Built target eufs_msgs__rosidl_typesupport_c\n'}
[46.801964] (eufs_msgs) StdoutLine: {'line': b'[ 45%] \x1b[32mBuilding CXX object CMakeFiles/eufs_msgs__rosidl_typesupport_cpp.dir/rosidl_typesupport_cpp/eufs_msgs/msg/pure_pursuit_checkpoint_array_stamped__type_support.cpp.o\x1b[0m\n'}
[46.804284] (eufs_msgs) StdoutLine: {'line': b'[ 45%] \x1b[32mBuilding C object CMakeFiles/eufs_msgs__rosidl_typesupport_introspection_c.dir/rosidl_typesupport_introspection_c/eufs_msgs/msg/detail/path_integral_stats__type_support.c.o\x1b[0m\n'}
[46.833266] (-) TimerEvent: {}
[46.878301] (eufs_msgs) StdoutLine: {'line': b'[ 45%] \x1b[32mBuilding CXX object CMakeFiles/eufs_msgs__rosidl_typesupport_introspection_cpp.dir/rosidl_typesupport_introspection_cpp/eufs_msgs/msg/detail/ekf_state__type_support.cpp.o\x1b[0m\n'}
[46.907147] (eufs_msgs) StdoutLine: {'line': b'[ 45%] \x1b[32mBuilding C object CMakeFiles/eufs_msgs__rosidl_typesupport_introspection_c.dir/rosidl_typesupport_introspection_c/eufs_msgs/msg/detail/path_integral_status__type_support.c.o\x1b[0m\n'}
[46.933409] (-) TimerEvent: {}
[46.991376] (eufs_msgs) StdoutLine: {'line': b'[ 45%] \x1b[32mBuilding C object CMakeFiles/eufs_msgs__rosidl_typesupport_introspection_c.dir/rosidl_typesupport_introspection_c/eufs_msgs/msg/detail/path_integral_timing__type_support.c.o\x1b[0m\n'}
[47.033599] (-) TimerEvent: {}
[47.078005] (eufs_msgs) StdoutLine: {'line': b'[ 46%] \x1b[32mBuilding C object CMakeFiles/eufs_msgs__rosidl_typesupport_introspection_c.dir/rosidl_typesupport_introspection_c/eufs_msgs/msg/detail/planning_mode__type_support.c.o\x1b[0m\n'}
[47.082513] (eufs_msgs) StdoutLine: {'line': b'[ 47%] \x1b[32mBuilding CXX object CMakeFiles/eufs_msgs__rosidl_typesupport_fastrtps_cpp.dir/rosidl_typesupport_fastrtps_cpp/eufs_msgs/msg/detail/dds_fastrtps/cone_with_covariance_plus__type_support.cpp.o\x1b[0m\n'}
[47.134275] (-) TimerEvent: {}
[47.160507] (eufs_msgs) StdoutLine: {'line': b'[ 47%] \x1b[32mBuilding C object CMakeFiles/eufs_msgs__rosidl_typesupport_introspection_c.dir/rosidl_typesupport_introspection_c/eufs_msgs/msg/detail/point_array__type_support.c.o\x1b[0m\n'}
[47.235324] (-) TimerEvent: {}
[47.267053] (eufs_msgs) StdoutLine: {'line': b'[ 47%] \x1b[32mBuilding C object CMakeFiles/eufs_msgs__rosidl_typesupport_introspection_c.dir/rosidl_typesupport_introspection_c/eufs_msgs/msg/detail/point_array_stamped__type_support.c.o\x1b[0m\n'}
[47.335508] (-) TimerEvent: {}
[47.366395] (eufs_msgs) StdoutLine: {'line': b'[ 47%] \x1b[32mBuilding C object CMakeFiles/eufs_msgs__rosidl_typesupport_introspection_c.dir/rosidl_typesupport_introspection_c/eufs_msgs/msg/detail/pure_pursuit_checkpoint__type_support.c.o\x1b[0m\n'}
[47.435652] (-) TimerEvent: {}
[47.456456] (eufs_msgs) StdoutLine: {'line': b'[ 47%] \x1b[32mBuilding C object CMakeFiles/eufs_msgs__rosidl_typesupport_introspection_c.dir/rosidl_typesupport_introspection_c/eufs_msgs/msg/detail/pure_pursuit_checkpoint_array_stamped__type_support.c.o\x1b[0m\n'}
[47.513344] (eufs_msgs) StdoutLine: {'line': b'[ 48%] \x1b[32mBuilding CXX object CMakeFiles/eufs_msgs__rosidl_typesupport_cpp.dir/rosidl_typesupport_cpp/eufs_msgs/msg/point_array_stamped__type_support.cpp.o\x1b[0m\n'}
[47.535931] (-) TimerEvent: {}
[47.553721] (eufs_msgs) StdoutLine: {'line': b'[ 49%] \x1b[32mBuilding C object CMakeFiles/eufs_msgs__rosidl_typesupport_introspection_c.dir/rosidl_typesupport_introspection_c/eufs_msgs/msg/detail/runstop__type_support.c.o\x1b[0m\n'}
[47.582390] (eufs_msgs) StdoutLine: {'line': b'[ 49%] \x1b[32mBuilding CXX object CMakeFiles/eufs_msgs__rosidl_typesupport_introspection_cpp.dir/rosidl_typesupport_introspection_cpp/eufs_msgs/msg/detail/full_state__type_support.cpp.o\x1b[0m\n'}
[47.636077] (-) TimerEvent: {}
[47.644489] (eufs_msgs) StdoutLine: {'line': b'[ 49%] \x1b[32mBuilding C object CMakeFiles/eufs_msgs__rosidl_typesupport_introspection_c.dir/rosidl_typesupport_introspection_c/eufs_msgs/msg/detail/slam_err__type_support.c.o\x1b[0m\n'}
[47.736260] (-) TimerEvent: {}
[47.741333] (eufs_msgs) StdoutLine: {'line': b'[ 49%] \x1b[32mBuilding C object CMakeFiles/eufs_msgs__rosidl_typesupport_introspection_c.dir/rosidl_typesupport_introspection_c/eufs_msgs/msg/detail/slam_state__type_support.c.o\x1b[0m\n'}
[47.832872] (eufs_msgs) StdoutLine: {'line': b'[ 49%] \x1b[32mBuilding C object CMakeFiles/eufs_msgs__rosidl_typesupport_introspection_c.dir/rosidl_typesupport_introspection_c/eufs_msgs/msg/detail/state_machine_state__type_support.c.o\x1b[0m\n'}
[47.836390] (-) TimerEvent: {}
[47.932114] (eufs_msgs) StdoutLine: {'line': b'[ 49%] \x1b[32mBuilding C object CMakeFiles/eufs_msgs__rosidl_typesupport_introspection_c.dir/rosidl_typesupport_introspection_c/eufs_msgs/msg/detail/stereo_image__type_support.c.o\x1b[0m\n'}
[47.936530] (-) TimerEvent: {}
[48.025468] (eufs_msgs) StdoutLine: {'line': b'[ 49%] \x1b[32mBuilding C object CMakeFiles/eufs_msgs__rosidl_typesupport_introspection_c.dir/rosidl_typesupport_introspection_c/eufs_msgs/msg/detail/system_status__type_support.c.o\x1b[0m\n'}
[48.036696] (-) TimerEvent: {}
[48.118825] (eufs_msgs) StdoutLine: {'line': b'[ 50%] \x1b[32mBuilding C object CMakeFiles/eufs_msgs__rosidl_typesupport_introspection_c.dir/rosidl_typesupport_introspection_c/eufs_msgs/msg/detail/topic_status__type_support.c.o\x1b[0m\n'}
[48.121994] (eufs_msgs) StdoutLine: {'line': b'[ 50%] \x1b[32mBuilding CXX object CMakeFiles/eufs_msgs__rosidl_typesupport_fastrtps_cpp.dir/rosidl_typesupport_fastrtps_cpp/eufs_msgs/msg/detail/dds_fastrtps/cone_with_covariance__type_support.cpp.o\x1b[0m\n'}
[48.136836] (-) TimerEvent: {}
[48.205671] (eufs_msgs) StdoutLine: {'line': b'[ 51%] \x1b[32mBuilding CXX object CMakeFiles/eufs_msgs__rosidl_typesupport_cpp.dir/rosidl_typesupport_cpp/eufs_msgs/msg/slam_state__type_support.cpp.o\x1b[0m\n'}
[48.217508] (eufs_msgs) StdoutLine: {'line': b'[ 51%] \x1b[32mBuilding C object CMakeFiles/eufs_msgs__rosidl_typesupport_introspection_c.dir/rosidl_typesupport_introspection_c/eufs_msgs/msg/detail/vehicle_commands__type_support.c.o\x1b[0m\n'}
[48.236991] (-) TimerEvent: {}
[48.275170] (eufs_msgs) StdoutLine: {'line': b'[ 52%] \x1b[32mBuilding CXX object CMakeFiles/eufs_msgs__rosidl_typesupport_introspection_cpp.dir/rosidl_typesupport_introspection_cpp/eufs_msgs/msg/detail/heartbeat__type_support.cpp.o\x1b[0m\n'}
[48.298410] (eufs_msgs) StdoutLine: {'line': b'[ 52%] \x1b[32mBuilding C object CMakeFiles/eufs_msgs__rosidl_typesupport_introspection_c.dir/rosidl_typesupport_introspection_c/eufs_msgs/msg/detail/vehicle_commands_stamped__type_support.c.o\x1b[0m\n'}
[48.337268] (-) TimerEvent: {}
[48.393076] (eufs_msgs) StdoutLine: {'line': b'[ 52%] \x1b[32mBuilding C object CMakeFiles/eufs_msgs__rosidl_typesupport_introspection_c.dir/rosidl_typesupport_introspection_c/eufs_msgs/msg/detail/waypoint__type_support.c.o\x1b[0m\n'}
[48.437747] (-) TimerEvent: {}
[48.484323] (eufs_msgs) StdoutLine: {'line': b'[ 52%] \x1b[32mBuilding C object CMakeFiles/eufs_msgs__rosidl_typesupport_introspection_c.dir/rosidl_typesupport_introspection_c/eufs_msgs/msg/detail/waypoint_array_stamped__type_support.c.o\x1b[0m\n'}
[48.537897] (-) TimerEvent: {}
[48.583872] (eufs_msgs) StdoutLine: {'line': b'[ 53%] \x1b[32mBuilding C object CMakeFiles/eufs_msgs__rosidl_typesupport_introspection_c.dir/rosidl_typesupport_introspection_c/eufs_msgs/msg/detail/wheel_odometry_err__type_support.c.o\x1b[0m\n'}
[48.638029] (-) TimerEvent: {}
[48.677789] (eufs_msgs) StdoutLine: {'line': b'[ 53%] \x1b[32mBuilding C object CMakeFiles/eufs_msgs__rosidl_typesupport_introspection_c.dir/rosidl_typesupport_introspection_c/eufs_msgs/msg/detail/wheel_speeds__type_support.c.o\x1b[0m\n'}
[48.738203] (-) TimerEvent: {}
[48.762622] (eufs_msgs) StdoutLine: {'line': b'[ 53%] \x1b[32mBuilding C object CMakeFiles/eufs_msgs__rosidl_typesupport_introspection_c.dir/rosidl_typesupport_introspection_c/eufs_msgs/msg/detail/wheel_speeds_stamped__type_support.c.o\x1b[0m\n'}
[48.839264] (-) TimerEvent: {}
[48.858750] (eufs_msgs) StdoutLine: {'line': b'[ 53%] \x1b[32mBuilding C object CMakeFiles/eufs_msgs__rosidl_typesupport_introspection_c.dir/rosidl_typesupport_introspection_c/eufs_msgs/action/detail/check_for_objects__type_support.c.o\x1b[0m\n'}
[48.940273] (-) TimerEvent: {}
[49.000677] (eufs_msgs) StdoutLine: {'line': b'[ 53%] \x1b[32mBuilding C object CMakeFiles/eufs_msgs__rosidl_typesupport_introspection_c.dir/rosidl_typesupport_introspection_c/eufs_msgs/srv/detail/record_start__type_support.c.o\x1b[0m\n'}
[49.014837] (eufs_msgs) StdoutLine: {'line': b'[ 53%] \x1b[32mBuilding CXX object CMakeFiles/eufs_msgs__rosidl_typesupport_cpp.dir/rosidl_typesupport_cpp/eufs_msgs/msg/state_machine_state__type_support.cpp.o\x1b[0m\n'}
[49.040428] (-) TimerEvent: {}
[49.096379] (eufs_msgs) StdoutLine: {'line': b'[ 53%] \x1b[32mBuilding CXX object CMakeFiles/eufs_msgs__rosidl_typesupport_introspection_cpp.dir/rosidl_typesupport_introspection_cpp/eufs_msgs/msg/detail/integration_err__type_support.cpp.o\x1b[0m\n'}
[49.101594] (eufs_msgs) StdoutLine: {'line': b'[ 54%] \x1b[32mBuilding C object CMakeFiles/eufs_msgs__rosidl_typesupport_introspection_c.dir/rosidl_typesupport_introspection_c/eufs_msgs/srv/detail/record_stop__type_support.c.o\x1b[0m\n'}
[49.140587] (-) TimerEvent: {}
[49.195384] (eufs_msgs) StdoutLine: {'line': b'[ 54%] \x1b[32mBuilding C object CMakeFiles/eufs_msgs__rosidl_typesupport_introspection_c.dir/rosidl_typesupport_introspection_c/eufs_msgs/srv/detail/register__type_support.c.o\x1b[0m\n'}
[49.242088] (-) TimerEvent: {}
[49.251141] (eufs_msgs) StdoutLine: {'line': b'[ 54%] \x1b[32mBuilding CXX object CMakeFiles/eufs_msgs__rosidl_typesupport_fastrtps_cpp.dir/rosidl_typesupport_fastrtps_cpp/eufs_msgs/msg/detail/dds_fastrtps/cone_association_array__type_support.cpp.o\x1b[0m\n'}
[49.315986] (eufs_msgs) StdoutLine: {'line': b'[ 54%] \x1b[32mBuilding C object CMakeFiles/eufs_msgs__rosidl_typesupport_introspection_c.dir/rosidl_typesupport_introspection_c/eufs_msgs/srv/detail/set_can_state__type_support.c.o\x1b[0m\n'}
[49.342236] (-) TimerEvent: {}
[49.414303] (eufs_msgs) StdoutLine: {'line': b'[ 54%] \x1b[32mBuilding C object CMakeFiles/eufs_msgs__rosidl_typesupport_introspection_c.dir/rosidl_typesupport_introspection_c/eufs_msgs/srv/detail/set_string__type_support.c.o\x1b[0m\n'}
[49.442378] (-) TimerEvent: {}
[49.511239] (eufs_msgs) StdoutLine: {'line': b'[ 54%] \x1b[32mBuilding C object CMakeFiles/eufs_msgs__rosidl_typesupport_introspection_c.dir/rosidl_typesupport_introspection_c/eufs_msgs/srv/detail/set_track__type_support.c.o\x1b[0m\n'}
[49.542501] (-) TimerEvent: {}
[49.638018] (eufs_msgs) StdoutLine: {'line': b'[ 54%] \x1b[32mBuilding C object CMakeFiles/eufs_msgs__rosidl_typesupport_introspection_c.dir/rosidl_typesupport_introspection_c/eufs_msgs/srv/detail/set_mission__type_support.c.o\x1b[0m\n'}
[49.642639] (-) TimerEvent: {}
[49.728253] (eufs_msgs) StdoutLine: {'line': b'[ 55%] \x1b[32mBuilding C object CMakeFiles/eufs_msgs__rosidl_typesupport_introspection_c.dir/rosidl_typesupport_introspection_c/eufs_msgs/srv/detail/get_map__type_support.c.o\x1b[0m\n'}
[49.742802] (-) TimerEvent: {}
[49.806041] (eufs_msgs) StdoutLine: {'line': b'[ 55%] \x1b[32mBuilding CXX object CMakeFiles/eufs_msgs__rosidl_typesupport_cpp.dir/rosidl_typesupport_cpp/eufs_msgs/msg/stereo_image__type_support.cpp.o\x1b[0m\n'}
[49.819564] (eufs_msgs) StdoutLine: {'line': b'[ 55%] \x1b[32m\x1b[1mLinking C shared library libeufs_msgs__rosidl_typesupport_introspection_c.so\x1b[0m\n'}
[49.842961] (-) TimerEvent: {}
[49.936143] (eufs_msgs) StdoutLine: {'line': b'[ 55%] \x1b[32mBuilding CXX object CMakeFiles/eufs_msgs__rosidl_typesupport_introspection_cpp.dir/rosidl_typesupport_introspection_cpp/eufs_msgs/msg/detail/lap_stats__type_support.cpp.o\x1b[0m\n'}
[49.943097] (-) TimerEvent: {}
[49.960348] (eufs_msgs) StdoutLine: {'line': b'[ 55%] Built target eufs_msgs__rosidl_typesupport_introspection_c\n'}
[50.043259] (-) TimerEvent: {}
[50.143689] (-) TimerEvent: {}
[50.244104] (-) TimerEvent: {}
[50.344544] (-) TimerEvent: {}
[50.440359] (eufs_msgs) StdoutLine: {'line': b'[ 55%] \x1b[32mBuilding CXX object CMakeFiles/eufs_msgs__rosidl_typesupport_fastrtps_cpp.dir/rosidl_typesupport_fastrtps_cpp/eufs_msgs/msg/detail/dds_fastrtps/cone_association_array_stamped__type_support.cpp.o\x1b[0m\n'}
[50.440901] (eufs_msgs) StdoutLine: {'line': b'[ 55%] \x1b[32mBuilding CXX object CMakeFiles/eufs_msgs__rosidl_typesupport_cpp.dir/rosidl_typesupport_cpp/eufs_msgs/msg/system_status__type_support.cpp.o\x1b[0m\n'}
[50.444681] (-) TimerEvent: {}
[50.545169] (-) TimerEvent: {}
[50.565893] (eufs_msgs) StdoutLine: {'line': b'[ 55%] \x1b[32mBuilding CXX object CMakeFiles/eufs_msgs__rosidl_typesupport_introspection_cpp.dir/rosidl_typesupport_introspection_cpp/eufs_msgs/msg/detail/mpc_state__type_support.cpp.o\x1b[0m\n'}
[50.645319] (-) TimerEvent: {}
[50.745860] (-) TimerEvent: {}
[50.846421] (-) TimerEvent: {}
[50.946990] (-) TimerEvent: {}
[51.047578] (-) TimerEvent: {}
[51.048092] (eufs_msgs) StdoutLine: {'line': b'[ 55%] \x1b[32mBuilding CXX object CMakeFiles/eufs_msgs__rosidl_typesupport_cpp.dir/rosidl_typesupport_cpp/eufs_msgs/msg/topic_status__type_support.cpp.o\x1b[0m\n'}
[51.147740] (-) TimerEvent: {}
[51.192397] (eufs_msgs) StdoutLine: {'line': b'[ 55%] \x1b[32mBuilding CXX object CMakeFiles/eufs_msgs__rosidl_typesupport_introspection_cpp.dir/rosidl_typesupport_introspection_cpp/eufs_msgs/msg/detail/node_state__type_support.cpp.o\x1b[0m\n'}
[51.247885] (-) TimerEvent: {}
[51.345514] (eufs_msgs) StdoutLine: {'line': b'[ 56%] \x1b[32mBuilding CXX object CMakeFiles/eufs_msgs__rosidl_typesupport_fastrtps_cpp.dir/rosidl_typesupport_fastrtps_cpp/eufs_msgs/msg/detail/dds_fastrtps/cpu_status__type_support.cpp.o\x1b[0m\n'}
[51.348007] (-) TimerEvent: {}
[51.448526] (-) TimerEvent: {}
[51.549103] (-) TimerEvent: {}
[51.649679] (-) TimerEvent: {}
[51.671445] (eufs_msgs) StdoutLine: {'line': b'[ 56%] \x1b[32mBuilding CXX object CMakeFiles/eufs_msgs__rosidl_typesupport_cpp.dir/rosidl_typesupport_cpp/eufs_msgs/msg/vehicle_commands__type_support.cpp.o\x1b[0m\n'}
[51.749843] (-) TimerEvent: {}
[51.820817] (eufs_msgs) StdoutLine: {'line': b'[ 57%] \x1b[32mBuilding CXX object CMakeFiles/eufs_msgs__rosidl_typesupport_introspection_cpp.dir/rosidl_typesupport_introspection_cpp/eufs_msgs/msg/detail/node_state_array__type_support.cpp.o\x1b[0m\n'}
[51.849997] (-) TimerEvent: {}
[51.950586] (-) TimerEvent: {}
[52.051217] (-) TimerEvent: {}
[52.151840] (-) TimerEvent: {}
[52.234489] (eufs_msgs) StdoutLine: {'line': b'[ 57%] \x1b[32mBuilding CXX object CMakeFiles/eufs_msgs__rosidl_typesupport_fastrtps_cpp.dir/rosidl_typesupport_fastrtps_cpp/eufs_msgs/msg/detail/dds_fastrtps/cpu_usage__type_support.cpp.o\x1b[0m\n'}
[52.251982] (-) TimerEvent: {}
[52.274656] (eufs_msgs) StdoutLine: {'line': b'[ 58%] \x1b[32mBuilding CXX object CMakeFiles/eufs_msgs__rosidl_typesupport_cpp.dir/rosidl_typesupport_cpp/eufs_msgs/msg/vehicle_commands_stamped__type_support.cpp.o\x1b[0m\n'}
[52.352124] (-) TimerEvent: {}
[52.452582] (-) TimerEvent: {}
[52.553103] (-) TimerEvent: {}
[52.606223] (eufs_msgs) StdoutLine: {'line': b'[ 58%] \x1b[32mBuilding CXX object CMakeFiles/eufs_msgs__rosidl_typesupport_introspection_cpp.dir/rosidl_typesupport_introspection_cpp/eufs_msgs/msg/detail/oss__type_support.cpp.o\x1b[0m\n'}
[52.653447] (-) TimerEvent: {}
[52.753890] (-) TimerEvent: {}
[52.854381] (-) TimerEvent: {}
[52.950948] (eufs_msgs) StdoutLine: {'line': b'[ 58%] \x1b[32mBuilding CXX object CMakeFiles/eufs_msgs__rosidl_typesupport_cpp.dir/rosidl_typesupport_cpp/eufs_msgs/msg/waypoint__type_support.cpp.o\x1b[0m\n'}
[52.954484] (-) TimerEvent: {}
[53.054902] (-) TimerEvent: {}
[53.155450] (-) TimerEvent: {}
[53.256017] (-) TimerEvent: {}
[53.260356] (eufs_msgs) StdoutLine: {'line': b'[ 58%] \x1b[32mBuilding CXX object CMakeFiles/eufs_msgs__rosidl_typesupport_fastrtps_cpp.dir/rosidl_typesupport_fastrtps_cpp/eufs_msgs/msg/detail/dds_fastrtps/costmap__type_support.cpp.o\x1b[0m\n'}
[53.295392] (eufs_msgs) StdoutLine: {'line': b'[ 58%] \x1b[32mBuilding CXX object CMakeFiles/eufs_msgs__rosidl_typesupport_introspection_cpp.dir/rosidl_typesupport_introspection_cpp/eufs_msgs/msg/detail/particle__type_support.cpp.o\x1b[0m\n'}
[53.356188] (-) TimerEvent: {}
[53.456783] (-) TimerEvent: {}
[53.557337] (-) TimerEvent: {}
[53.569458] (eufs_msgs) StdoutLine: {'line': b'[ 58%] \x1b[32mBuilding CXX object CMakeFiles/eufs_msgs__rosidl_typesupport_cpp.dir/rosidl_typesupport_cpp/eufs_msgs/msg/waypoint_array_stamped__type_support.cpp.o\x1b[0m\n'}
[53.657466] (-) TimerEvent: {}
[53.757979] (-) TimerEvent: {}
[53.858475] (-) TimerEvent: {}
[53.959044] (-) TimerEvent: {}
[53.988669] (eufs_msgs) StdoutLine: {'line': b'[ 58%] \x1b[32mBuilding CXX object CMakeFiles/eufs_msgs__rosidl_typesupport_introspection_cpp.dir/rosidl_typesupport_introspection_cpp/eufs_msgs/msg/detail/particle_slam_stamped__type_support.cpp.o\x1b[0m\n'}
[54.059230] (-) TimerEvent: {}
[54.159763] (-) TimerEvent: {}
[54.248263] (eufs_msgs) StdoutLine: {'line': b'[ 58%] \x1b[32mBuilding CXX object CMakeFiles/eufs_msgs__rosidl_typesupport_cpp.dir/rosidl_typesupport_cpp/eufs_msgs/msg/wheel_odometry_err__type_support.cpp.o\x1b[0m\n'}
[54.259918] (-) TimerEvent: {}
[54.262992] (eufs_msgs) StdoutLine: {'line': b'[ 58%] \x1b[32mBuilding CXX object CMakeFiles/eufs_msgs__rosidl_typesupport_fastrtps_cpp.dir/rosidl_typesupport_fastrtps_cpp/eufs_msgs/msg/detail/dds_fastrtps/ekf_err__type_support.cpp.o\x1b[0m\n'}
[54.360077] (-) TimerEvent: {}
[54.460648] (-) TimerEvent: {}
[54.561238] (-) TimerEvent: {}
[54.661775] (-) TimerEvent: {}
[54.678393] (eufs_msgs) StdoutLine: {'line': b'[ 58%] \x1b[32mBuilding CXX object CMakeFiles/eufs_msgs__rosidl_typesupport_introspection_cpp.dir/rosidl_typesupport_introspection_cpp/eufs_msgs/msg/detail/particle_stamped__type_support.cpp.o\x1b[0m\n'}
[54.762016] (-) TimerEvent: {}
[54.854464] (eufs_msgs) StdoutLine: {'line': b'[ 58%] \x1b[32mBuilding CXX object CMakeFiles/eufs_msgs__rosidl_typesupport_cpp.dir/rosidl_typesupport_cpp/eufs_msgs/msg/wheel_speeds__type_support.cpp.o\x1b[0m\n'}
[54.862191] (-) TimerEvent: {}
[54.962744] (-) TimerEvent: {}
[55.063387] (-) TimerEvent: {}
[55.163985] (-) TimerEvent: {}
[55.170961] (eufs_msgs) StdoutLine: {'line': b'[ 58%] \x1b[32mBuilding CXX object CMakeFiles/eufs_msgs__rosidl_typesupport_fastrtps_cpp.dir/rosidl_typesupport_fastrtps_cpp/eufs_msgs/msg/detail/dds_fastrtps/ekf_state__type_support.cpp.o\x1b[0m\n'}
[55.264137] (-) TimerEvent: {}
[55.357520] (eufs_msgs) StdoutLine: {'line': b'[ 59%] \x1b[32mBuilding CXX object CMakeFiles/eufs_msgs__rosidl_typesupport_introspection_cpp.dir/rosidl_typesupport_introspection_cpp/eufs_msgs/msg/detail/path_integral_params__type_support.cpp.o\x1b[0m\n'}
[55.364261] (-) TimerEvent: {}
[55.464770] (-) TimerEvent: {}
[55.467409] (eufs_msgs) StdoutLine: {'line': b'[ 60%] \x1b[32mBuilding CXX object CMakeFiles/eufs_msgs__rosidl_typesupport_cpp.dir/rosidl_typesupport_cpp/eufs_msgs/msg/wheel_speeds_stamped__type_support.cpp.o\x1b[0m\n'}
[55.564931] (-) TimerEvent: {}
[55.665523] (-) TimerEvent: {}
[55.766140] (-) TimerEvent: {}
[55.866794] (-) TimerEvent: {}
[55.967369] (-) TimerEvent: {}
[55.972911] (eufs_msgs) StdoutLine: {'line': b'[ 60%] \x1b[32mBuilding CXX object CMakeFiles/eufs_msgs__rosidl_typesupport_introspection_cpp.dir/rosidl_typesupport_introspection_cpp/eufs_msgs/msg/detail/particle_slam__type_support.cpp.o\x1b[0m\n'}
[56.064624] (eufs_msgs) StdoutLine: {'line': b'[ 61%] \x1b[32mBuilding CXX object CMakeFiles/eufs_msgs__rosidl_typesupport_fastrtps_cpp.dir/rosidl_typesupport_fastrtps_cpp/eufs_msgs/msg/detail/dds_fastrtps/heartbeat__type_support.cpp.o\x1b[0m\n'}
[56.067475] (-) TimerEvent: {}
[56.072812] (eufs_msgs) StdoutLine: {'line': b'[ 61%] \x1b[32mBuilding CXX object CMakeFiles/eufs_msgs__rosidl_typesupport_cpp.dir/rosidl_typesupport_cpp/eufs_msgs/action/check_for_objects__type_support.cpp.o\x1b[0m\n'}
[56.167630] (-) TimerEvent: {}
[56.268182] (-) TimerEvent: {}
[56.368739] (-) TimerEvent: {}
[56.469226] (-) TimerEvent: {}
[56.569765] (-) TimerEvent: {}
[56.670286] (-) TimerEvent: {}
[56.770724] (-) TimerEvent: {}
[56.772511] (eufs_msgs) StdoutLine: {'line': b'[ 61%] \x1b[32mBuilding CXX object CMakeFiles/eufs_msgs__rosidl_typesupport_introspection_cpp.dir/rosidl_typesupport_introspection_cpp/eufs_msgs/msg/detail/path_integral_stats__type_support.cpp.o\x1b[0m\n'}
[56.870950] (-) TimerEvent: {}
[56.953556] (eufs_msgs) StdoutLine: {'line': b'[ 61%] \x1b[32mBuilding CXX object CMakeFiles/eufs_msgs__rosidl_typesupport_fastrtps_cpp.dir/rosidl_typesupport_fastrtps_cpp/eufs_msgs/msg/detail/dds_fastrtps/integration_err__type_support.cpp.o\x1b[0m\n'}
[56.971105] (-) TimerEvent: {}
[57.071590] (-) TimerEvent: {}
[57.143218] (eufs_msgs) StdoutLine: {'line': b'[ 61%] \x1b[32mBuilding CXX object CMakeFiles/eufs_msgs__rosidl_typesupport_cpp.dir/rosidl_typesupport_cpp/eufs_msgs/srv/record_start__type_support.cpp.o\x1b[0m\n'}
[57.171760] (-) TimerEvent: {}
[57.272425] (-) TimerEvent: {}
[57.373064] (-) TimerEvent: {}
[57.429383] (eufs_msgs) StdoutLine: {'line': b'[ 61%] \x1b[32mBuilding CXX object CMakeFiles/eufs_msgs__rosidl_typesupport_introspection_cpp.dir/rosidl_typesupport_introspection_cpp/eufs_msgs/msg/detail/path_integral_status__type_support.cpp.o\x1b[0m\n'}
[57.473262] (-) TimerEvent: {}
[57.573904] (-) TimerEvent: {}
[57.674503] (-) TimerEvent: {}
[57.771351] (eufs_msgs) StdoutLine: {'line': b'[ 61%] \x1b[32mBuilding CXX object CMakeFiles/eufs_msgs__rosidl_typesupport_cpp.dir/rosidl_typesupport_cpp/eufs_msgs/srv/record_stop__type_support.cpp.o\x1b[0m\n'}
[57.774611] (-) TimerEvent: {}
[57.858821] (eufs_msgs) StdoutLine: {'line': b'[ 61%] \x1b[32mBuilding CXX object CMakeFiles/eufs_msgs__rosidl_typesupport_fastrtps_cpp.dir/rosidl_typesupport_fastrtps_cpp/eufs_msgs/msg/detail/dds_fastrtps/full_state__type_support.cpp.o\x1b[0m\n'}
[57.874768] (-) TimerEvent: {}
[57.975312] (-) TimerEvent: {}
[58.057309] (eufs_msgs) StdoutLine: {'line': b'[ 61%] \x1b[32mBuilding CXX object CMakeFiles/eufs_msgs__rosidl_typesupport_introspection_cpp.dir/rosidl_typesupport_introspection_cpp/eufs_msgs/msg/detail/planning_mode__type_support.cpp.o\x1b[0m\n'}
[58.075504] (-) TimerEvent: {}
[58.176064] (-) TimerEvent: {}
[58.276633] (-) TimerEvent: {}
[58.377201] (-) TimerEvent: {}
[58.380887] (eufs_msgs) StdoutLine: {'line': b'[ 61%] \x1b[32mBuilding CXX object CMakeFiles/eufs_msgs__rosidl_typesupport_cpp.dir/rosidl_typesupport_cpp/eufs_msgs/srv/register__type_support.cpp.o\x1b[0m\n'}
[58.477352] (-) TimerEvent: {}
[58.577893] (-) TimerEvent: {}
[58.679275] (-) TimerEvent: {}
[58.689925] (eufs_msgs) StdoutLine: {'line': b'[ 61%] \x1b[32mBuilding CXX object CMakeFiles/eufs_msgs__rosidl_typesupport_introspection_cpp.dir/rosidl_typesupport_introspection_cpp/eufs_msgs/msg/detail/path_integral_timing__type_support.cpp.o\x1b[0m\n'}
[58.779427] (-) TimerEvent: {}
[58.790635] (eufs_msgs) StdoutLine: {'line': b'[ 61%] \x1b[32mBuilding CXX object CMakeFiles/eufs_msgs__rosidl_typesupport_fastrtps_cpp.dir/rosidl_typesupport_fastrtps_cpp/eufs_msgs/msg/detail/dds_fastrtps/lap_stats__type_support.cpp.o\x1b[0m\n'}
[58.881016] (-) TimerEvent: {}
[58.982122] (-) TimerEvent: {}
[59.068377] (eufs_msgs) StdoutLine: {'line': b'[ 61%] \x1b[32mBuilding CXX object CMakeFiles/eufs_msgs__rosidl_typesupport_cpp.dir/rosidl_typesupport_cpp/eufs_msgs/srv/set_can_state__type_support.cpp.o\x1b[0m\n'}
[59.082264] (-) TimerEvent: {}
[59.182692] (-) TimerEvent: {}
[59.283142] (-) TimerEvent: {}
[59.383644] (-) TimerEvent: {}
[59.389652] (eufs_msgs) StdoutLine: {'line': b'[ 61%] \x1b[32mBuilding CXX object CMakeFiles/eufs_msgs__rosidl_typesupport_introspection_cpp.dir/rosidl_typesupport_introspection_cpp/eufs_msgs/msg/detail/point_array_stamped__type_support.cpp.o\x1b[0m\n'}
[59.483792] (-) TimerEvent: {}
[59.584264] (-) TimerEvent: {}
[59.684731] (-) TimerEvent: {}
[59.703405] (eufs_msgs) StdoutLine: {'line': b'[ 62%] \x1b[32mBuilding CXX object CMakeFiles/eufs_msgs__rosidl_typesupport_cpp.dir/rosidl_typesupport_cpp/eufs_msgs/srv/set_string__type_support.cpp.o\x1b[0m\n'}
[59.747449] (eufs_msgs) StdoutLine: {'line': b'[ 62%] \x1b[32mBuilding CXX object CMakeFiles/eufs_msgs__rosidl_typesupport_fastrtps_cpp.dir/rosidl_typesupport_fastrtps_cpp/eufs_msgs/msg/detail/dds_fastrtps/mpc_state__type_support.cpp.o\x1b[0m\n'}
[59.784900] (-) TimerEvent: {}
[59.885529] (-) TimerEvent: {}
[59.986014] (-) TimerEvent: {}
[60.086527] (-) TimerEvent: {}
[60.092573] (eufs_msgs) StdoutLine: {'line': b'[ 63%] \x1b[32mBuilding CXX object CMakeFiles/eufs_msgs__rosidl_typesupport_introspection_cpp.dir/rosidl_typesupport_introspection_cpp/eufs_msgs/msg/detail/point_array__type_support.cpp.o\x1b[0m\n'}
[60.186702] (-) TimerEvent: {}
[60.287271] (-) TimerEvent: {}
[60.310371] (eufs_msgs) StdoutLine: {'line': b'[ 63%] \x1b[32mBuilding CXX object CMakeFiles/eufs_msgs__rosidl_typesupport_cpp.dir/rosidl_typesupport_cpp/eufs_msgs/srv/set_mission__type_support.cpp.o\x1b[0m\n'}
[60.387403] (-) TimerEvent: {}
[60.487887] (-) TimerEvent: {}
[60.588333] (-) TimerEvent: {}
[60.688784] (-) TimerEvent: {}
[60.707368] (eufs_msgs) StdoutLine: {'line': b'[ 63%] \x1b[32mBuilding CXX object CMakeFiles/eufs_msgs__rosidl_typesupport_fastrtps_cpp.dir/rosidl_typesupport_fastrtps_cpp/eufs_msgs/msg/detail/dds_fastrtps/cone_association_array_array_stamped__type_support.cpp.o\x1b[0m\n'}
[60.788944] (-) TimerEvent: {}
[60.889491] (-) TimerEvent: {}
[60.971430] (eufs_msgs) StdoutLine: {'line': b'[ 63%] \x1b[32mBuilding CXX object CMakeFiles/eufs_msgs__rosidl_typesupport_introspection_cpp.dir/rosidl_typesupport_introspection_cpp/eufs_msgs/msg/detail/pure_pursuit_checkpoint__type_support.cpp.o\x1b[0m\n'}
[60.989645] (-) TimerEvent: {}
[61.085534] (eufs_msgs) StdoutLine: {'line': b'[ 63%] \x1b[32mBuilding CXX object CMakeFiles/eufs_msgs__rosidl_typesupport_cpp.dir/rosidl_typesupport_cpp/eufs_msgs/srv/get_map__type_support.cpp.o\x1b[0m\n'}
[61.089767] (-) TimerEvent: {}
[61.190198] (-) TimerEvent: {}
[61.290781] (-) TimerEvent: {}
[61.391427] (-) TimerEvent: {}
[61.492249] (-) TimerEvent: {}
[61.592833] (-) TimerEvent: {}
[61.604661] (eufs_msgs) StdoutLine: {'line': b'[ 63%] \x1b[32mBuilding CXX object CMakeFiles/eufs_msgs__rosidl_typesupport_introspection_cpp.dir/rosidl_typesupport_introspection_cpp/eufs_msgs/msg/detail/pure_pursuit_checkpoint_array_stamped__type_support.cpp.o\x1b[0m\n'}
[61.692975] (-) TimerEvent: {}
[61.695087] (eufs_msgs) StdoutLine: {'line': b'[ 63%] \x1b[32mBuilding CXX object CMakeFiles/eufs_msgs__rosidl_typesupport_cpp.dir/rosidl_typesupport_cpp/eufs_msgs/srv/set_track__type_support.cpp.o\x1b[0m\n'}
[61.782437] (eufs_msgs) StdoutLine: {'line': b'[ 63%] \x1b[32mBuilding CXX object CMakeFiles/eufs_msgs__rosidl_typesupport_fastrtps_cpp.dir/rosidl_typesupport_fastrtps_cpp/eufs_msgs/msg/detail/dds_fastrtps/node_state_array__type_support.cpp.o\x1b[0m\n'}
[61.793126] (-) TimerEvent: {}
[61.893713] (-) TimerEvent: {}
[61.994213] (-) TimerEvent: {}
[62.094766] (-) TimerEvent: {}
[62.195355] (-) TimerEvent: {}
[62.295867] (-) TimerEvent: {}
[62.330682] (eufs_msgs) StdoutLine: {'line': b'[ 63%] \x1b[32m\x1b[1mLinking CXX shared library libeufs_msgs__rosidl_typesupport_cpp.so\x1b[0m\n'}
[62.346799] (eufs_msgs) StdoutLine: {'line': b'[ 63%] \x1b[32mBuilding CXX object CMakeFiles/eufs_msgs__rosidl_typesupport_introspection_cpp.dir/rosidl_typesupport_introspection_cpp/eufs_msgs/msg/detail/slam_err__type_support.cpp.o\x1b[0m\n'}
[62.396049] (-) TimerEvent: {}
[62.466683] (eufs_msgs) StdoutLine: {'line': b'[ 63%] Built target eufs_msgs__rosidl_typesupport_cpp\n'}
[62.496208] (-) TimerEvent: {}
[62.596635] (-) TimerEvent: {}
[62.697081] (-) TimerEvent: {}
[62.777960] (eufs_msgs) StdoutLine: {'line': b'[ 64%] \x1b[32mBuilding CXX object CMakeFiles/eufs_msgs__rosidl_typesupport_fastrtps_cpp.dir/rosidl_typesupport_fastrtps_cpp/eufs_msgs/msg/detail/dds_fastrtps/oss__type_support.cpp.o\x1b[0m\n'}
[62.797249] (-) TimerEvent: {}
[62.897752] (-) TimerEvent: {}
[62.949984] (eufs_msgs) StdoutLine: {'line': b'[ 64%] \x1b[32mBuilding CXX object CMakeFiles/eufs_msgs__rosidl_typesupport_introspection_cpp.dir/rosidl_typesupport_introspection_cpp/eufs_msgs/msg/detail/state_machine_state__type_support.cpp.o\x1b[0m\n'}
[62.997907] (-) TimerEvent: {}
[63.098347] (-) TimerEvent: {}
[63.198784] (-) TimerEvent: {}
[63.299237] (-) TimerEvent: {}
[63.399732] (-) TimerEvent: {}
[63.500181] (-) TimerEvent: {}
[63.535788] (eufs_msgs) StdoutLine: {'line': b'[ 65%] \x1b[32mBuilding CXX object CMakeFiles/eufs_msgs__rosidl_typesupport_introspection_cpp.dir/rosidl_typesupport_introspection_cpp/eufs_msgs/msg/detail/slam_state__type_support.cpp.o\x1b[0m\n'}
[63.600406] (-) TimerEvent: {}
[63.639697] (eufs_msgs) StdoutLine: {'line': b'[ 65%] \x1b[32mBuilding CXX object CMakeFiles/eufs_msgs__rosidl_typesupport_fastrtps_cpp.dir/rosidl_typesupport_fastrtps_cpp/eufs_msgs/msg/detail/dds_fastrtps/particle_slam__type_support.cpp.o\x1b[0m\n'}
[63.700572] (-) TimerEvent: {}
[63.801314] (-) TimerEvent: {}
[63.902052] (-) TimerEvent: {}
[64.002609] (-) TimerEvent: {}
[64.103219] (-) TimerEvent: {}
[64.113971] (eufs_msgs) StdoutLine: {'line': b'[ 65%] \x1b[32mBuilding CXX object CMakeFiles/eufs_msgs__rosidl_typesupport_introspection_cpp.dir/rosidl_typesupport_introspection_cpp/eufs_msgs/msg/detail/stereo_image__type_support.cpp.o\x1b[0m\n'}
[64.203339] (-) TimerEvent: {}
[64.303830] (-) TimerEvent: {}
[64.404380] (-) TimerEvent: {}
[64.504896] (-) TimerEvent: {}
[64.605408] (-) TimerEvent: {}
[64.627727] (eufs_msgs) StdoutLine: {'line': b'[ 65%] \x1b[32mBuilding CXX object CMakeFiles/eufs_msgs__rosidl_typesupport_fastrtps_cpp.dir/rosidl_typesupport_fastrtps_cpp/eufs_msgs/msg/detail/dds_fastrtps/particle_slam_stamped__type_support.cpp.o\x1b[0m\n'}
[64.705562] (-) TimerEvent: {}
[64.729310] (eufs_msgs) StdoutLine: {'line': b'[ 65%] \x1b[32mBuilding CXX object CMakeFiles/eufs_msgs__rosidl_typesupport_introspection_cpp.dir/rosidl_typesupport_introspection_cpp/eufs_msgs/msg/detail/system_status__type_support.cpp.o\x1b[0m\n'}
[64.805719] (-) TimerEvent: {}
[64.906272] (-) TimerEvent: {}
[65.006727] (-) TimerEvent: {}
[65.107176] (-) TimerEvent: {}
[65.207595] (-) TimerEvent: {}
[65.308018] (-) TimerEvent: {}
[65.408460] (-) TimerEvent: {}
[65.427621] (eufs_msgs) StdoutLine: {'line': b'[ 65%] \x1b[32mBuilding CXX object CMakeFiles/eufs_msgs__rosidl_typesupport_introspection_cpp.dir/rosidl_typesupport_introspection_cpp/eufs_msgs/msg/detail/runstop__type_support.cpp.o\x1b[0m\n'}
[65.491493] (eufs_msgs) StdoutLine: {'line': b'[ 66%] \x1b[32mBuilding CXX object CMakeFiles/eufs_msgs__rosidl_typesupport_fastrtps_cpp.dir/rosidl_typesupport_fastrtps_cpp/eufs_msgs/msg/detail/dds_fastrtps/path_integral_params__type_support.cpp.o\x1b[0m\n'}
[65.508635] (-) TimerEvent: {}
[65.609375] (-) TimerEvent: {}
[65.709812] (-) TimerEvent: {}
[65.810247] (-) TimerEvent: {}
[65.910660] (-) TimerEvent: {}
[66.007581] (eufs_msgs) StdoutLine: {'line': b'[ 66%] \x1b[32mBuilding CXX object CMakeFiles/eufs_msgs__rosidl_typesupport_introspection_cpp.dir/rosidl_typesupport_introspection_cpp/eufs_msgs/msg/detail/topic_status__type_support.cpp.o\x1b[0m\n'}
[66.010774] (-) TimerEvent: {}
[66.111185] (-) TimerEvent: {}
[66.211622] (-) TimerEvent: {}
[66.312148] (-) TimerEvent: {}
[66.353240] (eufs_msgs) StdoutLine: {'line': b'[ 66%] \x1b[32mBuilding CXX object CMakeFiles/eufs_msgs__rosidl_typesupport_fastrtps_cpp.dir/rosidl_typesupport_fastrtps_cpp/eufs_msgs/msg/detail/dds_fastrtps/path_integral_stats__type_support.cpp.o\x1b[0m\n'}
[66.412279] (-) TimerEvent: {}
[66.512767] (-) TimerEvent: {}
[66.591939] (eufs_msgs) StdoutLine: {'line': b'[ 67%] \x1b[32mBuilding CXX object CMakeFiles/eufs_msgs__rosidl_typesupport_introspection_cpp.dir/rosidl_typesupport_introspection_cpp/eufs_msgs/msg/detail/vehicle_commands__type_support.cpp.o\x1b[0m\n'}
[66.612936] (-) TimerEvent: {}
[66.713489] (-) TimerEvent: {}
[66.814039] (-) TimerEvent: {}
[66.914627] (-) TimerEvent: {}
[67.015222] (-) TimerEvent: {}
[67.115797] (-) TimerEvent: {}
[67.174006] (eufs_msgs) StdoutLine: {'line': b'[ 67%] \x1b[32mBuilding CXX object CMakeFiles/eufs_msgs__rosidl_typesupport_introspection_cpp.dir/rosidl_typesupport_introspection_cpp/eufs_msgs/msg/detail/vehicle_commands_stamped__type_support.cpp.o\x1b[0m\n'}
[67.206417] (eufs_msgs) StdoutLine: {'line': b'[ 67%] \x1b[32mBuilding CXX object CMakeFiles/eufs_msgs__rosidl_typesupport_fastrtps_cpp.dir/rosidl_typesupport_fastrtps_cpp/eufs_msgs/msg/detail/dds_fastrtps/path_integral_status__type_support.cpp.o\x1b[0m\n'}
[67.215995] (-) TimerEvent: {}
[67.316405] (-) TimerEvent: {}
[67.416828] (-) TimerEvent: {}
[67.517705] (-) TimerEvent: {}
[67.618258] (-) TimerEvent: {}
[67.718733] (-) TimerEvent: {}
[67.819167] (-) TimerEvent: {}
[67.853913] (eufs_msgs) StdoutLine: {'line': b'[ 67%] \x1b[32mBuilding CXX object CMakeFiles/eufs_msgs__rosidl_typesupport_introspection_cpp.dir/rosidl_typesupport_introspection_cpp/eufs_msgs/msg/detail/waypoint__type_support.cpp.o\x1b[0m\n'}
[67.919446] (-) TimerEvent: {}
[68.019895] (-) TimerEvent: {}
[68.120343] (-) TimerEvent: {}
[68.147277] (eufs_msgs) StdoutLine: {'line': b'[ 67%] \x1b[32mBuilding CXX object CMakeFiles/eufs_msgs__rosidl_typesupport_fastrtps_cpp.dir/rosidl_typesupport_fastrtps_cpp/eufs_msgs/msg/detail/dds_fastrtps/particle_stamped__type_support.cpp.o\x1b[0m\n'}
[68.220485] (-) TimerEvent: {}
[68.320918] (-) TimerEvent: {}
[68.421358] (-) TimerEvent: {}
[68.464226] (eufs_msgs) StdoutLine: {'line': b'[ 67%] \x1b[32mBuilding CXX object CMakeFiles/eufs_msgs__rosidl_typesupport_introspection_cpp.dir/rosidl_typesupport_introspection_cpp/eufs_msgs/msg/detail/wheel_odometry_err__type_support.cpp.o\x1b[0m\n'}
[68.521530] (-) TimerEvent: {}
[68.622229] (-) TimerEvent: {}
[68.722834] (-) TimerEvent: {}
[68.823406] (-) TimerEvent: {}
[68.923973] (-) TimerEvent: {}
[69.013592] (eufs_msgs) StdoutLine: {'line': b'[ 67%] \x1b[32mBuilding CXX object CMakeFiles/eufs_msgs__rosidl_typesupport_fastrtps_cpp.dir/rosidl_typesupport_fastrtps_cpp/eufs_msgs/msg/detail/dds_fastrtps/path_integral_timing__type_support.cpp.o\x1b[0m\n'}
[69.024104] (-) TimerEvent: {}
[69.066166] (eufs_msgs) StdoutLine: {'line': b'[ 67%] \x1b[32mBuilding CXX object CMakeFiles/eufs_msgs__rosidl_typesupport_introspection_cpp.dir/rosidl_typesupport_introspection_cpp/eufs_msgs/msg/detail/wheel_speeds__type_support.cpp.o\x1b[0m\n'}
[69.124280] (-) TimerEvent: {}
[69.224707] (-) TimerEvent: {}
[69.325210] (-) TimerEvent: {}
[69.425793] (-) TimerEvent: {}
[69.526242] (-) TimerEvent: {}
[69.626659] (-) TimerEvent: {}
[69.632596] (eufs_msgs) StdoutLine: {'line': b'[ 68%] \x1b[32mBuilding CXX object CMakeFiles/eufs_msgs__rosidl_typesupport_introspection_cpp.dir/rosidl_typesupport_introspection_cpp/eufs_msgs/msg/detail/wheel_speeds_stamped__type_support.cpp.o\x1b[0m\n'}
[69.726829] (-) TimerEvent: {}
[69.828277] (-) TimerEvent: {}
[69.886217] (eufs_msgs) StdoutLine: {'line': b'[ 68%] \x1b[32mBuilding CXX object CMakeFiles/eufs_msgs__rosidl_typesupport_fastrtps_cpp.dir/rosidl_typesupport_fastrtps_cpp/eufs_msgs/msg/detail/dds_fastrtps/planning_mode__type_support.cpp.o\x1b[0m\n'}
[69.928442] (-) TimerEvent: {}
[70.036063] (-) TimerEvent: {}
[70.136484] (-) TimerEvent: {}
[70.236899] (-) TimerEvent: {}
[70.266883] (eufs_msgs) StdoutLine: {'line': b'[ 68%] \x1b[32mBuilding CXX object CMakeFiles/eufs_msgs__rosidl_typesupport_introspection_cpp.dir/rosidl_typesupport_introspection_cpp/eufs_msgs/action/detail/check_for_objects__type_support.cpp.o\x1b[0m\n'}
[70.337055] (-) TimerEvent: {}
[70.437638] (-) TimerEvent: {}
[70.538232] (-) TimerEvent: {}
[70.638747] (-) TimerEvent: {}
[70.718003] (eufs_msgs) StdoutLine: {'line': b'[ 68%] \x1b[32mBuilding CXX object CMakeFiles/eufs_msgs__rosidl_typesupport_fastrtps_cpp.dir/rosidl_typesupport_fastrtps_cpp/eufs_msgs/msg/detail/dds_fastrtps/point_array__type_support.cpp.o\x1b[0m\n'}
[70.738899] (-) TimerEvent: {}
[70.839394] (-) TimerEvent: {}
[70.939833] (-) TimerEvent: {}
[71.040351] (-) TimerEvent: {}
[71.140874] (-) TimerEvent: {}
[71.241377] (-) TimerEvent: {}
[71.341814] (-) TimerEvent: {}
[71.361072] (eufs_msgs) StdoutLine: {'line': b'[ 68%] \x1b[32mBuilding CXX object CMakeFiles/eufs_msgs__rosidl_typesupport_introspection_cpp.dir/rosidl_typesupport_introspection_cpp/eufs_msgs/srv/detail/record_start__type_support.cpp.o\x1b[0m\n'}
[71.441970] (-) TimerEvent: {}
[71.542569] (-) TimerEvent: {}
[71.623418] (eufs_msgs) StdoutLine: {'line': b'[ 69%] \x1b[32mBuilding CXX object CMakeFiles/eufs_msgs__rosidl_typesupport_fastrtps_cpp.dir/rosidl_typesupport_fastrtps_cpp/eufs_msgs/msg/detail/dds_fastrtps/point_array_stamped__type_support.cpp.o\x1b[0m\n'}
[71.642725] (-) TimerEvent: {}
[71.743332] (-) TimerEvent: {}
[71.843893] (-) TimerEvent: {}
[71.940100] (eufs_msgs) StdoutLine: {'line': b'[ 69%] \x1b[32mBuilding CXX object CMakeFiles/eufs_msgs__rosidl_typesupport_introspection_cpp.dir/rosidl_typesupport_introspection_cpp/eufs_msgs/srv/detail/record_stop__type_support.cpp.o\x1b[0m\n'}
[71.944015] (-) TimerEvent: {}
[72.044382] (-) TimerEvent: {}
[72.144786] (-) TimerEvent: {}
[72.245218] (-) TimerEvent: {}
[72.345638] (-) TimerEvent: {}
[72.446077] (-) TimerEvent: {}
[72.523507] (eufs_msgs) StdoutLine: {'line': b'[ 69%] \x1b[32mBuilding CXX object CMakeFiles/eufs_msgs__rosidl_typesupport_introspection_cpp.dir/rosidl_typesupport_introspection_cpp/eufs_msgs/msg/detail/waypoint_array_stamped__type_support.cpp.o\x1b[0m\n'}
[72.543384] (eufs_msgs) StdoutLine: {'line': b'[ 69%] \x1b[32mBuilding CXX object CMakeFiles/eufs_msgs__rosidl_typesupport_fastrtps_cpp.dir/rosidl_typesupport_fastrtps_cpp/eufs_msgs/msg/detail/dds_fastrtps/pure_pursuit_checkpoint_array_stamped__type_support.cpp.o\x1b[0m\n'}
[72.546214] (-) TimerEvent: {}
[72.646614] (-) TimerEvent: {}
[72.747137] (-) TimerEvent: {}
[72.847714] (-) TimerEvent: {}
[72.948333] (-) TimerEvent: {}
[73.048877] (-) TimerEvent: {}
[73.149459] (-) TimerEvent: {}
[73.209493] (eufs_msgs) StdoutLine: {'line': b'[ 69%] \x1b[32mBuilding CXX object CMakeFiles/eufs_msgs__rosidl_typesupport_introspection_cpp.dir/rosidl_typesupport_introspection_cpp/eufs_msgs/srv/detail/register__type_support.cpp.o\x1b[0m\n'}
[73.249606] (-) TimerEvent: {}
[73.350053] (-) TimerEvent: {}
[73.450511] (-) TimerEvent: {}
[73.482521] (eufs_msgs) StdoutLine: {'line': b'[ 69%] \x1b[32mBuilding CXX object CMakeFiles/eufs_msgs__rosidl_typesupport_fastrtps_cpp.dir/rosidl_typesupport_fastrtps_cpp/eufs_msgs/msg/detail/dds_fastrtps/pure_pursuit_checkpoint__type_support.cpp.o\x1b[0m\n'}
[73.550722] (-) TimerEvent: {}
[73.651308] (-) TimerEvent: {}
[73.751735] (-) TimerEvent: {}
[73.800861] (eufs_msgs) StdoutLine: {'line': b'[ 69%] \x1b[32mBuilding CXX object CMakeFiles/eufs_msgs__rosidl_typesupport_introspection_cpp.dir/rosidl_typesupport_introspection_cpp/eufs_msgs/srv/detail/set_string__type_support.cpp.o\x1b[0m\n'}
[73.851910] (-) TimerEvent: {}
[73.952450] (-) TimerEvent: {}
[74.052955] (-) TimerEvent: {}
[74.153498] (-) TimerEvent: {}
[74.253946] (-) TimerEvent: {}
[74.316426] (eufs_msgs) StdoutLine: {'line': b'[ 69%] \x1b[32mBuilding CXX object CMakeFiles/eufs_msgs__rosidl_typesupport_fastrtps_cpp.dir/rosidl_typesupport_fastrtps_cpp/eufs_msgs/msg/detail/dds_fastrtps/runstop__type_support.cpp.o\x1b[0m\n'}
[74.354085] (-) TimerEvent: {}
[74.375363] (eufs_msgs) StdoutLine: {'line': b'[ 69%] \x1b[32mBuilding CXX object CMakeFiles/eufs_msgs__rosidl_typesupport_introspection_cpp.dir/rosidl_typesupport_introspection_cpp/eufs_msgs/srv/detail/set_track__type_support.cpp.o\x1b[0m\n'}
[74.454262] (-) TimerEvent: {}
[74.554815] (-) TimerEvent: {}
[74.655369] (-) TimerEvent: {}
[74.755911] (-) TimerEvent: {}
[74.856470] (-) TimerEvent: {}
[74.957085] (-) TimerEvent: {}
[75.013051] (eufs_msgs) StdoutLine: {'line': b'[ 70%] \x1b[32mBuilding CXX object CMakeFiles/eufs_msgs__rosidl_typesupport_introspection_cpp.dir/rosidl_typesupport_introspection_cpp/eufs_msgs/srv/detail/set_can_state__type_support.cpp.o\x1b[0m\n'}
[75.057249] (-) TimerEvent: {}
[75.152571] (eufs_msgs) StdoutLine: {'line': b'[ 71%] \x1b[32mBuilding CXX object CMakeFiles/eufs_msgs__rosidl_typesupport_fastrtps_cpp.dir/rosidl_typesupport_fastrtps_cpp/eufs_msgs/msg/detail/dds_fastrtps/slam_state__type_support.cpp.o\x1b[0m\n'}
[75.157365] (-) TimerEvent: {}
[75.257853] (-) TimerEvent: {}
[75.358501] (-) TimerEvent: {}
[75.459053] (-) TimerEvent: {}
[75.559638] (-) TimerEvent: {}
[75.590977] (eufs_msgs) StdoutLine: {'line': b'[ 71%] \x1b[32mBuilding CXX object CMakeFiles/eufs_msgs__rosidl_typesupport_introspection_cpp.dir/rosidl_typesupport_introspection_cpp/eufs_msgs/srv/detail/set_mission__type_support.cpp.o\x1b[0m\n'}
[75.659791] (-) TimerEvent: {}
[75.760285] (-) TimerEvent: {}
[75.860895] (-) TimerEvent: {}
[75.961411] (-) TimerEvent: {}
[76.001329] (eufs_msgs) StdoutLine: {'line': b'[ 71%] \x1b[32mBuilding CXX object CMakeFiles/eufs_msgs__rosidl_typesupport_fastrtps_cpp.dir/rosidl_typesupport_fastrtps_cpp/eufs_msgs/msg/detail/dds_fastrtps/state_machine_state__type_support.cpp.o\x1b[0m\n'}
[76.061576] (-) TimerEvent: {}
[76.162104] (-) TimerEvent: {}
[76.171745] (eufs_msgs) StdoutLine: {'line': b'[ 71%] \x1b[32mBuilding CXX object CMakeFiles/eufs_msgs__rosidl_typesupport_introspection_cpp.dir/rosidl_typesupport_introspection_cpp/eufs_msgs/srv/detail/get_map__type_support.cpp.o\x1b[0m\n'}
[76.262262] (-) TimerEvent: {}
[76.362806] (-) TimerEvent: {}
[76.463301] (-) TimerEvent: {}
[76.563820] (-) TimerEvent: {}
[76.664272] (-) TimerEvent: {}
[76.764726] (-) TimerEvent: {}
[76.827955] (eufs_msgs) StdoutLine: {'line': b'[ 71%] \x1b[32mBuilding CXX object CMakeFiles/eufs_msgs__rosidl_typesupport_fastrtps_cpp.dir/rosidl_typesupport_fastrtps_cpp/eufs_msgs/msg/detail/dds_fastrtps/stereo_image__type_support.cpp.o\x1b[0m\n'}
[76.857109] (eufs_msgs) StdoutLine: {'line': b'[ 72%] \x1b[32m\x1b[1mLinking CXX shared library libeufs_msgs__rosidl_typesupport_introspection_cpp.so\x1b[0m\n'}
[76.864855] (-) TimerEvent: {}
[76.965333] (-) TimerEvent: {}
[77.065961] (-) TimerEvent: {}
[77.137410] (eufs_msgs) StdoutLine: {'line': b'[ 72%] Built target eufs_msgs__rosidl_typesupport_introspection_cpp\n'}
[77.166193] (-) TimerEvent: {}
[77.266613] (-) TimerEvent: {}
[77.367125] (-) TimerEvent: {}
[77.467639] (-) TimerEvent: {}
[77.568191] (-) TimerEvent: {}
[77.665109] (eufs_msgs) StdoutLine: {'line': b'[ 72%] \x1b[32mBuilding CXX object CMakeFiles/eufs_msgs__rosidl_typesupport_fastrtps_cpp.dir/rosidl_typesupport_fastrtps_cpp/eufs_msgs/msg/detail/dds_fastrtps/topic_status__type_support.cpp.o\x1b[0m\n'}
[77.668303] (-) TimerEvent: {}
[77.768678] (-) TimerEvent: {}
[77.869089] (-) TimerEvent: {}
[77.969544] (-) TimerEvent: {}
[78.070115] (-) TimerEvent: {}
[78.170676] (-) TimerEvent: {}
[78.271110] (-) TimerEvent: {}
[78.371603] (-) TimerEvent: {}
[78.472033] (-) TimerEvent: {}
[78.494895] (eufs_msgs) StdoutLine: {'line': b'[ 73%] \x1b[32mBuilding CXX object CMakeFiles/eufs_msgs__rosidl_typesupport_fastrtps_cpp.dir/rosidl_typesupport_fastrtps_cpp/eufs_msgs/msg/detail/dds_fastrtps/vehicle_commands__type_support.cpp.o\x1b[0m\n'}
[78.572204] (-) TimerEvent: {}
[78.672778] (-) TimerEvent: {}
[78.773423] (-) TimerEvent: {}
[78.873955] (-) TimerEvent: {}
[78.974384] (-) TimerEvent: {}
[79.074797] (-) TimerEvent: {}
[79.175297] (-) TimerEvent: {}
[79.275741] (-) TimerEvent: {}
[79.316483] (eufs_msgs) StdoutLine: {'line': b'[ 73%] \x1b[32mBuilding CXX object CMakeFiles/eufs_msgs__rosidl_typesupport_fastrtps_cpp.dir/rosidl_typesupport_fastrtps_cpp/eufs_msgs/msg/detail/dds_fastrtps/vehicle_commands_stamped__type_support.cpp.o\x1b[0m\n'}
[79.375970] (-) TimerEvent: {}
[79.476518] (-) TimerEvent: {}
[79.576940] (-) TimerEvent: {}
[79.677377] (-) TimerEvent: {}
[79.777802] (-) TimerEvent: {}
[79.878235] (-) TimerEvent: {}
[79.978739] (-) TimerEvent: {}
[80.079174] (-) TimerEvent: {}
[80.118045] (eufs_msgs) StdoutLine: {'line': b'[ 73%] \x1b[32mBuilding CXX object CMakeFiles/eufs_msgs__rosidl_typesupport_fastrtps_cpp.dir/rosidl_typesupport_fastrtps_cpp/eufs_msgs/msg/detail/dds_fastrtps/system_status__type_support.cpp.o\x1b[0m\n'}
[80.118401] (eufs_msgs) StdoutLine: {'line': b'[ 73%] \x1b[32mBuilding CXX object CMakeFiles/eufs_msgs__rosidl_typesupport_fastrtps_cpp.dir/rosidl_typesupport_fastrtps_cpp/eufs_msgs/msg/detail/dds_fastrtps/waypoint__type_support.cpp.o\x1b[0m\n'}
[80.179266] (-) TimerEvent: {}
[80.279840] (-) TimerEvent: {}
[80.380331] (-) TimerEvent: {}
[80.480758] (-) TimerEvent: {}
[80.581220] (-) TimerEvent: {}
[80.681652] (-) TimerEvent: {}
[80.782180] (-) TimerEvent: {}
[80.883269] (-) TimerEvent: {}
[80.984483] (-) TimerEvent: {}
[80.989482] (eufs_msgs) StdoutLine: {'line': b'[ 73%] \x1b[32mBuilding CXX object CMakeFiles/eufs_msgs__rosidl_typesupport_fastrtps_cpp.dir/rosidl_typesupport_fastrtps_cpp/eufs_msgs/msg/detail/dds_fastrtps/waypoint_array_stamped__type_support.cpp.o\x1b[0m\n'}
[80.993340] (eufs_msgs) StdoutLine: {'line': b'[ 73%] \x1b[32mBuilding CXX object CMakeFiles/eufs_msgs__rosidl_typesupport_fastrtps_cpp.dir/rosidl_typesupport_fastrtps_cpp/eufs_msgs/msg/detail/dds_fastrtps/slam_err__type_support.cpp.o\x1b[0m\n'}
[81.084651] (-) TimerEvent: {}
[81.095905] (eufs_msgs) StdoutLine: {'line': b'[ 73%] \x1b[32mBuilding CXX object CMakeFiles/eufs_msgs__rosidl_typesupport_fastrtps_cpp.dir/rosidl_typesupport_fastrtps_cpp/eufs_msgs/msg/detail/dds_fastrtps/wheel_odometry_err__type_support.cpp.o\x1b[0m\n'}
[81.184814] (-) TimerEvent: {}
[81.285391] (-) TimerEvent: {}
[81.385968] (-) TimerEvent: {}
[81.486884] (-) TimerEvent: {}
[81.587355] (-) TimerEvent: {}
[81.687845] (-) TimerEvent: {}
[81.788373] (-) TimerEvent: {}
[81.889087] (-) TimerEvent: {}
[81.912378] (eufs_msgs) StdoutLine: {'line': b'[ 73%] \x1b[32mBuilding CXX object CMakeFiles/eufs_msgs__rosidl_typesupport_fastrtps_cpp.dir/rosidl_typesupport_fastrtps_cpp/eufs_msgs/msg/detail/dds_fastrtps/wheel_speeds__type_support.cpp.o\x1b[0m\n'}
[81.989245] (-) TimerEvent: {}
[81.999408] (eufs_msgs) StdoutLine: {'line': b'[ 74%] \x1b[32mBuilding CXX object CMakeFiles/eufs_msgs__rosidl_typesupport_fastrtps_cpp.dir/rosidl_typesupport_fastrtps_cpp/eufs_msgs/msg/detail/dds_fastrtps/wheel_speeds_stamped__type_support.cpp.o\x1b[0m\n'}
[82.011374] (eufs_msgs) StdoutLine: {'line': b'[ 74%] \x1b[32mBuilding CXX object CMakeFiles/eufs_msgs__rosidl_typesupport_fastrtps_cpp.dir/rosidl_typesupport_fastrtps_cpp/eufs_msgs/action/detail/dds_fastrtps/check_for_objects__type_support.cpp.o\x1b[0m\n'}
[82.089418] (-) TimerEvent: {}
[82.189958] (-) TimerEvent: {}
[82.290501] (-) TimerEvent: {}
[82.391041] (-) TimerEvent: {}
[82.491623] (-) TimerEvent: {}
[82.592252] (-) TimerEvent: {}
[82.692789] (-) TimerEvent: {}
[82.793379] (-) TimerEvent: {}
[82.840448] (eufs_msgs) StdoutLine: {'line': b'[ 74%] \x1b[32mBuilding CXX object CMakeFiles/eufs_msgs__rosidl_typesupport_fastrtps_cpp.dir/rosidl_typesupport_fastrtps_cpp/eufs_msgs/msg/detail/dds_fastrtps/particle__type_support.cpp.o\x1b[0m\n'}
[82.840845] (eufs_msgs) StdoutLine: {'line': b'[ 74%] \x1b[32mBuilding CXX object CMakeFiles/eufs_msgs__rosidl_typesupport_fastrtps_cpp.dir/rosidl_typesupport_fastrtps_cpp/eufs_msgs/srv/detail/dds_fastrtps/record_start__type_support.cpp.o\x1b[0m\n'}
[82.893760] (-) TimerEvent: {}
[82.905422] (eufs_msgs) StdoutLine: {'line': b'[ 74%] \x1b[32mBuilding CXX object CMakeFiles/eufs_msgs__rosidl_typesupport_fastrtps_cpp.dir/rosidl_typesupport_fastrtps_cpp/eufs_msgs/srv/detail/dds_fastrtps/record_stop__type_support.cpp.o\x1b[0m\n'}
[82.993695] (-) TimerEvent: {}
[83.094294] (-) TimerEvent: {}
[83.194863] (-) TimerEvent: {}
[83.295438] (-) TimerEvent: {}
[83.380739] (eufs_msgs) StdoutLine: {'line': b'[ 74%] \x1b[32mBuilding CXX object CMakeFiles/eufs_msgs__rosidl_typesupport_fastrtps_cpp.dir/rosidl_typesupport_fastrtps_cpp/eufs_msgs/srv/detail/dds_fastrtps/register__type_support.cpp.o\x1b[0m\n'}
[83.395620] (-) TimerEvent: {}
[83.496232] (-) TimerEvent: {}
[83.596835] (-) TimerEvent: {}
[83.698546] (-) TimerEvent: {}
[83.799130] (-) TimerEvent: {}
[83.899692] (-) TimerEvent: {}
[84.000252] (-) TimerEvent: {}
[84.100810] (-) TimerEvent: {}
[84.201400] (-) TimerEvent: {}
[84.300756] (eufs_msgs) StdoutLine: {'line': b'[ 74%] \x1b[32mBuilding CXX object CMakeFiles/eufs_msgs__rosidl_typesupport_fastrtps_cpp.dir/rosidl_typesupport_fastrtps_cpp/eufs_msgs/srv/detail/dds_fastrtps/set_mission__type_support.cpp.o\x1b[0m\n'}
[84.301481] (-) TimerEvent: {}
[84.401812] (-) TimerEvent: {}
[84.502488] (-) TimerEvent: {}
[84.603085] (-) TimerEvent: {}
[84.703638] (-) TimerEvent: {}
[84.804283] (-) TimerEvent: {}
[84.904937] (-) TimerEvent: {}
[85.005571] (-) TimerEvent: {}
[85.106171] (-) TimerEvent: {}
[85.142523] (eufs_msgs) StdoutLine: {'line': b'[ 74%] \x1b[32mBuilding CXX object CMakeFiles/eufs_msgs__rosidl_typesupport_fastrtps_cpp.dir/rosidl_typesupport_fastrtps_cpp/eufs_msgs/srv/detail/dds_fastrtps/get_map__type_support.cpp.o\x1b[0m\n'}
[85.206389] (-) TimerEvent: {}
[85.306960] (-) TimerEvent: {}
[85.407514] (-) TimerEvent: {}
[85.508016] (-) TimerEvent: {}
[85.608501] (-) TimerEvent: {}
[85.708940] (-) TimerEvent: {}
[85.809388] (-) TimerEvent: {}
[85.909823] (-) TimerEvent: {}
[86.010271] (-) TimerEvent: {}
[86.069416] (eufs_msgs) StdoutLine: {'line': b'[ 74%] \x1b[32mBuilding CXX object CMakeFiles/eufs_msgs__rosidl_typesupport_fastrtps_cpp.dir/rosidl_typesupport_fastrtps_cpp/eufs_msgs/srv/detail/dds_fastrtps/set_track__type_support.cpp.o\x1b[0m\n'}
[86.110401] (-) TimerEvent: {}
[86.210839] (-) TimerEvent: {}
[86.311273] (-) TimerEvent: {}
[86.411718] (-) TimerEvent: {}
[86.512240] (-) TimerEvent: {}
[86.612677] (-) TimerEvent: {}
[86.713179] (-) TimerEvent: {}
[86.813604] (-) TimerEvent: {}
[86.904031] (eufs_msgs) StdoutLine: {'line': b'[ 74%] \x1b[32mBuilding CXX object CMakeFiles/eufs_msgs__rosidl_typesupport_fastrtps_cpp.dir/rosidl_typesupport_fastrtps_cpp/eufs_msgs/srv/detail/dds_fastrtps/set_string__type_support.cpp.o\x1b[0m\n'}
[86.913819] (-) TimerEvent: {}
[87.014249] (-) TimerEvent: {}
[87.114674] (-) TimerEvent: {}
[87.215218] (-) TimerEvent: {}
[87.315777] (-) TimerEvent: {}
[87.416236] (-) TimerEvent: {}
[87.516798] (-) TimerEvent: {}
[87.617239] (-) TimerEvent: {}
[87.717747] (-) TimerEvent: {}
[87.744748] (eufs_msgs) StdoutLine: {'line': b'[ 75%] \x1b[32mBuilding CXX object CMakeFiles/eufs_msgs__rosidl_typesupport_fastrtps_cpp.dir/rosidl_typesupport_fastrtps_cpp/eufs_msgs/srv/detail/dds_fastrtps/set_can_state__type_support.cpp.o\x1b[0m\n'}
[87.817904] (-) TimerEvent: {}
[87.918454] (-) TimerEvent: {}
[88.019030] (-) TimerEvent: {}
[88.119638] (-) TimerEvent: {}
[88.220188] (-) TimerEvent: {}
[88.320792] (-) TimerEvent: {}
[88.421390] (-) TimerEvent: {}
[88.521958] (-) TimerEvent: {}
[88.585282] (eufs_msgs) StdoutLine: {'line': b'[ 75%] \x1b[32mBuilding CXX object CMakeFiles/eufs_msgs__rosidl_typesupport_fastrtps_cpp.dir/rosidl_typesupport_fastrtps_cpp/eufs_msgs/msg/detail/dds_fastrtps/node_state__type_support.cpp.o\x1b[0m\n'}
[88.622105] (-) TimerEvent: {}
[88.722646] (-) TimerEvent: {}
[88.823207] (-) TimerEvent: {}
[88.923883] (-) TimerEvent: {}
[89.024432] (-) TimerEvent: {}
[89.124991] (-) TimerEvent: {}
[89.225521] (-) TimerEvent: {}
[89.326134] (-) TimerEvent: {}
[89.399924] (eufs_msgs) StdoutLine: {'line': b'[ 75%] \x1b[32mBuilding CXX object CMakeFiles/eufs_msgs__rosidl_typesupport_fastrtps_cpp.dir/rosidl_typesupport_fastrtps_cpp/eufs_msgs/msg/detail/dds_fastrtps/cone_array_with_covariance_plus__type_support.cpp.o\x1b[0m\n'}
[89.400371] (eufs_msgs) StdoutLine: {'line': b'[ 75%] \x1b[32mBuilding CXX object CMakeFiles/eufs_msgs__rosidl_typesupport_fastrtps_cpp.dir/rosidl_typesupport_fastrtps_cpp/eufs_msgs/msg/detail/dds_fastrtps/cone_association__type_support.cpp.o\x1b[0m\n'}
[89.426253] (-) TimerEvent: {}
[89.526667] (-) TimerEvent: {}
[89.627075] (-) TimerEvent: {}
[89.727554] (-) TimerEvent: {}
[89.827994] (-) TimerEvent: {}
[89.928437] (-) TimerEvent: {}
[90.028867] (-) TimerEvent: {}
[90.129238] (-) TimerEvent: {}
[90.229662] (-) TimerEvent: {}
[90.330079] (-) TimerEvent: {}
[90.346369] (eufs_msgs) StdoutLine: {'line': b'[ 75%] \x1b[32m\x1b[1mLinking CXX shared library libeufs_msgs__rosidl_typesupport_fastrtps_cpp.so\x1b[0m\n'}
[90.430359] (-) TimerEvent: {}
[90.530824] (-) TimerEvent: {}
[90.631340] (-) TimerEvent: {}
[90.654204] (eufs_msgs) StdoutLine: {'line': b'[ 75%] Built target eufs_msgs__rosidl_typesupport_fastrtps_cpp\n'}
[90.691482] (eufs_msgs) StdoutLine: {'line': b'[ 76%] \x1b[34m\x1b[1mGenerating C type support for eProsima Fast-RTPS\x1b[0m\n'}
[90.731466] (-) TimerEvent: {}
[90.831860] (-) TimerEvent: {}
[90.932246] (-) TimerEvent: {}
[91.032624] (-) TimerEvent: {}
[91.132999] (-) TimerEvent: {}
[91.233411] (-) TimerEvent: {}
[91.333806] (-) TimerEvent: {}
[91.434208] (-) TimerEvent: {}
[91.534589] (-) TimerEvent: {}
[91.634989] (-) TimerEvent: {}
[91.735378] (-) TimerEvent: {}
[91.835862] (-) TimerEvent: {}
[91.937261] (-) TimerEvent: {}
[92.037794] (-) TimerEvent: {}
[92.138227] (-) TimerEvent: {}
[92.238714] (-) TimerEvent: {}
[92.339191] (-) TimerEvent: {}
[92.439676] (-) TimerEvent: {}
[92.540192] (-) TimerEvent: {}
[92.640669] (-) TimerEvent: {}
[92.741197] (-) TimerEvent: {}
[92.841661] (-) TimerEvent: {}
[92.942067] (-) TimerEvent: {}
[93.042662] (-) TimerEvent: {}
[93.143258] (-) TimerEvent: {}
[93.243692] (-) TimerEvent: {}
[93.344075] (-) TimerEvent: {}
[93.444455] (-) TimerEvent: {}
[93.544856] (-) TimerEvent: {}
[93.645225] (-) TimerEvent: {}
[93.745607] (-) TimerEvent: {}
[93.846006] (-) TimerEvent: {}
[93.946454] (-) TimerEvent: {}
[94.046845] (-) TimerEvent: {}
[94.147240] (-) TimerEvent: {}
[94.247737] (-) TimerEvent: {}
[94.348214] (-) TimerEvent: {}
[94.448674] (-) TimerEvent: {}
[94.549057] (-) TimerEvent: {}
[94.649535] (-) TimerEvent: {}
[94.749939] (-) TimerEvent: {}
[94.850339] (-) TimerEvent: {}
[94.950721] (-) TimerEvent: {}
[95.051121] (-) TimerEvent: {}
[95.151510] (-) TimerEvent: {}
[95.251916] (-) TimerEvent: {}
[95.352255] (-) TimerEvent: {}
[95.452706] (-) TimerEvent: {}
[95.553093] (-) TimerEvent: {}
[95.653559] (-) TimerEvent: {}
[95.754047] (-) TimerEvent: {}
[95.854588] (-) TimerEvent: {}
[95.955100] (-) TimerEvent: {}
[96.055733] (-) TimerEvent: {}
[96.156212] (-) TimerEvent: {}
[96.256722] (-) TimerEvent: {}
[96.357108] (-) TimerEvent: {}
[96.457492] (-) TimerEvent: {}
[96.557844] (-) TimerEvent: {}
[96.658338] (-) TimerEvent: {}
[96.758812] (-) TimerEvent: {}
[96.859288] (-) TimerEvent: {}
[96.959801] (-) TimerEvent: {}
[97.060246] (-) TimerEvent: {}
[97.160641] (-) TimerEvent: {}
[97.261119] (-) TimerEvent: {}
[97.361491] (-) TimerEvent: {}
[97.461880] (-) TimerEvent: {}
[97.562270] (-) TimerEvent: {}
[97.662805] (-) TimerEvent: {}
[97.763246] (-) TimerEvent: {}
[97.863658] (-) TimerEvent: {}
[97.964120] (-) TimerEvent: {}
[98.064701] (-) TimerEvent: {}
[98.165241] (-) TimerEvent: {}
[98.265752] (-) TimerEvent: {}
[98.367060] (-) TimerEvent: {}
[98.467639] (-) TimerEvent: {}
[98.568200] (-) TimerEvent: {}
[98.669026] (-) TimerEvent: {}
[98.769450] (-) TimerEvent: {}
[98.806625] (eufs_msgs) StdoutLine: {'line': b'\x1b[35m\x1b[1mScanning dependencies of target eufs_msgs__rosidl_typesupport_fastrtps_c\x1b[0m\n'}
[98.869594] (-) TimerEvent: {}
[98.970095] (-) TimerEvent: {}
[99.047825] (eufs_msgs) StdoutLine: {'line': b'[ 76%] \x1b[32mBuilding CXX object CMakeFiles/eufs_msgs__rosidl_typesupport_fastrtps_c.dir/rosidl_typesupport_fastrtps_c/eufs_msgs/msg/detail/bounding_box__type_support_c.cpp.o\x1b[0m\n'}
[99.070315] (-) TimerEvent: {}
[99.170719] (-) TimerEvent: {}
[99.271118] (-) TimerEvent: {}
[99.371514] (-) TimerEvent: {}
[99.471930] (-) TimerEvent: {}
[99.572350] (-) TimerEvent: {}
[99.672876] (-) TimerEvent: {}
[99.762483] (eufs_msgs) StdoutLine: {'line': b'[ 76%] \x1b[32mBuilding CXX object CMakeFiles/eufs_msgs__rosidl_typesupport_fastrtps_c.dir/rosidl_typesupport_fastrtps_c/eufs_msgs/msg/detail/cone_array__type_support_c.cpp.o\x1b[0m\n'}
[99.773023] (-) TimerEvent: {}
[99.873563] (-) TimerEvent: {}
[99.974082] (-) TimerEvent: {}
[100.074718] (-) TimerEvent: {}
[100.175382] (-) TimerEvent: {}
[100.276119] (-) TimerEvent: {}
[100.376760] (-) TimerEvent: {}
[100.468317] (eufs_msgs) StdoutLine: {'line': b'[ 76%] \x1b[32mBuilding CXX object CMakeFiles/eufs_msgs__rosidl_typesupport_fastrtps_c.dir/rosidl_typesupport_fastrtps_c/eufs_msgs/msg/detail/cone_array_with_covariance__type_support_c.cpp.o\x1b[0m\n'}
[100.476884] (-) TimerEvent: {}
[100.577362] (-) TimerEvent: {}
[100.677885] (-) TimerEvent: {}
[100.778437] (-) TimerEvent: {}
[100.878975] (-) TimerEvent: {}
[100.979528] (-) TimerEvent: {}
[101.080067] (-) TimerEvent: {}
[101.169836] (eufs_msgs) StdoutLine: {'line': b'[ 76%] \x1b[32mBuilding CXX object CMakeFiles/eufs_msgs__rosidl_typesupport_fastrtps_c.dir/rosidl_typesupport_fastrtps_c/eufs_msgs/msg/detail/cone_array_with_covariance_plus__type_support_c.cpp.o\x1b[0m\n'}
[101.180295] (-) TimerEvent: {}
[101.280772] (-) TimerEvent: {}
[101.381241] (-) TimerEvent: {}
[101.481745] (-) TimerEvent: {}
[101.582192] (-) TimerEvent: {}
[101.682866] (-) TimerEvent: {}
[101.783481] (-) TimerEvent: {}
[101.864495] (eufs_msgs) StdoutLine: {'line': b'[ 77%] \x1b[32mBuilding CXX object CMakeFiles/eufs_msgs__rosidl_typesupport_fastrtps_c.dir/rosidl_typesupport_fastrtps_c/eufs_msgs/msg/detail/cone_with_covariance__type_support_c.cpp.o\x1b[0m\n'}
[101.883689] (-) TimerEvent: {}
[101.984227] (-) TimerEvent: {}
[102.084750] (-) TimerEvent: {}
[102.185193] (-) TimerEvent: {}
[102.285602] (-) TimerEvent: {}
[102.386006] (-) TimerEvent: {}
[102.486443] (-) TimerEvent: {}
[102.550124] (eufs_msgs) StdoutLine: {'line': b'[ 77%] \x1b[32mBuilding CXX object CMakeFiles/eufs_msgs__rosidl_typesupport_fastrtps_c.dir/rosidl_typesupport_fastrtps_c/eufs_msgs/msg/detail/cone_with_covariance_plus__type_support_c.cpp.o\x1b[0m\n'}
[102.586656] (-) TimerEvent: {}
[102.687083] (-) TimerEvent: {}
[102.787638] (-) TimerEvent: {}
[102.888214] (-) TimerEvent: {}
[102.988648] (-) TimerEvent: {}
[103.089090] (-) TimerEvent: {}
[103.189571] (-) TimerEvent: {}
[103.242160] (eufs_msgs) StdoutLine: {'line': b'[ 77%] \x1b[32mBuilding CXX object CMakeFiles/eufs_msgs__rosidl_typesupport_fastrtps_c.dir/rosidl_typesupport_fastrtps_c/eufs_msgs/msg/detail/cone_association__type_support_c.cpp.o\x1b[0m\n'}
[103.289732] (-) TimerEvent: {}
[103.390448] (-) TimerEvent: {}
[103.491118] (-) TimerEvent: {}
[103.591808] (-) TimerEvent: {}
[103.693278] (-) TimerEvent: {}
[103.793876] (-) TimerEvent: {}
[103.894454] (-) TimerEvent: {}
[103.951620] (eufs_msgs) StdoutLine: {'line': b'[ 77%] \x1b[32mBuilding CXX object CMakeFiles/eufs_msgs__rosidl_typesupport_fastrtps_c.dir/rosidl_typesupport_fastrtps_c/eufs_msgs/msg/detail/cone_association_array__type_support_c.cpp.o\x1b[0m\n'}
[103.994670] (-) TimerEvent: {}
[104.095163] (-) TimerEvent: {}
[104.195625] (-) TimerEvent: {}
[104.296141] (-) TimerEvent: {}
[104.396603] (-) TimerEvent: {}
[104.497055] (-) TimerEvent: {}
[104.597590] (-) TimerEvent: {}
[104.674831] (eufs_msgs) StdoutLine: {'line': b'[ 77%] \x1b[32mBuilding CXX object CMakeFiles/eufs_msgs__rosidl_typesupport_fastrtps_c.dir/rosidl_typesupport_fastrtps_c/eufs_msgs/msg/detail/cone_association_array_array_stamped__type_support_c.cpp.o\x1b[0m\n'}
[104.697748] (-) TimerEvent: {}
[104.798257] (-) TimerEvent: {}
[104.898696] (-) TimerEvent: {}
[104.999222] (-) TimerEvent: {}
[105.099684] (-) TimerEvent: {}
[105.200176] (-) TimerEvent: {}
[105.300698] (-) TimerEvent: {}
[105.368776] (eufs_msgs) StdoutLine: {'line': b'[ 78%] \x1b[32mBuilding CXX object CMakeFiles/eufs_msgs__rosidl_typesupport_fastrtps_c.dir/rosidl_typesupport_fastrtps_c/eufs_msgs/msg/detail/cone_association_array_stamped__type_support_c.cpp.o\x1b[0m\n'}
[105.400921] (-) TimerEvent: {}
[105.501501] (-) TimerEvent: {}
[105.602108] (-) TimerEvent: {}
[105.702517] (-) TimerEvent: {}
[105.802922] (-) TimerEvent: {}
[105.903341] (-) TimerEvent: {}
[106.003774] (-) TimerEvent: {}
[106.054699] (eufs_msgs) StdoutLine: {'line': b'[ 78%] \x1b[32mBuilding CXX object CMakeFiles/eufs_msgs__rosidl_typesupport_fastrtps_c.dir/rosidl_typesupport_fastrtps_c/eufs_msgs/msg/detail/costmap__type_support_c.cpp.o\x1b[0m\n'}
[106.103929] (-) TimerEvent: {}
[106.204663] (-) TimerEvent: {}
[106.305209] (-) TimerEvent: {}
[106.405763] (-) TimerEvent: {}
[106.506390] (-) TimerEvent: {}
[106.606994] (-) TimerEvent: {}
[106.707596] (-) TimerEvent: {}
[106.772625] (eufs_msgs) StdoutLine: {'line': b'[ 78%] \x1b[32mBuilding CXX object CMakeFiles/eufs_msgs__rosidl_typesupport_fastrtps_c.dir/rosidl_typesupport_fastrtps_c/eufs_msgs/msg/detail/cpu_status__type_support_c.cpp.o\x1b[0m\n'}
[106.807730] (-) TimerEvent: {}
[106.908158] (-) TimerEvent: {}
[107.008649] (-) TimerEvent: {}
[107.109069] (-) TimerEvent: {}
[107.209485] (-) TimerEvent: {}
[107.309957] (-) TimerEvent: {}
[107.410520] (-) TimerEvent: {}
[107.468919] (eufs_msgs) StdoutLine: {'line': b'[ 78%] \x1b[32mBuilding CXX object CMakeFiles/eufs_msgs__rosidl_typesupport_fastrtps_c.dir/rosidl_typesupport_fastrtps_c/eufs_msgs/msg/detail/cpu_usage__type_support_c.cpp.o\x1b[0m\n'}
[107.510672] (-) TimerEvent: {}
[107.611081] (-) TimerEvent: {}
[107.711506] (-) TimerEvent: {}
[107.811914] (-) TimerEvent: {}
[107.912447] (-) TimerEvent: {}
[108.012884] (-) TimerEvent: {}
[108.113317] (-) TimerEvent: {}
[108.165397] (eufs_msgs) StdoutLine: {'line': b'[ 78%] \x1b[32mBuilding CXX object CMakeFiles/eufs_msgs__rosidl_typesupport_fastrtps_c.dir/rosidl_typesupport_fastrtps_c/eufs_msgs/msg/detail/ekf_err__type_support_c.cpp.o\x1b[0m\n'}
[108.213454] (-) TimerEvent: {}
[108.313866] (-) TimerEvent: {}
[108.414280] (-) TimerEvent: {}
[108.514776] (-) TimerEvent: {}
[108.615198] (-) TimerEvent: {}
[108.715627] (-) TimerEvent: {}
[108.816146] (-) TimerEvent: {}
[108.857813] (eufs_msgs) StdoutLine: {'line': b'[ 78%] \x1b[32mBuilding CXX object CMakeFiles/eufs_msgs__rosidl_typesupport_fastrtps_c.dir/rosidl_typesupport_fastrtps_c/eufs_msgs/msg/detail/ekf_state__type_support_c.cpp.o\x1b[0m\n'}
[108.916398] (-) TimerEvent: {}
[109.016910] (-) TimerEvent: {}
[109.117346] (-) TimerEvent: {}
[109.217795] (-) TimerEvent: {}
[109.318284] (-) TimerEvent: {}
[109.418741] (-) TimerEvent: {}
[109.519293] (-) TimerEvent: {}
[109.557002] (eufs_msgs) StdoutLine: {'line': b'[ 79%] \x1b[32mBuilding CXX object CMakeFiles/eufs_msgs__rosidl_typesupport_fastrtps_c.dir/rosidl_typesupport_fastrtps_c/eufs_msgs/msg/detail/full_state__type_support_c.cpp.o\x1b[0m\n'}
[109.619501] (-) TimerEvent: {}
[109.720034] (-) TimerEvent: {}
[109.820499] (-) TimerEvent: {}
[109.921080] (-) TimerEvent: {}
[110.021691] (-) TimerEvent: {}
[110.122114] (-) TimerEvent: {}
[110.222581] (-) TimerEvent: {}
[110.251137] (eufs_msgs) StdoutLine: {'line': b'[ 79%] \x1b[32mBuilding CXX object CMakeFiles/eufs_msgs__rosidl_typesupport_fastrtps_c.dir/rosidl_typesupport_fastrtps_c/eufs_msgs/msg/detail/heartbeat__type_support_c.cpp.o\x1b[0m\n'}
[110.322744] (-) TimerEvent: {}
[110.423177] (-) TimerEvent: {}
[110.523579] (-) TimerEvent: {}
[110.624064] (-) TimerEvent: {}
[110.724608] (-) TimerEvent: {}
[110.825093] (-) TimerEvent: {}
[110.925568] (-) TimerEvent: {}
[110.937977] (eufs_msgs) StdoutLine: {'line': b'[ 79%] \x1b[32mBuilding CXX object CMakeFiles/eufs_msgs__rosidl_typesupport_fastrtps_c.dir/rosidl_typesupport_fastrtps_c/eufs_msgs/msg/detail/integration_err__type_support_c.cpp.o\x1b[0m\n'}
[111.025719] (-) TimerEvent: {}
[111.126273] (-) TimerEvent: {}
[111.226822] (-) TimerEvent: {}
[111.327320] (-) TimerEvent: {}
[111.427749] (-) TimerEvent: {}
[111.528186] (-) TimerEvent: {}
[111.628616] (-) TimerEvent: {}
[111.659563] (eufs_msgs) StdoutLine: {'line': b'[ 79%] \x1b[32mBuilding CXX object CMakeFiles/eufs_msgs__rosidl_typesupport_fastrtps_c.dir/rosidl_typesupport_fastrtps_c/eufs_msgs/msg/detail/lap_stats__type_support_c.cpp.o\x1b[0m\n'}
[111.728780] (-) TimerEvent: {}
[111.829395] (-) TimerEvent: {}
[111.929927] (-) TimerEvent: {}
[112.030568] (-) TimerEvent: {}
[112.131168] (-) TimerEvent: {}
[112.231902] (-) TimerEvent: {}
[112.332477] (-) TimerEvent: {}
[112.362099] (eufs_msgs) StdoutLine: {'line': b'[ 79%] \x1b[32mBuilding CXX object CMakeFiles/eufs_msgs__rosidl_typesupport_fastrtps_c.dir/rosidl_typesupport_fastrtps_c/eufs_msgs/msg/detail/mpc_state__type_support_c.cpp.o\x1b[0m\n'}
[112.432655] (-) TimerEvent: {}
[112.533290] (-) TimerEvent: {}
[112.633809] (-) TimerEvent: {}
[112.734264] (-) TimerEvent: {}
[112.834684] (-) TimerEvent: {}
[112.935234] (-) TimerEvent: {}
[113.035696] (-) TimerEvent: {}
[113.056144] (eufs_msgs) StdoutLine: {'line': b'[ 80%] \x1b[32mBuilding CXX object CMakeFiles/eufs_msgs__rosidl_typesupport_fastrtps_c.dir/rosidl_typesupport_fastrtps_c/eufs_msgs/msg/detail/node_state__type_support_c.cpp.o\x1b[0m\n'}
[113.135859] (-) TimerEvent: {}
[113.236393] (-) TimerEvent: {}
[113.336922] (-) TimerEvent: {}
[113.437533] (-) TimerEvent: {}
[113.538199] (-) TimerEvent: {}
[113.638820] (-) TimerEvent: {}
[113.739347] (-) TimerEvent: {}
[113.761406] (eufs_msgs) StdoutLine: {'line': b'[ 80%] \x1b[32mBuilding CXX object CMakeFiles/eufs_msgs__rosidl_typesupport_fastrtps_c.dir/rosidl_typesupport_fastrtps_c/eufs_msgs/msg/detail/chassis_state__type_support_c.cpp.o\x1b[0m\n'}
[113.761837] (eufs_msgs) StdoutLine: {'line': b'[ 80%] \x1b[32mBuilding CXX object CMakeFiles/eufs_msgs__rosidl_typesupport_fastrtps_c.dir/rosidl_typesupport_fastrtps_c/eufs_msgs/msg/detail/chassis_command__type_support_c.cpp.o\x1b[0m\n'}
[113.762021] (eufs_msgs) StdoutLine: {'line': b'[ 80%] \x1b[32mBuilding CXX object CMakeFiles/eufs_msgs__rosidl_typesupport_fastrtps_c.dir/rosidl_typesupport_fastrtps_c/eufs_msgs/msg/detail/node_state_array__type_support_c.cpp.o\x1b[0m\n'}
[113.839488] (-) TimerEvent: {}
[113.939970] (-) TimerEvent: {}
[114.040383] (-) TimerEvent: {}
[114.140822] (-) TimerEvent: {}
[114.241244] (-) TimerEvent: {}
[114.343205] (-) TimerEvent: {}
[114.443779] (-) TimerEvent: {}
[114.545259] (-) TimerEvent: {}
[114.550906] (eufs_msgs) StdoutLine: {'line': b'[ 80%] \x1b[32mBuilding CXX object CMakeFiles/eufs_msgs__rosidl_typesupport_fastrtps_c.dir/rosidl_typesupport_fastrtps_c/eufs_msgs/msg/detail/oss__type_support_c.cpp.o\x1b[0m\n'}
[114.551720] (eufs_msgs) StdoutLine: {'line': b'[ 81%] \x1b[32mBuilding CXX object CMakeFiles/eufs_msgs__rosidl_typesupport_fastrtps_c.dir/rosidl_typesupport_fastrtps_c/eufs_msgs/msg/detail/car_state__type_support_c.cpp.o\x1b[0m\n'}
[114.565122] (eufs_msgs) StdoutLine: {'line': b'[ 81%] \x1b[32mBuilding CXX object CMakeFiles/eufs_msgs__rosidl_typesupport_fastrtps_c.dir/rosidl_typesupport_fastrtps_c/eufs_msgs/msg/detail/particle__type_support_c.cpp.o\x1b[0m\n'}
[114.607227] (eufs_msgs) StdoutLine: {'line': b'[ 81%] \x1b[32mBuilding CXX object CMakeFiles/eufs_msgs__rosidl_typesupport_fastrtps_c.dir/rosidl_typesupport_fastrtps_c/eufs_msgs/msg/detail/particle_slam__type_support_c.cpp.o\x1b[0m\n'}
[114.645399] (-) TimerEvent: {}
[114.745917] (-) TimerEvent: {}
[114.846402] (-) TimerEvent: {}
[114.946895] (-) TimerEvent: {}
[115.047369] (-) TimerEvent: {}
[115.147856] (-) TimerEvent: {}
[115.248339] (-) TimerEvent: {}
[115.348843] (-) TimerEvent: {}
[115.362133] (eufs_msgs) StdoutLine: {'line': b'[ 81%] \x1b[32mBuilding CXX object CMakeFiles/eufs_msgs__rosidl_typesupport_fastrtps_c.dir/rosidl_typesupport_fastrtps_c/eufs_msgs/msg/detail/particle_slam_stamped__type_support_c.cpp.o\x1b[0m\n'}
[115.448993] (-) TimerEvent: {}
[115.466646] (eufs_msgs) StdoutLine: {'line': b'[ 82%] \x1b[32mBuilding CXX object CMakeFiles/eufs_msgs__rosidl_typesupport_fastrtps_c.dir/rosidl_typesupport_fastrtps_c/eufs_msgs/msg/detail/particle_stamped__type_support_c.cpp.o\x1b[0m\n'}
[115.527847] (eufs_msgs) StdoutLine: {'line': b'[ 82%] \x1b[32mBuilding CXX object CMakeFiles/eufs_msgs__rosidl_typesupport_fastrtps_c.dir/rosidl_typesupport_fastrtps_c/eufs_msgs/msg/detail/path_integral_params__type_support_c.cpp.o\x1b[0m\n'}
[115.535371] (eufs_msgs) StdoutLine: {'line': b'[ 82%] \x1b[32mBuilding CXX object CMakeFiles/eufs_msgs__rosidl_typesupport_fastrtps_c.dir/rosidl_typesupport_fastrtps_c/eufs_msgs/msg/detail/car_forces__type_support_c.cpp.o\x1b[0m\n'}
[115.549144] (-) TimerEvent: {}
[115.577292] (eufs_msgs) StdoutLine: {'line': b'[ 82%] \x1b[32mBuilding CXX object CMakeFiles/eufs_msgs__rosidl_typesupport_fastrtps_c.dir/rosidl_typesupport_fastrtps_c/eufs_msgs/msg/detail/path_integral_stats__type_support_c.cpp.o\x1b[0m\n'}
[115.649284] (-) TimerEvent: {}
[115.752110] (-) TimerEvent: {}
[115.856273] (-) TimerEvent: {}
[115.957138] (-) TimerEvent: {}
[116.058776] (-) TimerEvent: {}
[116.159845] (-) TimerEvent: {}
[116.260448] (-) TimerEvent: {}
[116.338250] (eufs_msgs) StdoutLine: {'line': b'[ 82%] \x1b[32mBuilding CXX object CMakeFiles/eufs_msgs__rosidl_typesupport_fastrtps_c.dir/rosidl_typesupport_fastrtps_c/eufs_msgs/msg/detail/path_integral_status__type_support_c.cpp.o\x1b[0m\n'}
[116.358968] (eufs_msgs) StdoutLine: {'line': b'[ 82%] \x1b[32mBuilding CXX object CMakeFiles/eufs_msgs__rosidl_typesupport_fastrtps_c.dir/rosidl_typesupport_fastrtps_c/eufs_msgs/msg/detail/path_integral_timing__type_support_c.cpp.o\x1b[0m\n'}
[116.363018] (-) TimerEvent: {}
[116.463999] (-) TimerEvent: {}
[116.470041] (eufs_msgs) StdoutLine: {'line': b'[ 83%] \x1b[32mBuilding CXX object CMakeFiles/eufs_msgs__rosidl_typesupport_fastrtps_c.dir/rosidl_typesupport_fastrtps_c/eufs_msgs/msg/detail/planning_mode__type_support_c.cpp.o\x1b[0m\n'}
[116.502248] (eufs_msgs) StdoutLine: {'line': b'[ 83%] \x1b[32mBuilding CXX object CMakeFiles/eufs_msgs__rosidl_typesupport_fastrtps_c.dir/rosidl_typesupport_fastrtps_c/eufs_msgs/msg/detail/can_state__type_support_c.cpp.o\x1b[0m\n'}
[116.502896] (eufs_msgs) StdoutLine: {'line': b'[ 83%] \x1b[32mBuilding CXX object CMakeFiles/eufs_msgs__rosidl_typesupport_fastrtps_c.dir/rosidl_typesupport_fastrtps_c/eufs_msgs/msg/detail/point_array__type_support_c.cpp.o\x1b[0m\n'}
[116.539262] (eufs_msgs) StdoutLine: {'line': b'[ 83%] \x1b[32mBuilding CXX object CMakeFiles/eufs_msgs__rosidl_typesupport_fastrtps_c.dir/rosidl_typesupport_fastrtps_c/eufs_msgs/msg/detail/point_array_stamped__type_support_c.cpp.o\x1b[0m\n'}
[116.564163] (-) TimerEvent: {}
[116.664745] (-) TimerEvent: {}
[116.767277] (-) TimerEvent: {}
[116.872467] (-) TimerEvent: {}
[116.990274] (-) TimerEvent: {}
[117.090828] (-) TimerEvent: {}
[117.192272] (-) TimerEvent: {}
[117.292847] (-) TimerEvent: {}
[117.359255] (eufs_msgs) StdoutLine: {'line': b'[ 83%] \x1b[32mBuilding CXX object CMakeFiles/eufs_msgs__rosidl_typesupport_fastrtps_c.dir/rosidl_typesupport_fastrtps_c/eufs_msgs/msg/detail/pure_pursuit_checkpoint__type_support_c.cpp.o\x1b[0m\n'}
[117.393000] (-) TimerEvent: {}
[117.476260] (eufs_msgs) StdoutLine: {'line': b'[ 83%] \x1b[32mBuilding CXX object CMakeFiles/eufs_msgs__rosidl_typesupport_fastrtps_c.dir/rosidl_typesupport_fastrtps_c/eufs_msgs/msg/detail/pure_pursuit_checkpoint_array_stamped__type_support_c.cpp.o\x1b[0m\n'}
[117.493184] (-) TimerEvent: {}
[117.519728] (eufs_msgs) StdoutLine: {'line': b'[ 84%] \x1b[32mBuilding CXX object CMakeFiles/eufs_msgs__rosidl_typesupport_fastrtps_c.dir/rosidl_typesupport_fastrtps_c/eufs_msgs/msg/detail/runstop__type_support_c.cpp.o\x1b[0m\n'}
[117.541219] (eufs_msgs) StdoutLine: {'line': b'[ 84%] \x1b[32mBuilding CXX object CMakeFiles/eufs_msgs__rosidl_typesupport_fastrtps_c.dir/rosidl_typesupport_fastrtps_c/eufs_msgs/msg/detail/slam_state__type_support_c.cpp.o\x1b[0m\n'}
[117.542204] (eufs_msgs) StdoutLine: {'line': b'[ 84%] \x1b[32mBuilding CXX object CMakeFiles/eufs_msgs__rosidl_typesupport_fastrtps_c.dir/rosidl_typesupport_fastrtps_c/eufs_msgs/msg/detail/bounding_boxes__type_support_c.cpp.o\x1b[0m\n'}
[117.543018] (eufs_msgs) StdoutLine: {'line': b'[ 84%] \x1b[32mBuilding CXX object CMakeFiles/eufs_msgs__rosidl_typesupport_fastrtps_c.dir/rosidl_typesupport_fastrtps_c/eufs_msgs/msg/detail/slam_err__type_support_c.cpp.o\x1b[0m\n'}
[117.593351] (-) TimerEvent: {}
[117.666372] (eufs_msgs) StdoutLine: {'line': b'[ 84%] \x1b[32mBuilding CXX object CMakeFiles/eufs_msgs__rosidl_typesupport_fastrtps_c.dir/rosidl_typesupport_fastrtps_c/eufs_msgs/msg/detail/stereo_image__type_support_c.cpp.o\x1b[0m\n'}
[117.690138] (eufs_msgs) StdoutLine: {'line': b'[ 84%] \x1b[32mBuilding CXX object CMakeFiles/eufs_msgs__rosidl_typesupport_fastrtps_c.dir/rosidl_typesupport_fastrtps_c/eufs_msgs/msg/detail/state_machine_state__type_support_c.cpp.o\x1b[0m\n'}
[117.693490] (-) TimerEvent: {}
[117.794017] (-) TimerEvent: {}
[117.895271] (-) TimerEvent: {}
[117.995832] (-) TimerEvent: {}
[118.097269] (-) TimerEvent: {}
[118.199455] (-) TimerEvent: {}
[118.338870] (-) TimerEvent: {}
[118.439494] (-) TimerEvent: {}
[118.544191] (-) TimerEvent: {}
[118.560440] (eufs_msgs) StdoutLine: {'line': b'[ 84%] \x1b[32mBuilding CXX object CMakeFiles/eufs_msgs__rosidl_typesupport_fastrtps_c.dir/rosidl_typesupport_fastrtps_c/eufs_msgs/msg/detail/system_status__type_support_c.cpp.o\x1b[0m\n'}
[118.572055] (eufs_msgs) StdoutLine: {'line': b'[ 85%] \x1b[32mBuilding CXX object CMakeFiles/eufs_msgs__rosidl_typesupport_fastrtps_c.dir/rosidl_typesupport_fastrtps_c/eufs_msgs/msg/detail/topic_status__type_support_c.cpp.o\x1b[0m\n'}
[118.644330] (-) TimerEvent: {}
[118.651003] (eufs_msgs) StdoutLine: {'line': b'[ 85%] \x1b[32mBuilding CXX object CMakeFiles/eufs_msgs__rosidl_typesupport_fastrtps_c.dir/rosidl_typesupport_fastrtps_c/eufs_msgs/msg/detail/vehicle_commands__type_support_c.cpp.o\x1b[0m\n'}
[118.744477] (-) TimerEvent: {}
[118.845011] (-) TimerEvent: {}
[118.946258] (-) TimerEvent: {}
[119.049272] (-) TimerEvent: {}
[119.149830] (-) TimerEvent: {}
[119.250624] (-) TimerEvent: {}
[119.352353] (-) TimerEvent: {}
[119.452924] (-) TimerEvent: {}
[119.553528] (-) TimerEvent: {}
[119.654088] (-) TimerEvent: {}
[119.709666] (eufs_msgs) StdoutLine: {'line': b'[ 85%] \x1b[32mBuilding CXX object CMakeFiles/eufs_msgs__rosidl_typesupport_fastrtps_c.dir/rosidl_typesupport_fastrtps_c/eufs_msgs/action/detail/check_for_objects__type_support_c.cpp.o\x1b[0m\n'}
[119.754247] (-) TimerEvent: {}
[119.854811] (-) TimerEvent: {}
[119.955316] (-) TimerEvent: {}
[120.055743] (-) TimerEvent: {}
[120.156224] (-) TimerEvent: {}
[120.256633] (-) TimerEvent: {}
[120.357130] (-) TimerEvent: {}
[120.457551] (-) TimerEvent: {}
[120.486782] (eufs_msgs) StdoutLine: {'line': b'[ 85%] \x1b[32mBuilding CXX object CMakeFiles/eufs_msgs__rosidl_typesupport_fastrtps_c.dir/rosidl_typesupport_fastrtps_c/eufs_msgs/srv/detail/record_start__type_support_c.cpp.o\x1b[0m\n'}
[120.557778] (-) TimerEvent: {}
[120.658255] (-) TimerEvent: {}
[120.758774] (-) TimerEvent: {}
[120.859274] (-) TimerEvent: {}
[120.959787] (-) TimerEvent: {}
[121.060471] (-) TimerEvent: {}
[121.160915] (-) TimerEvent: {}
[121.173212] (eufs_msgs) StdoutLine: {'line': b'[ 85%] \x1b[32mBuilding CXX object CMakeFiles/eufs_msgs__rosidl_typesupport_fastrtps_c.dir/rosidl_typesupport_fastrtps_c/eufs_msgs/srv/detail/record_stop__type_support_c.cpp.o\x1b[0m\n'}
[121.261058] (-) TimerEvent: {}
[121.361509] (-) TimerEvent: {}
[121.461922] (-) TimerEvent: {}
[121.562411] (-) TimerEvent: {}
[121.662890] (-) TimerEvent: {}
[121.763410] (-) TimerEvent: {}
[121.863891] (-) TimerEvent: {}
[121.874165] (eufs_msgs) StdoutLine: {'line': b'[ 86%] \x1b[32mBuilding CXX object CMakeFiles/eufs_msgs__rosidl_typesupport_fastrtps_c.dir/rosidl_typesupport_fastrtps_c/eufs_msgs/srv/detail/register__type_support_c.cpp.o\x1b[0m\n'}
[121.964043] (-) TimerEvent: {}
[122.064535] (-) TimerEvent: {}
[122.164955] (-) TimerEvent: {}
[122.265357] (-) TimerEvent: {}
[122.365788] (-) TimerEvent: {}
[122.466288] (-) TimerEvent: {}
[122.566714] (-) TimerEvent: {}
[122.593381] (eufs_msgs) StdoutLine: {'line': b'[ 86%] \x1b[32mBuilding CXX object CMakeFiles/eufs_msgs__rosidl_typesupport_fastrtps_c.dir/rosidl_typesupport_fastrtps_c/eufs_msgs/srv/detail/set_can_state__type_support_c.cpp.o\x1b[0m\n'}
[122.666889] (-) TimerEvent: {}
[122.767344] (-) TimerEvent: {}
[122.867868] (-) TimerEvent: {}
[122.968388] (-) TimerEvent: {}
[123.068840] (-) TimerEvent: {}
[123.169293] (-) TimerEvent: {}
[123.269856] (-) TimerEvent: {}
[123.312335] (eufs_msgs) StdoutLine: {'line': b'[ 86%] \x1b[32mBuilding CXX object CMakeFiles/eufs_msgs__rosidl_typesupport_fastrtps_c.dir/rosidl_typesupport_fastrtps_c/eufs_msgs/srv/detail/set_string__type_support_c.cpp.o\x1b[0m\n'}
[123.370064] (-) TimerEvent: {}
[123.470577] (-) TimerEvent: {}
[123.571049] (-) TimerEvent: {}
[123.671566] (-) TimerEvent: {}
[123.772074] (-) TimerEvent: {}
[123.872556] (-) TimerEvent: {}
[123.972997] (-) TimerEvent: {}
[124.028462] (eufs_msgs) StdoutLine: {'line': b'[ 86%] \x1b[32mBuilding CXX object CMakeFiles/eufs_msgs__rosidl_typesupport_fastrtps_c.dir/rosidl_typesupport_fastrtps_c/eufs_msgs/msg/detail/wheel_speeds_stamped__type_support_c.cpp.o\x1b[0m\n'}
[124.028996] (eufs_msgs) StdoutLine: {'line': b'[ 86%] \x1b[32mBuilding CXX object CMakeFiles/eufs_msgs__rosidl_typesupport_fastrtps_c.dir/rosidl_typesupport_fastrtps_c/eufs_msgs/srv/detail/set_track__type_support_c.cpp.o\x1b[0m\n'}
[124.073223] (-) TimerEvent: {}
[124.173727] (-) TimerEvent: {}
[124.274235] (-) TimerEvent: {}
[124.374707] (-) TimerEvent: {}
[124.475195] (-) TimerEvent: {}
[124.575596] (-) TimerEvent: {}
[124.676095] (-) TimerEvent: {}
[124.737708] (eufs_msgs) StdoutLine: {'line': b'[ 86%] \x1b[32mBuilding CXX object CMakeFiles/eufs_msgs__rosidl_typesupport_fastrtps_c.dir/rosidl_typesupport_fastrtps_c/eufs_msgs/srv/detail/set_mission__type_support_c.cpp.o\x1b[0m\n'}
[124.767262] (eufs_msgs) StdoutLine: {'line': b'[ 87%] \x1b[32mBuilding CXX object CMakeFiles/eufs_msgs__rosidl_typesupport_fastrtps_c.dir/rosidl_typesupport_fastrtps_c/eufs_msgs/srv/detail/get_map__type_support_c.cpp.o\x1b[0m\n'}
[124.776250] (-) TimerEvent: {}
[124.876770] (-) TimerEvent: {}
[124.977364] (-) TimerEvent: {}
[125.077826] (-) TimerEvent: {}
[125.178271] (-) TimerEvent: {}
[125.278745] (-) TimerEvent: {}
[125.379216] (-) TimerEvent: {}
[125.479680] (-) TimerEvent: {}
[125.490081] (eufs_msgs) StdoutLine: {'line': b'[ 87%] \x1b[32mBuilding CXX object CMakeFiles/eufs_msgs__rosidl_typesupport_fastrtps_c.dir/rosidl_typesupport_fastrtps_c/eufs_msgs/msg/detail/wheel_speeds__type_support_c.cpp.o\x1b[0m\n'}
[125.535846] (eufs_msgs) StdoutLine: {'line': b'[ 88%] \x1b[32mBuilding CXX object CMakeFiles/eufs_msgs__rosidl_typesupport_fastrtps_c.dir/rosidl_typesupport_fastrtps_c/eufs_msgs/msg/detail/wheel_odometry_err__type_support_c.cpp.o\x1b[0m\n'}
[125.579918] (-) TimerEvent: {}
[125.680347] (-) TimerEvent: {}
[125.780760] (-) TimerEvent: {}
[125.881198] (-) TimerEvent: {}
[125.981616] (-) TimerEvent: {}
[126.082060] (-) TimerEvent: {}
[126.183104] (-) TimerEvent: {}
[126.244465] (eufs_msgs) StdoutLine: {'line': b'[ 88%] \x1b[32mBuilding CXX object CMakeFiles/eufs_msgs__rosidl_typesupport_fastrtps_c.dir/rosidl_typesupport_fastrtps_c/eufs_msgs/msg/detail/waypoint_array_stamped__type_support_c.cpp.o\x1b[0m\n'}
[126.278523] (eufs_msgs) StdoutLine: {'line': b'[ 88%] \x1b[32mBuilding CXX object CMakeFiles/eufs_msgs__rosidl_typesupport_fastrtps_c.dir/rosidl_typesupport_fastrtps_c/eufs_msgs/msg/detail/waypoint__type_support_c.cpp.o\x1b[0m\n'}
[126.283225] (-) TimerEvent: {}
[126.383628] (-) TimerEvent: {}
[126.484032] (-) TimerEvent: {}
[126.584462] (-) TimerEvent: {}
[126.684898] (-) TimerEvent: {}
[126.785332] (-) TimerEvent: {}
[126.885774] (-) TimerEvent: {}
[126.959201] (eufs_msgs) StdoutLine: {'line': b'[ 88%] \x1b[32mBuilding CXX object CMakeFiles/eufs_msgs__rosidl_typesupport_fastrtps_c.dir/rosidl_typesupport_fastrtps_c/eufs_msgs/msg/detail/vehicle_commands_stamped__type_support_c.cpp.o\x1b[0m\n'}
[126.985922] (-) TimerEvent: {}
[127.086338] (-) TimerEvent: {}
[127.186812] (-) TimerEvent: {}
[127.287245] (-) TimerEvent: {}
[127.387659] (-) TimerEvent: {}
[127.488097] (-) TimerEvent: {}
[127.588617] (-) TimerEvent: {}
[127.656288] (eufs_msgs) StdoutLine: {'line': b'[ 88%] \x1b[32m\x1b[1mLinking CXX shared library libeufs_msgs__rosidl_typesupport_fastrtps_c.so\x1b[0m\n'}
[127.688767] (-) TimerEvent: {}
[127.789263] (-) TimerEvent: {}
[127.889806] (-) TimerEvent: {}
[127.925384] (eufs_msgs) StdoutLine: {'line': b'[ 88%] Built target eufs_msgs__rosidl_typesupport_fastrtps_c\n'}
[127.953417] (eufs_msgs) StdoutLine: {'line': b'\x1b[35m\x1b[1mScanning dependencies of target eufs_msgs\x1b[0m\n'}
[127.980530] (eufs_msgs) StdoutLine: {'line': b'[ 88%] Built target eufs_msgs\n'}
[127.990000] (-) TimerEvent: {}
[128.006782] (eufs_msgs) StdoutLine: {'line': b'\x1b[35m\x1b[1mScanning dependencies of target eufs_msgs__py\x1b[0m\n'}
[128.041680] (eufs_msgs) StdoutLine: {'line': b'[ 88%] \x1b[34m\x1b[1mGenerating Python code for ROS interfaces\x1b[0m\n'}
[128.090140] (-) TimerEvent: {}
[128.190638] (-) TimerEvent: {}
[128.291123] (-) TimerEvent: {}
[128.391758] (-) TimerEvent: {}
[128.492239] (-) TimerEvent: {}
[128.592775] (-) TimerEvent: {}
[128.693276] (-) TimerEvent: {}
[128.793725] (-) TimerEvent: {}
[128.894104] (-) TimerEvent: {}
[128.994595] (-) TimerEvent: {}
[129.095129] (-) TimerEvent: {}
[129.195609] (-) TimerEvent: {}
[129.296009] (-) TimerEvent: {}
[129.396403] (-) TimerEvent: {}
[129.496803] (-) TimerEvent: {}
[129.597267] (-) TimerEvent: {}
[129.697669] (-) TimerEvent: {}
[129.798071] (-) TimerEvent: {}
[129.898506] (-) TimerEvent: {}
[129.999017] (-) TimerEvent: {}
[130.099513] (-) TimerEvent: {}
[130.199903] (-) TimerEvent: {}
[130.300308] (-) TimerEvent: {}
[130.400792] (-) TimerEvent: {}
[130.501213] (-) TimerEvent: {}
[130.601663] (-) TimerEvent: {}
[130.702047] (-) TimerEvent: {}
[130.802444] (-) TimerEvent: {}
[130.902854] (-) TimerEvent: {}
[131.003317] (-) TimerEvent: {}
[131.103717] (-) TimerEvent: {}
[131.204211] (-) TimerEvent: {}
[131.304697] (-) TimerEvent: {}
[131.405176] (-) TimerEvent: {}
[131.505579] (-) TimerEvent: {}
[131.605975] (-) TimerEvent: {}
[131.706382] (-) TimerEvent: {}
[131.806786] (-) TimerEvent: {}
[131.907359] (-) TimerEvent: {}
[132.007838] (-) TimerEvent: {}
[132.108310] (-) TimerEvent: {}
[132.208826] (-) TimerEvent: {}
[132.309437] (-) TimerEvent: {}
[132.409839] (-) TimerEvent: {}
[132.510254] (-) TimerEvent: {}
[132.610657] (-) TimerEvent: {}
[132.711045] (-) TimerEvent: {}
[132.811445] (-) TimerEvent: {}
[132.911923] (-) TimerEvent: {}
[133.012317] (-) TimerEvent: {}
[133.112783] (-) TimerEvent: {}
[133.213207] (-) TimerEvent: {}
[133.313590] (-) TimerEvent: {}
[133.413964] (-) TimerEvent: {}
[133.514334] (-) TimerEvent: {}
[133.614732] (-) TimerEvent: {}
[133.715191] (-) TimerEvent: {}
[133.815631] (-) TimerEvent: {}
[133.916034] (-) TimerEvent: {}
[134.016488] (-) TimerEvent: {}
[134.116874] (-) TimerEvent: {}
[134.217264] (-) TimerEvent: {}
[134.317707] (-) TimerEvent: {}
[134.418117] (-) TimerEvent: {}
[134.518477] (-) TimerEvent: {}
[134.618944] (-) TimerEvent: {}
[134.719318] (-) TimerEvent: {}
[134.819714] (-) TimerEvent: {}
[134.920127] (-) TimerEvent: {}
[135.020520] (-) TimerEvent: {}
[135.120929] (-) TimerEvent: {}
[135.221348] (-) TimerEvent: {}
[135.321772] (-) TimerEvent: {}
[135.422248] (-) TimerEvent: {}
[135.522685] (-) TimerEvent: {}
[135.623075] (-) TimerEvent: {}
[135.723575] (-) TimerEvent: {}
[135.823991] (-) TimerEvent: {}
[135.924527] (-) TimerEvent: {}
[136.024969] (-) TimerEvent: {}
[136.125486] (-) TimerEvent: {}
[136.226073] (-) TimerEvent: {}
[136.326516] (-) TimerEvent: {}
[136.426929] (-) TimerEvent: {}
[136.527408] (-) TimerEvent: {}
[136.627816] (-) TimerEvent: {}
[136.728358] (-) TimerEvent: {}
[136.828777] (-) TimerEvent: {}
[136.929267] (-) TimerEvent: {}
[137.029812] (-) TimerEvent: {}
[137.130286] (-) TimerEvent: {}
[137.230710] (-) TimerEvent: {}
[137.331230] (-) TimerEvent: {}
[137.431730] (-) TimerEvent: {}
[137.532126] (-) TimerEvent: {}
[137.632536] (-) TimerEvent: {}
[137.732953] (-) TimerEvent: {}
[137.833410] (-) TimerEvent: {}
[137.933913] (-) TimerEvent: {}
[138.034428] (-) TimerEvent: {}
[138.134926] (-) TimerEvent: {}
[138.235420] (-) TimerEvent: {}
[138.335886] (-) TimerEvent: {}
[138.436376] (-) TimerEvent: {}
[138.536924] (-) TimerEvent: {}
[138.637385] (-) TimerEvent: {}
[138.737845] (-) TimerEvent: {}
[138.838252] (-) TimerEvent: {}
[138.938646] (-) TimerEvent: {}
[139.039057] (-) TimerEvent: {}
[139.139524] (-) TimerEvent: {}
[139.239922] (-) TimerEvent: {}
[139.340330] (-) TimerEvent: {}
[139.440806] (-) TimerEvent: {}
[139.541225] (-) TimerEvent: {}
[139.641616] (-) TimerEvent: {}
[139.741999] (-) TimerEvent: {}
[139.842383] (-) TimerEvent: {}
[139.942788] (-) TimerEvent: {}
[140.043286] (-) TimerEvent: {}
[140.143817] (-) TimerEvent: {}
[140.244259] (-) TimerEvent: {}
[140.344665] (-) TimerEvent: {}
[140.445053] (-) TimerEvent: {}
[140.545424] (-) TimerEvent: {}
[140.645811] (-) TimerEvent: {}
[140.746226] (-) TimerEvent: {}
[140.846727] (-) TimerEvent: {}
[140.947193] (-) TimerEvent: {}
[141.047655] (-) TimerEvent: {}
[141.148168] (-) TimerEvent: {}
[141.248555] (-) TimerEvent: {}
[141.349046] (-) TimerEvent: {}
[141.449464] (-) TimerEvent: {}
[141.549857] (-) TimerEvent: {}
[141.650264] (-) TimerEvent: {}
[141.750756] (-) TimerEvent: {}
[141.851240] (-) TimerEvent: {}
[141.951733] (-) TimerEvent: {}
[142.052242] (-) TimerEvent: {}
[142.152745] (-) TimerEvent: {}
[142.253172] (-) TimerEvent: {}
[142.353648] (-) TimerEvent: {}
[142.454186] (-) TimerEvent: {}
[142.554640] (-) TimerEvent: {}
[142.655060] (-) TimerEvent: {}
[142.755556] (-) TimerEvent: {}
[142.856071] (-) TimerEvent: {}
[142.956523] (-) TimerEvent: {}
[143.056932] (-) TimerEvent: {}
[143.157309] (-) TimerEvent: {}
[143.257691] (-) TimerEvent: {}
[143.358140] (-) TimerEvent: {}
[143.458544] (-) TimerEvent: {}
[143.558981] (-) TimerEvent: {}
[143.659385] (-) TimerEvent: {}
[143.759797] (-) TimerEvent: {}
[143.860283] (-) TimerEvent: {}
[143.960663] (-) TimerEvent: {}
[144.061046] (-) TimerEvent: {}
[144.161456] (-) TimerEvent: {}
[144.261910] (-) TimerEvent: {}
[144.362316] (-) TimerEvent: {}
[144.462694] (-) TimerEvent: {}
[144.563069] (-) TimerEvent: {}
[144.663452] (-) TimerEvent: {}
[144.763841] (-) TimerEvent: {}
[144.864304] (-) TimerEvent: {}
[144.964746] (-) TimerEvent: {}
[145.065311] (-) TimerEvent: {}
[145.165707] (-) TimerEvent: {}
[145.266126] (-) TimerEvent: {}
[145.366972] (-) TimerEvent: {}
[145.471269] (-) TimerEvent: {}
[145.574438] (-) TimerEvent: {}
[145.678411] (-) TimerEvent: {}
[145.779345] (-) TimerEvent: {}
[145.879935] (-) TimerEvent: {}
[145.897053] (eufs_msgs) StdoutLine: {'line': b'[ 88%] Built target eufs_msgs__py\n'}
[145.924082] (eufs_msgs) StdoutLine: {'line': b'\x1b[35m\x1b[1mScanning dependencies of target eufs_msgs__python\x1b[0m\n'}
[145.980060] (-) TimerEvent: {}
[146.080501] (-) TimerEvent: {}
[146.180940] (-) TimerEvent: {}
[146.224383] (eufs_msgs) StdoutLine: {'line': b'[ 88%] \x1b[32mBuilding C object CMakeFiles/eufs_msgs__python.dir/rosidl_generator_py/eufs_msgs/msg/_bounding_boxes_s.c.o\x1b[0m\n'}
[146.224766] (eufs_msgs) StdoutLine: {'line': b'[ 88%] \x1b[32mBuilding C object CMakeFiles/eufs_msgs__python.dir/rosidl_generator_py/eufs_msgs/msg/_can_state_s.c.o\x1b[0m\n'}
[146.231388] (eufs_msgs) StdoutLine: {'line': b'[ 89%] \x1b[32mBuilding C object CMakeFiles/eufs_msgs__python.dir/rosidl_generator_py/eufs_msgs/msg/_car_forces_s.c.o\x1b[0m\n'}
[146.233101] (eufs_msgs) StdoutLine: {'line': b'[ 89%] \x1b[32mBuilding C object CMakeFiles/eufs_msgs__python.dir/rosidl_generator_py/eufs_msgs/msg/_chassis_command_s.c.o\x1b[0m\n'}
[146.238857] (eufs_msgs) StdoutLine: {'line': b'[ 89%] \x1b[32mBuilding C object CMakeFiles/eufs_msgs__python.dir/rosidl_generator_py/eufs_msgs/msg/_bounding_box_s.c.o\x1b[0m\n'}
[146.269408] (eufs_msgs) StdoutLine: {'line': b'[ 89%] \x1b[32mBuilding C object CMakeFiles/eufs_msgs__python.dir/rosidl_generator_py/eufs_msgs/msg/_car_state_s.c.o\x1b[0m\n'}
[146.281080] (-) TimerEvent: {}
[146.381614] (-) TimerEvent: {}
[146.483377] (-) TimerEvent: {}
[146.579878] (eufs_msgs) StdoutLine: {'line': b'[ 90%] \x1b[32mBuilding C object CMakeFiles/eufs_msgs__python.dir/rosidl_generator_py/eufs_msgs/msg/_cone_array_with_covariance_s.c.o\x1b[0m\n'}
[146.585283] (-) TimerEvent: {}
[146.593161] (eufs_msgs) StdoutLine: {'line': b'[ 90%] \x1b[32mBuilding C object CMakeFiles/eufs_msgs__python.dir/rosidl_generator_py/eufs_msgs/msg/_cone_array_with_covariance_plus_s.c.o\x1b[0m\n'}
[146.601306] (eufs_msgs) StdoutLine: {'line': b'[ 90%] \x1b[32mBuilding C object CMakeFiles/eufs_msgs__python.dir/rosidl_generator_py/eufs_msgs/msg/_chassis_state_s.c.o\x1b[0m\n'}
[146.617778] (eufs_msgs) StdoutLine: {'line': b'[ 90%] \x1b[32mBuilding C object CMakeFiles/eufs_msgs__python.dir/rosidl_generator_py/eufs_msgs/msg/_cone_array_s.c.o\x1b[0m\n'}
[146.640433] (eufs_msgs) StdoutLine: {'line': b'[ 90%] \x1b[32mBuilding C object CMakeFiles/eufs_msgs__python.dir/rosidl_generator_py/eufs_msgs/msg/_cone_with_covariance_s.c.o\x1b[0m\n'}
[146.669870] (eufs_msgs) StdoutLine: {'line': b'[ 90%] \x1b[32mBuilding C object CMakeFiles/eufs_msgs__python.dir/rosidl_generator_py/eufs_msgs/msg/_cone_with_covariance_plus_s.c.o\x1b[0m\n'}
[146.677654] (eufs_msgs) StdoutLine: {'line': b'[ 90%] \x1b[32mBuilding C object CMakeFiles/eufs_msgs__python.dir/rosidl_generator_py/eufs_msgs/msg/_cone_association_s.c.o\x1b[0m\n'}
[146.685411] (-) TimerEvent: {}
[146.734019] (eufs_msgs) StdoutLine: {'line': b'[ 90%] \x1b[32mBuilding C object CMakeFiles/eufs_msgs__python.dir/rosidl_generator_py/eufs_msgs/msg/_cone_association_array_s.c.o\x1b[0m\n'}
[146.786262] (-) TimerEvent: {}
[146.898936] (-) TimerEvent: {}
[146.916697] (eufs_msgs) StdoutLine: {'line': b'[ 91%] \x1b[32mBuilding C object CMakeFiles/eufs_msgs__python.dir/rosidl_generator_py/eufs_msgs/msg/_cone_association_array_array_stamped_s.c.o\x1b[0m\n'}
[146.983436] (eufs_msgs) StdoutLine: {'line': b'[ 91%] \x1b[32mBuilding C object CMakeFiles/eufs_msgs__python.dir/rosidl_generator_py/eufs_msgs/msg/_cone_association_array_stamped_s.c.o\x1b[0m\n'}
[146.984013] (eufs_msgs) StdoutLine: {'line': b'[ 91%] \x1b[32mBuilding C object CMakeFiles/eufs_msgs__python.dir/rosidl_generator_py/eufs_msgs/msg/_costmap_s.c.o\x1b[0m\n'}
[146.999265] (-) TimerEvent: {}
[147.019164] (eufs_msgs) StdoutLine: {'line': b'[ 91%] \x1b[32mBuilding C object CMakeFiles/eufs_msgs__python.dir/rosidl_generator_py/eufs_msgs/msg/_cpu_status_s.c.o\x1b[0m\n'}
[147.068490] (eufs_msgs) StdoutLine: {'line': b'[ 91%] \x1b[32mBuilding C object CMakeFiles/eufs_msgs__python.dir/rosidl_generator_py/eufs_msgs/msg/_cpu_usage_s.c.o\x1b[0m\n'}
[147.099425] (-) TimerEvent: {}
[147.113691] (eufs_msgs) StdoutLine: {'line': b'[ 92%] \x1b[32mBuilding C object CMakeFiles/eufs_msgs__python.dir/rosidl_generator_py/eufs_msgs/msg/_ekf_err_s.c.o\x1b[0m\n'}
[147.200255] (-) TimerEvent: {}
[147.244051] (eufs_msgs) StdoutLine: {'line': b'[ 92%] \x1b[32mBuilding C object CMakeFiles/eufs_msgs__python.dir/rosidl_generator_py/eufs_msgs/msg/_ekf_state_s.c.o\x1b[0m\n'}
[147.299314] (eufs_msgs) StdoutLine: {'line': b'[ 92%] \x1b[32mBuilding C object CMakeFiles/eufs_msgs__python.dir/rosidl_generator_py/eufs_msgs/msg/_full_state_s.c.o\x1b[0m\n'}
[147.303236] (-) TimerEvent: {}
[147.348713] (eufs_msgs) StdoutLine: {'line': b'[ 92%] \x1b[32mBuilding C object CMakeFiles/eufs_msgs__python.dir/rosidl_generator_py/eufs_msgs/msg/_heartbeat_s.c.o\x1b[0m\n'}
[147.403403] (-) TimerEvent: {}
[147.424286] (eufs_msgs) StdoutLine: {'line': b'[ 92%] \x1b[32mBuilding C object CMakeFiles/eufs_msgs__python.dir/rosidl_generator_py/eufs_msgs/msg/_integration_err_s.c.o\x1b[0m\n'}
[147.486545] (eufs_msgs) StdoutLine: {'line': b'[ 92%] \x1b[32mBuilding C object CMakeFiles/eufs_msgs__python.dir/rosidl_generator_py/eufs_msgs/msg/_lap_stats_s.c.o\x1b[0m\n'}
[147.503552] (-) TimerEvent: {}
[147.509686] (eufs_msgs) StdoutLine: {'line': b'[ 93%] \x1b[32mBuilding C object CMakeFiles/eufs_msgs__python.dir/rosidl_generator_py/eufs_msgs/msg/_mpc_state_s.c.o\x1b[0m\n'}
[147.519414] (eufs_msgs) StdoutLine: {'line': b'[ 93%] \x1b[32mBuilding C object CMakeFiles/eufs_msgs__python.dir/rosidl_generator_py/eufs_msgs/msg/_node_state_s.c.o\x1b[0m\n'}
[147.605274] (-) TimerEvent: {}
[147.648378] (eufs_msgs) StdoutLine: {'line': b'[ 93%] \x1b[32mBuilding C object CMakeFiles/eufs_msgs__python.dir/rosidl_generator_py/eufs_msgs/msg/_node_state_array_s.c.o\x1b[0m\n'}
[147.666458] (eufs_msgs) StdoutLine: {'line': b'[ 93%] \x1b[32mBuilding C object CMakeFiles/eufs_msgs__python.dir/rosidl_generator_py/eufs_msgs/msg/_oss_s.c.o\x1b[0m\n'}
[147.705432] (-) TimerEvent: {}
[147.797364] (eufs_msgs) StdoutLine: {'line': b'[ 93%] \x1b[32mBuilding C object CMakeFiles/eufs_msgs__python.dir/rosidl_generator_py/eufs_msgs/msg/_particle_s.c.o\x1b[0m\n'}
[147.805573] (-) TimerEvent: {}
[147.861685] (eufs_msgs) StdoutLine: {'line': b'[ 93%] \x1b[32mBuilding C object CMakeFiles/eufs_msgs__python.dir/rosidl_generator_py/eufs_msgs/msg/_particle_slam_stamped_s.c.o\x1b[0m\n'}
[147.863757] (eufs_msgs) StdoutLine: {'line': b'[ 94%] \x1b[32mBuilding C object CMakeFiles/eufs_msgs__python.dir/rosidl_generator_py/eufs_msgs/msg/_particle_slam_s.c.o\x1b[0m\n'}
[147.906263] (-) TimerEvent: {}
[147.987651] (eufs_msgs) StdoutLine: {'line': b'[ 94%] \x1b[32mBuilding C object CMakeFiles/eufs_msgs__python.dir/rosidl_generator_py/eufs_msgs/msg/_particle_stamped_s.c.o\x1b[0m\n'}
[147.988078] (eufs_msgs) StdoutLine: {'line': b'[ 94%] \x1b[32mBuilding C object CMakeFiles/eufs_msgs__python.dir/rosidl_generator_py/eufs_msgs/msg/_path_integral_params_s.c.o\x1b[0m\n'}
[148.058318] (-) TimerEvent: {}
[148.123398] (eufs_msgs) StdoutLine: {'line': b'[ 94%] \x1b[32mBuilding C object CMakeFiles/eufs_msgs__python.dir/rosidl_generator_py/eufs_msgs/msg/_path_integral_stats_s.c.o\x1b[0m\n'}
[148.149229] (eufs_msgs) StdoutLine: {'line': b'[ 94%] \x1b[32mBuilding C object CMakeFiles/eufs_msgs__python.dir/rosidl_generator_py/eufs_msgs/msg/_path_integral_status_s.c.o\x1b[0m\n'}
[148.176870] (-) TimerEvent: {}
[148.183554] (eufs_msgs) StdoutLine: {'line': b'[ 95%] \x1b[32mBuilding C object CMakeFiles/eufs_msgs__python.dir/rosidl_generator_py/eufs_msgs/msg/_path_integral_timing_s.c.o\x1b[0m\n'}
[148.277042] (-) TimerEvent: {}
[148.293997] (eufs_msgs) StdoutLine: {'line': b'[ 95%] \x1b[32mBuilding C object CMakeFiles/eufs_msgs__python.dir/rosidl_generator_py/eufs_msgs/msg/_planning_mode_s.c.o\x1b[0m\n'}
[148.371434] (eufs_msgs) StdoutLine: {'line': b'[ 95%] \x1b[32mBuilding C object CMakeFiles/eufs_msgs__python.dir/rosidl_generator_py/eufs_msgs/msg/_point_array_s.c.o\x1b[0m\n'}
[148.378301] (-) TimerEvent: {}
[148.437945] (eufs_msgs) StdoutLine: {'line': b'[ 95%] \x1b[32mBuilding C object CMakeFiles/eufs_msgs__python.dir/rosidl_generator_py/eufs_msgs/msg/_point_array_stamped_s.c.o\x1b[0m\n'}
[148.478456] (-) TimerEvent: {}
[148.486918] (eufs_msgs) StdoutLine: {'line': b'[ 96%] \x1b[32mBuilding C object CMakeFiles/eufs_msgs__python.dir/rosidl_generator_py/eufs_msgs/msg/_pure_pursuit_checkpoint_array_stamped_s.c.o\x1b[0m\n'}
[148.499341] (eufs_msgs) StdoutLine: {'line': b'[ 96%] \x1b[32mBuilding C object CMakeFiles/eufs_msgs__python.dir/rosidl_generator_py/eufs_msgs/msg/_pure_pursuit_checkpoint_s.c.o\x1b[0m\n'}
[148.557403] (eufs_msgs) StdoutLine: {'line': b'[ 96%] \x1b[32mBuilding C object CMakeFiles/eufs_msgs__python.dir/rosidl_generator_py/eufs_msgs/msg/_runstop_s.c.o\x1b[0m\n'}
[148.578603] (-) TimerEvent: {}
[148.670077] (eufs_msgs) StdoutLine: {'line': b'[ 96%] \x1b[32mBuilding C object CMakeFiles/eufs_msgs__python.dir/rosidl_generator_py/eufs_msgs/msg/_slam_err_s.c.o\x1b[0m\n'}
[148.678793] (-) TimerEvent: {}
[148.781447] (-) TimerEvent: {}
[148.882029] (-) TimerEvent: {}
[148.982982] (-) TimerEvent: {}
[149.015126] (eufs_msgs) StdoutLine: {'line': b'[ 96%] \x1b[32mBuilding C object CMakeFiles/eufs_msgs__python.dir/rosidl_generator_py/eufs_msgs/msg/_vehicle_commands_stamped_s.c.o\x1b[0m\n'}
[149.083207] (-) TimerEvent: {}
[149.183767] (-) TimerEvent: {}
[149.214419] (eufs_msgs) StdoutLine: {'line': b'[ 96%] \x1b[32mBuilding C object CMakeFiles/eufs_msgs__python.dir/rosidl_generator_py/eufs_msgs/msg/_waypoint_s.c.o\x1b[0m\n'}
[149.283900] (-) TimerEvent: {}
[149.384411] (-) TimerEvent: {}
[149.442513] (eufs_msgs) StdoutLine: {'line': b'[ 97%] \x1b[32mBuilding C object CMakeFiles/eufs_msgs__python.dir/rosidl_generator_py/eufs_msgs/msg/_waypoint_array_stamped_s.c.o\x1b[0m\n'}
[149.484592] (-) TimerEvent: {}
[149.585267] (-) TimerEvent: {}
[149.670174] (eufs_msgs) StdoutLine: {'line': b'[ 97%] \x1b[32mBuilding C object CMakeFiles/eufs_msgs__python.dir/rosidl_generator_py/eufs_msgs/msg/_wheel_odometry_err_s.c.o\x1b[0m\n'}
[149.685414] (-) TimerEvent: {}
[149.785916] (-) TimerEvent: {}
[149.886604] (-) TimerEvent: {}
[149.895710] (eufs_msgs) StdoutLine: {'line': b'[ 97%] \x1b[32mBuilding C object CMakeFiles/eufs_msgs__python.dir/rosidl_generator_py/eufs_msgs/msg/_wheel_speeds_s.c.o\x1b[0m\n'}
[149.986807] (-) TimerEvent: {}
[150.087252] (-) TimerEvent: {}
[150.089280] (eufs_msgs) StdoutLine: {'line': b'[ 97%] \x1b[32mBuilding C object CMakeFiles/eufs_msgs__python.dir/rosidl_generator_py/eufs_msgs/msg/_wheel_speeds_stamped_s.c.o\x1b[0m\n'}
[150.187488] (-) TimerEvent: {}
[150.276936] (eufs_msgs) StdoutLine: {'line': b'[ 97%] \x1b[32mBuilding C object CMakeFiles/eufs_msgs__python.dir/rosidl_generator_py/eufs_msgs/action/_check_for_objects_s.c.o\x1b[0m\n'}
[150.287604] (-) TimerEvent: {}
[150.388024] (-) TimerEvent: {}
[150.488447] (-) TimerEvent: {}
[150.560617] (eufs_msgs) StdoutLine: {'line': b'[ 98%] \x1b[32mBuilding C object CMakeFiles/eufs_msgs__python.dir/rosidl_generator_py/eufs_msgs/srv/_record_start_s.c.o\x1b[0m\n'}
[150.588583] (-) TimerEvent: {}
[150.689083] (-) TimerEvent: {}
[150.759311] (eufs_msgs) StdoutLine: {'line': b'[ 98%] \x1b[32mBuilding C object CMakeFiles/eufs_msgs__python.dir/rosidl_generator_py/eufs_msgs/srv/_record_stop_s.c.o\x1b[0m\n'}
[150.789243] (-) TimerEvent: {}
[150.889751] (-) TimerEvent: {}
[150.965829] (eufs_msgs) StdoutLine: {'line': b'[ 98%] \x1b[32mBuilding C object CMakeFiles/eufs_msgs__python.dir/rosidl_generator_py/eufs_msgs/srv/_register_s.c.o\x1b[0m\n'}
[150.989911] (-) TimerEvent: {}
[151.090461] (-) TimerEvent: {}
[151.164080] (eufs_msgs) StdoutLine: {'line': b'[ 98%] \x1b[32mBuilding C object CMakeFiles/eufs_msgs__python.dir/rosidl_generator_py/eufs_msgs/srv/_set_can_state_s.c.o\x1b[0m\n'}
[151.190619] (-) TimerEvent: {}
[151.291170] (-) TimerEvent: {}
[151.363993] (eufs_msgs) StdoutLine: {'line': b'[ 98%] \x1b[32mBuilding C object CMakeFiles/eufs_msgs__python.dir/rosidl_generator_py/eufs_msgs/srv/_set_string_s.c.o\x1b[0m\n'}
[151.391269] (-) TimerEvent: {}
[151.491724] (-) TimerEvent: {}
[151.564983] (eufs_msgs) StdoutLine: {'line': b'[ 98%] \x1b[32mBuilding C object CMakeFiles/eufs_msgs__python.dir/rosidl_generator_py/eufs_msgs/srv/_set_track_s.c.o\x1b[0m\n'}
[151.591945] (-) TimerEvent: {}
[151.692458] (-) TimerEvent: {}
[151.772775] (eufs_msgs) StdoutLine: {'line': b'[ 99%] \x1b[32mBuilding C object CMakeFiles/eufs_msgs__python.dir/rosidl_generator_py/eufs_msgs/srv/_set_mission_s.c.o\x1b[0m\n'}
[151.792613] (-) TimerEvent: {}
[151.893135] (-) TimerEvent: {}
[151.973128] (eufs_msgs) StdoutLine: {'line': b'[ 99%] \x1b[32mBuilding C object CMakeFiles/eufs_msgs__python.dir/rosidl_generator_py/eufs_msgs/srv/_get_map_s.c.o\x1b[0m\n'}
[151.993380] (-) TimerEvent: {}
[152.093886] (-) TimerEvent: {}
[152.176639] (eufs_msgs) StdoutLine: {'line': b'[ 99%] \x1b[32mBuilding C object CMakeFiles/eufs_msgs__python.dir/rosidl_generator_py/eufs_msgs/msg/_vehicle_commands_s.c.o\x1b[0m\n'}
[152.194020] (-) TimerEvent: {}
[152.294467] (-) TimerEvent: {}
[152.367028] (eufs_msgs) StdoutLine: {'line': b'[ 99%] \x1b[32mBuilding C object CMakeFiles/eufs_msgs__python.dir/rosidl_generator_py/eufs_msgs/msg/_topic_status_s.c.o\x1b[0m\n'}
[152.394600] (-) TimerEvent: {}
[152.495008] (-) TimerEvent: {}
[152.560105] (eufs_msgs) StdoutLine: {'line': b'[ 99%] \x1b[32mBuilding C object CMakeFiles/eufs_msgs__python.dir/rosidl_generator_py/eufs_msgs/msg/_system_status_s.c.o\x1b[0m\n'}
[152.595173] (-) TimerEvent: {}
[152.695600] (-) TimerEvent: {}
[152.753616] (eufs_msgs) StdoutLine: {'line': b'[100%] \x1b[32mBuilding C object CMakeFiles/eufs_msgs__python.dir/rosidl_generator_py/eufs_msgs/msg/_stereo_image_s.c.o\x1b[0m\n'}
[152.795746] (-) TimerEvent: {}
[152.896183] (-) TimerEvent: {}
[152.941113] (eufs_msgs) StdoutLine: {'line': b'[100%] \x1b[32mBuilding C object CMakeFiles/eufs_msgs__python.dir/rosidl_generator_py/eufs_msgs/msg/_state_machine_state_s.c.o\x1b[0m\n'}
[152.996327] (-) TimerEvent: {}
[153.096858] (-) TimerEvent: {}
[153.119696] (eufs_msgs) StdoutLine: {'line': b'[100%] \x1b[32mBuilding C object CMakeFiles/eufs_msgs__python.dir/rosidl_generator_py/eufs_msgs/msg/_slam_state_s.c.o\x1b[0m\n'}
[153.197004] (-) TimerEvent: {}
[153.297578] (-) TimerEvent: {}
[153.308956] (eufs_msgs) StdoutLine: {'line': b'[100%] \x1b[32m\x1b[1mLinking C shared library rosidl_generator_py/eufs_msgs/libeufs_msgs__python.so\x1b[0m\n'}
[153.397734] (-) TimerEvent: {}
[153.464638] (eufs_msgs) StdoutLine: {'line': b'[100%] Built target eufs_msgs__python\n'}
[153.484869] (eufs_msgs) StdoutLine: {'line': b'\x1b[35m\x1b[1mScanning dependencies of target eufs_msgs__rosidl_typesupport_c__pyext\x1b[0m\n'}
[153.497892] (-) TimerEvent: {}
[153.555722] (eufs_msgs) StdoutLine: {'line': b'[100%] \x1b[32mBuilding C object CMakeFiles/eufs_msgs__rosidl_typesupport_c__pyext.dir/rosidl_generator_py/eufs_msgs/_eufs_msgs_s.ep.rosidl_typesupport_c.c.o\x1b[0m\n'}
[153.598041] (-) TimerEvent: {}
[153.698463] (-) TimerEvent: {}
[153.798894] (-) TimerEvent: {}
[153.899352] (-) TimerEvent: {}
[153.999792] (-) TimerEvent: {}
[154.100240] (-) TimerEvent: {}
[154.200747] (-) TimerEvent: {}
[154.240745] (eufs_msgs) StdoutLine: {'line': b'[100%] \x1b[32m\x1b[1mLinking C shared library rosidl_generator_py/eufs_msgs/eufs_msgs_s__rosidl_typesupport_c.cpython-38-x86_64-linux-gnu.so\x1b[0m\n'}
[154.300913] (-) TimerEvent: {}
[154.358960] (eufs_msgs) StdoutLine: {'line': b'[100%] Built target eufs_msgs__rosidl_typesupport_c__pyext\n'}
[154.381176] (eufs_msgs) StdoutLine: {'line': b'\x1b[35m\x1b[1mScanning dependencies of target eufs_msgs__rosidl_typesupport_introspection_c__pyext\x1b[0m\n'}
[154.401038] (-) TimerEvent: {}
[154.452646] (eufs_msgs) StdoutLine: {'line': b'[100%] \x1b[32mBuilding C object CMakeFiles/eufs_msgs__rosidl_typesupport_introspection_c__pyext.dir/rosidl_generator_py/eufs_msgs/_eufs_msgs_s.ep.rosidl_typesupport_introspection_c.c.o\x1b[0m\n'}
[154.501260] (-) TimerEvent: {}
[154.601747] (-) TimerEvent: {}
[154.702226] (-) TimerEvent: {}
[154.802658] (-) TimerEvent: {}
[154.903062] (-) TimerEvent: {}
[155.003522] (-) TimerEvent: {}
[155.103932] (-) TimerEvent: {}
[155.138428] (eufs_msgs) StdoutLine: {'line': b'[100%] \x1b[32m\x1b[1mLinking C shared library rosidl_generator_py/eufs_msgs/eufs_msgs_s__rosidl_typesupport_introspection_c.cpython-38-x86_64-linux-gnu.so\x1b[0m\n'}
[155.204092] (-) TimerEvent: {}
[155.253082] (eufs_msgs) StdoutLine: {'line': b'[100%] Built target eufs_msgs__rosidl_typesupport_introspection_c__pyext\n'}
[155.281692] (eufs_msgs) StdoutLine: {'line': b'\x1b[35m\x1b[1mScanning dependencies of target eufs_msgs__rosidl_typesupport_fastrtps_c__pyext\x1b[0m\n'}
[155.304246] (-) TimerEvent: {}
[155.357857] (eufs_msgs) StdoutLine: {'line': b'[100%] \x1b[32mBuilding C object CMakeFiles/eufs_msgs__rosidl_typesupport_fastrtps_c__pyext.dir/rosidl_generator_py/eufs_msgs/_eufs_msgs_s.ep.rosidl_typesupport_fastrtps_c.c.o\x1b[0m\n'}
[155.404387] (-) TimerEvent: {}
[155.504829] (-) TimerEvent: {}
[155.605245] (-) TimerEvent: {}
[155.705777] (-) TimerEvent: {}
[155.806290] (-) TimerEvent: {}
[155.906808] (-) TimerEvent: {}
[156.007260] (-) TimerEvent: {}
[156.055113] (eufs_msgs) StdoutLine: {'line': b'[100%] \x1b[32m\x1b[1mLinking CXX shared library rosidl_generator_py/eufs_msgs/eufs_msgs_s__rosidl_typesupport_fastrtps_c.cpython-38-x86_64-linux-gnu.so\x1b[0m\n'}
[156.107452] (-) TimerEvent: {}
[156.208039] (-) TimerEvent: {}
[156.253567] (eufs_msgs) StdoutLine: {'line': b'[100%] Built target eufs_msgs__rosidl_typesupport_fastrtps_c__pyext\n'}
[156.284368] (eufs_msgs) CommandEnded: {'returncode': 0}
[156.308271] (-) TimerEvent: {}
[156.408853] (-) TimerEvent: {}
[156.509329] (-) TimerEvent: {}
[156.609679] (-) TimerEvent: {}
[156.710029] (-) TimerEvent: {}
[156.810461] (-) TimerEvent: {}
[156.910851] (-) TimerEvent: {}
[157.011416] (-) TimerEvent: {}
[157.111765] (-) TimerEvent: {}
[157.212117] (-) TimerEvent: {}
[157.312489] (-) TimerEvent: {}
[157.412862] (-) TimerEvent: {}
[157.513229] (-) TimerEvent: {}
[157.613622] (-) TimerEvent: {}
[157.714062] (-) TimerEvent: {}
[157.814510] (-) TimerEvent: {}
[157.914917] (-) TimerEvent: {}
[158.015268] (-) TimerEvent: {}
[158.115801] (-) TimerEvent: {}
[158.216226] (-) TimerEvent: {}
[158.316679] (-) TimerEvent: {}
[158.417104] (-) TimerEvent: {}
[158.517528] (-) TimerEvent: {}
[158.617953] (-) TimerEvent: {}
[158.718371] (-) TimerEvent: {}
[158.818764] (-) TimerEvent: {}
[158.920729] (eufs_msgs) JobProgress: {'identifier': 'eufs_msgs', 'progress': 'install'}
[158.920922] (-) TimerEvent: {}
[158.921834] (eufs_msgs) Command: {'cmd': ['/usr/bin/cmake', '--install', '/bristol_fsai_sim-docker/build/eufs_msgs'], 'cwd': '/bristol_fsai_sim-docker/build/eufs_msgs', 'env': OrderedDict([('HOSTNAME', 'alan-Latitude-5420'), ('GIT_ASKPASS', '/vscode/vscode-server/bin/linux-x64/ac4cbdf48759c7d8c3eb91ffe6bb04316e263c57/extensions/git/dist/askpass.sh'), ('SHLVL', '2'), ('LD_LIBRARY_PATH', '/usr/lib/x86_64-linux-gnu/gazebo-11/plugins:/opt/ros/galactic/opt/yaml_cpp_vendor/lib:/opt/ros/galactic/opt/rviz_ogre_vendor/lib:/opt/ros/galactic/lib/x86_64-linux-gnu:/opt/ros/galactic/lib'), ('BROWSER', '/vscode/vscode-server/bin/linux-x64/ac4cbdf48759c7d8c3eb91ffe6bb04316e263c57/bin/helpers/browser.sh'), ('HOME', '/home/vscode'), ('TERM_PROGRAM_VERSION', '1.106.0'), ('VSCODE_IPC_HOOK_CLI', '/tmp/vscode-ipc-44527d33-f74a-4ad4-9e20-fd4db91b8445.sock'), ('ROS_PYTHON_VERSION', '3'), ('VSCODE_GIT_ASKPASS_MAIN', '/vscode/vscode-server/bin/linux-x64/ac4cbdf48759c7d8c3eb91ffe6bb04316e263c57/extensions/git/dist/askpass-main.js'), ('VSCODE_GIT_ASKPASS_NODE', '/vscode/vscode-server/bin/linux-x64/ac4cbdf48759c7d8c3eb91ffe6bb04316e263c57/node'), ('VSCODE_PYTHON_AUTOACTIVATE_GUARD', '1'), ('COLORTERM', 'truecolor'), ('REMOTE_CONTAINERS', 'true'), ('WAYLAND_DISPLAY', 'vscode-wayland-6ce7d0e9-5b6b-46b2-a2f1-5d3d5d4b2e7f.sock'), ('COLCON_PREFIX_PATH', '/bristol_fsai_sim-docker/install'), ('ROS_DISTRO', 'galactic'), ('REMOTE_CONTAINERS_IPC', '/tmp/vscode-remote-containers-ipc-8e75e97d-8e6f-4c26-880b-7a43c1d13b9e.sock'), ('EUFS_MASTER', '/bristol_fsai_sim-docker'), ('_', '/usr/bin/colcon'), ('ROS_VERSION', '2'), ('TERM', 'xterm-256color'), ('ROS_LOCALHOST_ONLY', '0'), ('PATH', '/vscode/vscode-server/bin/linux-x64/ac4cbdf48759c7d8c3eb91ffe6bb04316e263c57/bin/remote-cli:/opt/ros/galactic/bin:/usr/local/sbin:/usr/local/bin:/usr/sbin:/usr/bin:/sbin:/bin'), ('XDG_RUNTIME_DIR', '/tmp/user/1000'), ('REMOTE_CONTAINERS_SOCKETS', '["/tmp/vscode-ssh-auth-8e75e97d-8e6f-4c26-880b-7a43c1d13b9e.sock","/tmp/.X11-unix/X0","/home/vscode/.gnupg/S.gpg-agent"]'), ('DISPLAY', ':0'), ('LANG', 'C.UTF-8'), ('LS_COLORS', 'rs=0:di=01;34:ln=01;36:mh=00:pi=40;33:so=01;35:do=01;35:bd=40;33;01:cd=40;33;01:or=40;31;01:mi=00:su=37;41:sg=30;43:ca=30;41:tw=30;42:ow=34;42:st=37;44:ex=01;32:*.tar=01;31:*.tgz=01;31:*.arc=01;31:*.arj=01;31:*.taz=01;31:*.lha=01;31:*.lz4=01;31:*.lzh=01;31:*.lzma=01;31:*.tlz=01;31:*.txz=01;31:*.tzo=01;31:*.t7z=01;31:*.zip=01;31:*.z=01;31:*.dz=01;31:*.gz=01;31:*.lrz=01;31:*.lz=01;31:*.lzo=01;31:*.xz=01;31:*.zst=01;31:*.tzst=01;31:*.bz2=01;31:*.bz=01;31:*.tbz=01;31:*.tbz2=01;31:*.tz=01;31:*.deb=01;31:*.rpm=01;31:*.jar=01;31:*.war=01;31:*.ear=01;31:*.sar=01;31:*.rar=01;31:*.alz=01;31:*.ace=01;31:*.zoo=01;31:*.cpio=01;31:*.7z=01;31:*.rz=01;31:*.cab=01;31:*.wim=01;31:*.swm=01;31:*.dwm=01;31:*.esd=01;31:*.jpg=01;35:*.jpeg=01;35:*.mjpg=01;35:*.mjpeg=01;35:*.gif=01;35:*.bmp=01;35:*.pbm=01;35:*.pgm=01;35:*.ppm=01;35:*.tga=01;35:*.xbm=01;35:*.xpm=01;35:*.tif=01;35:*.tiff=01;35:*.png=01;35:*.svg=01;35:*.svgz=01;35:*.mng=01;35:*.pcx=01;35:*.mov=01;35:*.mpg=01;35:*.mpeg=01;35:*.m2v=01;35:*.mkv=01;35:*.webm=01;35:*.ogm=01;35:*.mp4=01;35:*.m4v=01;35:*.mp4v=01;35:*.vob=01;35:*.qt=01;35:*.nuv=01;35:*.wmv=01;35:*.asf=01;35:*.rm=01;35:*.rmvb=01;35:*.flc=01;35:*.avi=01;35:*.fli=01;35:*.flv=01;35:*.gl=01;35:*.dl=01;35:*.xcf=01;35:*.xwd=01;35:*.yuv=01;35:*.cgm=01;35:*.emf=01;35:*.ogv=01;35:*.ogx=01;35:*.aac=00;36:*.au=00;36:*.flac=00;36:*.m4a=00;36:*.mid=00;36:*.midi=00;36:*.mka=00;36:*.mp3=00;36:*.mpc=00;36:*.ogg=00;36:*.ra=00;36:*.wav=00;36:*.oga=00;36:*.opus=00;36:*.spx=00;36:*.xspf=00;36:'), ('VSCODE_GIT_IPC_HANDLE', '/tmp/user/1000/vscode-git-0b6b322ce0.sock'), ('TERM_PROGRAM', 'vscode'), ('SSH_AUTH_SOCK', '/tmp/vscode-ssh-auth-8e75e97d-8e6f-4c26-880b-7a43c1d13b9e.sock'), ('AMENT_PREFIX_PATH', '/opt/ros/galactic'), ('REMOTE_CONTAINERS_DISPLAY_SOCK', '/tmp/.X11-unix/X0'), ('SHELL', '/bin/bash'), ('VSCODE_GIT_ASKPASS_EXTRA_ARGS', ''), ('PWD', '/bristol_fsai_sim-docker/build/eufs_msgs'), ('LC_ALL', 'C.UTF-8'), ('PYTHONPATH', '/opt/ros/galactic/lib/python3.8/site-packages'), ('COLCON', '1'), ('CMAKE_PREFIX_PATH', '/opt/ros/galactic')]), 'shell': False}
[158.944353] (eufs_msgs) StdoutLine: {'line': b'-- Install configuration: ""\n'}
[158.947165] (eufs_msgs) StdoutLine: {'line': b'-- Execute custom install script\n'}
[158.948006] (eufs_msgs) StdoutLine: {'line': b'-- Symlinking: /bristol_fsai_sim-docker/install/eufs_msgs/share/ament_index/resource_index/rosidl_interfaces/eufs_msgs\n'}
[158.977402] (eufs_msgs) StdoutLine: {'line': b'-- Symlinking: /bristol_fsai_sim-docker/install/eufs_msgs/include/eufs_msgs/action/check_for_objects.h\n'}
[158.996939] (eufs_msgs) StdoutLine: {'line': b'-- Symlinking: /bristol_fsai_sim-docker/install/eufs_msgs/include/eufs_msgs/action/detail/check_for_objects__functions.h\n'}
[159.014128] (eufs_msgs) StdoutLine: {'line': b'-- Symlinking: /bristol_fsai_sim-docker/install/eufs_msgs/include/eufs_msgs/action/detail/check_for_objects__struct.h\n'}
[159.021073] (-) TimerEvent: {}
[159.031720] (eufs_msgs) StdoutLine: {'line': b'-- Symlinking: /bristol_fsai_sim-docker/install/eufs_msgs/include/eufs_msgs/action/detail/check_for_objects__type_support.h\n'}
[159.054943] (eufs_msgs) StdoutLine: {'line': b'-- Symlinking: /bristol_fsai_sim-docker/install/eufs_msgs/include/eufs_msgs/msg/bounding_box.h\n'}
[159.077466] (eufs_msgs) StdoutLine: {'line': b'-- Symlinking: /bristol_fsai_sim-docker/install/eufs_msgs/include/eufs_msgs/msg/bounding_boxes.h\n'}
[159.106309] (eufs_msgs) StdoutLine: {'line': b'-- Symlinking: /bristol_fsai_sim-docker/install/eufs_msgs/include/eufs_msgs/msg/can_state.h\n'}
[159.121245] (-) TimerEvent: {}
[159.133393] (eufs_msgs) StdoutLine: {'line': b'-- Symlinking: /bristol_fsai_sim-docker/install/eufs_msgs/include/eufs_msgs/msg/car_forces.h\n'}
[159.155617] (eufs_msgs) StdoutLine: {'line': b'-- Symlinking: /bristol_fsai_sim-docker/install/eufs_msgs/include/eufs_msgs/msg/car_state.h\n'}
[159.178355] (eufs_msgs) StdoutLine: {'line': b'-- Symlinking: /bristol_fsai_sim-docker/install/eufs_msgs/include/eufs_msgs/msg/chassis_command.h\n'}
[159.198207] (eufs_msgs) StdoutLine: {'line': b'-- Symlinking: /bristol_fsai_sim-docker/install/eufs_msgs/include/eufs_msgs/msg/chassis_state.h\n'}
[159.221369] (-) TimerEvent: {}
[159.221708] (eufs_msgs) StdoutLine: {'line': b'-- Symlinking: /bristol_fsai_sim-docker/install/eufs_msgs/include/eufs_msgs/msg/cone_array.h\n'}
[159.241133] (eufs_msgs) StdoutLine: {'line': b'-- Symlinking: /bristol_fsai_sim-docker/install/eufs_msgs/include/eufs_msgs/msg/cone_array_with_covariance.h\n'}
[159.265198] (eufs_msgs) StdoutLine: {'line': b'-- Symlinking: /bristol_fsai_sim-docker/install/eufs_msgs/include/eufs_msgs/msg/cone_array_with_covariance_plus.h\n'}
[159.283472] (eufs_msgs) StdoutLine: {'line': b'-- Symlinking: /bristol_fsai_sim-docker/install/eufs_msgs/include/eufs_msgs/msg/cone_association.h\n'}
[159.302366] (eufs_msgs) StdoutLine: {'line': b'-- Symlinking: /bristol_fsai_sim-docker/install/eufs_msgs/include/eufs_msgs/msg/cone_association_array.h\n'}
[159.319060] (eufs_msgs) StdoutLine: {'line': b'-- Symlinking: /bristol_fsai_sim-docker/install/eufs_msgs/include/eufs_msgs/msg/cone_association_array_array_stamped.h\n'}
[159.321436] (-) TimerEvent: {}
[159.338623] (eufs_msgs) StdoutLine: {'line': b'-- Symlinking: /bristol_fsai_sim-docker/install/eufs_msgs/include/eufs_msgs/msg/cone_association_array_stamped.h\n'}
[159.361929] (eufs_msgs) StdoutLine: {'line': b'-- Symlinking: /bristol_fsai_sim-docker/install/eufs_msgs/include/eufs_msgs/msg/cone_with_covariance.h\n'}
[159.383761] (eufs_msgs) StdoutLine: {'line': b'-- Symlinking: /bristol_fsai_sim-docker/install/eufs_msgs/include/eufs_msgs/msg/cone_with_covariance_plus.h\n'}
[159.402249] (eufs_msgs) StdoutLine: {'line': b'-- Symlinking: /bristol_fsai_sim-docker/install/eufs_msgs/include/eufs_msgs/msg/costmap.h\n'}
[159.419530] (eufs_msgs) StdoutLine: {'line': b'-- Symlinking: /bristol_fsai_sim-docker/install/eufs_msgs/include/eufs_msgs/msg/cpu_status.h\n'}
[159.421541] (-) TimerEvent: {}
[159.438489] (eufs_msgs) StdoutLine: {'line': b'-- Symlinking: /bristol_fsai_sim-docker/install/eufs_msgs/include/eufs_msgs/msg/cpu_usage.h\n'}
[159.460199] (eufs_msgs) StdoutLine: {'line': b'-- Symlinking: /bristol_fsai_sim-docker/install/eufs_msgs/include/eufs_msgs/msg/detail/bounding_box__functions.h\n'}
[159.483353] (eufs_msgs) StdoutLine: {'line': b'-- Symlinking: /bristol_fsai_sim-docker/install/eufs_msgs/include/eufs_msgs/msg/detail/bounding_box__struct.h\n'}
[159.501778] (eufs_msgs) StdoutLine: {'line': b'-- Symlinking: /bristol_fsai_sim-docker/install/eufs_msgs/include/eufs_msgs/msg/detail/bounding_box__type_support.h\n'}
[159.518177] (eufs_msgs) StdoutLine: {'line': b'-- Symlinking: /bristol_fsai_sim-docker/install/eufs_msgs/include/eufs_msgs/msg/detail/bounding_boxes__functions.h\n'}
[159.521633] (-) TimerEvent: {}
[159.538185] (eufs_msgs) StdoutLine: {'line': b'-- Symlinking: /bristol_fsai_sim-docker/install/eufs_msgs/include/eufs_msgs/msg/detail/bounding_boxes__struct.h\n'}
[159.560039] (eufs_msgs) StdoutLine: {'line': b'-- Symlinking: /bristol_fsai_sim-docker/install/eufs_msgs/include/eufs_msgs/msg/detail/bounding_boxes__type_support.h\n'}
[159.583672] (eufs_msgs) StdoutLine: {'line': b'-- Symlinking: /bristol_fsai_sim-docker/install/eufs_msgs/include/eufs_msgs/msg/detail/can_state__functions.h\n'}
[159.601688] (eufs_msgs) StdoutLine: {'line': b'-- Symlinking: /bristol_fsai_sim-docker/install/eufs_msgs/include/eufs_msgs/msg/detail/can_state__struct.h\n'}
[159.618582] (eufs_msgs) StdoutLine: {'line': b'-- Symlinking: /bristol_fsai_sim-docker/install/eufs_msgs/include/eufs_msgs/msg/detail/can_state__type_support.h\n'}
[159.621772] (-) TimerEvent: {}
[159.641670] (eufs_msgs) StdoutLine: {'line': b'-- Symlinking: /bristol_fsai_sim-docker/install/eufs_msgs/include/eufs_msgs/msg/detail/car_forces__functions.h\n'}
[159.663744] (eufs_msgs) StdoutLine: {'line': b'-- Symlinking: /bristol_fsai_sim-docker/install/eufs_msgs/include/eufs_msgs/msg/detail/car_forces__struct.h\n'}
[159.684525] (eufs_msgs) StdoutLine: {'line': b'-- Symlinking: /bristol_fsai_sim-docker/install/eufs_msgs/include/eufs_msgs/msg/detail/car_forces__type_support.h\n'}
[159.702800] (eufs_msgs) StdoutLine: {'line': b'-- Symlinking: /bristol_fsai_sim-docker/install/eufs_msgs/include/eufs_msgs/msg/detail/car_state__functions.h\n'}
[159.720547] (eufs_msgs) StdoutLine: {'line': b'-- Symlinking: /bristol_fsai_sim-docker/install/eufs_msgs/include/eufs_msgs/msg/detail/car_state__struct.h\n'}
[159.721882] (-) TimerEvent: {}
[159.745836] (eufs_msgs) StdoutLine: {'line': b'-- Symlinking: /bristol_fsai_sim-docker/install/eufs_msgs/include/eufs_msgs/msg/detail/car_state__type_support.h\n'}
[159.769617] (eufs_msgs) StdoutLine: {'line': b'-- Symlinking: /bristol_fsai_sim-docker/install/eufs_msgs/include/eufs_msgs/msg/detail/chassis_command__functions.h\n'}
[159.790768] (eufs_msgs) StdoutLine: {'line': b'-- Symlinking: /bristol_fsai_sim-docker/install/eufs_msgs/include/eufs_msgs/msg/detail/chassis_command__struct.h\n'}
[159.809322] (eufs_msgs) StdoutLine: {'line': b'-- Symlinking: /bristol_fsai_sim-docker/install/eufs_msgs/include/eufs_msgs/msg/detail/chassis_command__type_support.h\n'}
[159.822105] (-) TimerEvent: {}
[159.826289] (eufs_msgs) StdoutLine: {'line': b'-- Symlinking: /bristol_fsai_sim-docker/install/eufs_msgs/include/eufs_msgs/msg/detail/chassis_state__functions.h\n'}
[159.847922] (eufs_msgs) StdoutLine: {'line': b'-- Symlinking: /bristol_fsai_sim-docker/install/eufs_msgs/include/eufs_msgs/msg/detail/chassis_state__struct.h\n'}
[159.871311] (eufs_msgs) StdoutLine: {'line': b'-- Symlinking: /bristol_fsai_sim-docker/install/eufs_msgs/include/eufs_msgs/msg/detail/chassis_state__type_support.h\n'}
[159.888949] (eufs_msgs) StdoutLine: {'line': b'-- Symlinking: /bristol_fsai_sim-docker/install/eufs_msgs/include/eufs_msgs/msg/detail/cone_array__functions.h\n'}
[159.907056] (eufs_msgs) StdoutLine: {'line': b'-- Symlinking: /bristol_fsai_sim-docker/install/eufs_msgs/include/eufs_msgs/msg/detail/cone_array__struct.h\n'}
[159.922261] (-) TimerEvent: {}
[159.922780] (eufs_msgs) StdoutLine: {'line': b'-- Symlinking: /bristol_fsai_sim-docker/install/eufs_msgs/include/eufs_msgs/msg/detail/cone_array__type_support.h\n'}
[159.943306] (eufs_msgs) StdoutLine: {'line': b'-- Symlinking: /bristol_fsai_sim-docker/install/eufs_msgs/include/eufs_msgs/msg/detail/cone_array_with_covariance__functions.h\n'}
[159.964324] (eufs_msgs) StdoutLine: {'line': b'-- Symlinking: /bristol_fsai_sim-docker/install/eufs_msgs/include/eufs_msgs/msg/detail/cone_array_with_covariance__struct.h\n'}
[159.985658] (eufs_msgs) StdoutLine: {'line': b'-- Symlinking: /bristol_fsai_sim-docker/install/eufs_msgs/include/eufs_msgs/msg/detail/cone_array_with_covariance__type_support.h\n'}
[160.003041] (eufs_msgs) StdoutLine: {'line': b'-- Symlinking: /bristol_fsai_sim-docker/install/eufs_msgs/include/eufs_msgs/msg/detail/cone_array_with_covariance_plus__functions.h\n'}
[160.020032] (eufs_msgs) StdoutLine: {'line': b'-- Symlinking: /bristol_fsai_sim-docker/install/eufs_msgs/include/eufs_msgs/msg/detail/cone_array_with_covariance_plus__struct.h\n'}
[160.022413] (-) TimerEvent: {}
[160.039959] (eufs_msgs) StdoutLine: {'line': b'-- Symlinking: /bristol_fsai_sim-docker/install/eufs_msgs/include/eufs_msgs/msg/detail/cone_array_with_covariance_plus__type_support.h\n'}
[160.061440] (eufs_msgs) StdoutLine: {'line': b'-- Symlinking: /bristol_fsai_sim-docker/install/eufs_msgs/include/eufs_msgs/msg/detail/cone_association__functions.h\n'}
[160.084162] (eufs_msgs) StdoutLine: {'line': b'-- Symlinking: /bristol_fsai_sim-docker/install/eufs_msgs/include/eufs_msgs/msg/detail/cone_association__struct.h\n'}
[160.101730] (eufs_msgs) StdoutLine: {'line': b'-- Symlinking: /bristol_fsai_sim-docker/install/eufs_msgs/include/eufs_msgs/msg/detail/cone_association__type_support.h\n'}
[160.118542] (eufs_msgs) StdoutLine: {'line': b'-- Symlinking: /bristol_fsai_sim-docker/install/eufs_msgs/include/eufs_msgs/msg/detail/cone_association_array__functions.h\n'}
[160.122510] (-) TimerEvent: {}
[160.140681] (eufs_msgs) StdoutLine: {'line': b'-- Symlinking: /bristol_fsai_sim-docker/install/eufs_msgs/include/eufs_msgs/msg/detail/cone_association_array__struct.h\n'}
[160.162935] (eufs_msgs) StdoutLine: {'line': b'-- Symlinking: /bristol_fsai_sim-docker/install/eufs_msgs/include/eufs_msgs/msg/detail/cone_association_array__type_support.h\n'}
[160.180857] (eufs_msgs) StdoutLine: {'line': b'-- Symlinking: /bristol_fsai_sim-docker/install/eufs_msgs/include/eufs_msgs/msg/detail/cone_association_array_array_stamped__functions.h\n'}
[160.198524] (eufs_msgs) StdoutLine: {'line': b'-- Symlinking: /bristol_fsai_sim-docker/install/eufs_msgs/include/eufs_msgs/msg/detail/cone_association_array_array_stamped__struct.h\n'}
[160.215024] (eufs_msgs) StdoutLine: {'line': b'-- Symlinking: /bristol_fsai_sim-docker/install/eufs_msgs/include/eufs_msgs/msg/detail/cone_association_array_array_stamped__type_support.h\n'}
[160.222594] (-) TimerEvent: {}
[160.232294] (eufs_msgs) StdoutLine: {'line': b'-- Symlinking: /bristol_fsai_sim-docker/install/eufs_msgs/include/eufs_msgs/msg/detail/cone_association_array_stamped__functions.h\n'}
[160.255248] (eufs_msgs) StdoutLine: {'line': b'-- Symlinking: /bristol_fsai_sim-docker/install/eufs_msgs/include/eufs_msgs/msg/detail/cone_association_array_stamped__struct.h\n'}
[160.277520] (eufs_msgs) StdoutLine: {'line': b'-- Symlinking: /bristol_fsai_sim-docker/install/eufs_msgs/include/eufs_msgs/msg/detail/cone_association_array_stamped__type_support.h\n'}
[160.295566] (eufs_msgs) StdoutLine: {'line': b'-- Symlinking: /bristol_fsai_sim-docker/install/eufs_msgs/include/eufs_msgs/msg/detail/cone_with_covariance__functions.h\n'}
[160.312685] (eufs_msgs) StdoutLine: {'line': b'-- Symlinking: /bristol_fsai_sim-docker/install/eufs_msgs/include/eufs_msgs/msg/detail/cone_with_covariance__struct.h\n'}
[160.322799] (-) TimerEvent: {}
[160.329403] (eufs_msgs) StdoutLine: {'line': b'-- Symlinking: /bristol_fsai_sim-docker/install/eufs_msgs/include/eufs_msgs/msg/detail/cone_with_covariance__type_support.h\n'}
[160.353110] (eufs_msgs) StdoutLine: {'line': b'-- Symlinking: /bristol_fsai_sim-docker/install/eufs_msgs/include/eufs_msgs/msg/detail/cone_with_covariance_plus__functions.h\n'}
[160.376265] (eufs_msgs) StdoutLine: {'line': b'-- Symlinking: /bristol_fsai_sim-docker/install/eufs_msgs/include/eufs_msgs/msg/detail/cone_with_covariance_plus__struct.h\n'}
[160.394570] (eufs_msgs) StdoutLine: {'line': b'-- Symlinking: /bristol_fsai_sim-docker/install/eufs_msgs/include/eufs_msgs/msg/detail/cone_with_covariance_plus__type_support.h\n'}
[160.411517] (eufs_msgs) StdoutLine: {'line': b'-- Symlinking: /bristol_fsai_sim-docker/install/eufs_msgs/include/eufs_msgs/msg/detail/costmap__functions.h\n'}
[160.422932] (-) TimerEvent: {}
[160.428925] (eufs_msgs) StdoutLine: {'line': b'-- Symlinking: /bristol_fsai_sim-docker/install/eufs_msgs/include/eufs_msgs/msg/detail/costmap__struct.h\n'}
[160.449844] (eufs_msgs) StdoutLine: {'line': b'-- Symlinking: /bristol_fsai_sim-docker/install/eufs_msgs/include/eufs_msgs/msg/detail/costmap__type_support.h\n'}
[160.472356] (eufs_msgs) StdoutLine: {'line': b'-- Symlinking: /bristol_fsai_sim-docker/install/eufs_msgs/include/eufs_msgs/msg/detail/cpu_status__functions.h\n'}
[160.492845] (eufs_msgs) StdoutLine: {'line': b'-- Symlinking: /bristol_fsai_sim-docker/install/eufs_msgs/include/eufs_msgs/msg/detail/cpu_status__struct.h\n'}
[160.510032] (eufs_msgs) StdoutLine: {'line': b'-- Symlinking: /bristol_fsai_sim-docker/install/eufs_msgs/include/eufs_msgs/msg/detail/cpu_status__type_support.h\n'}
[160.523073] (-) TimerEvent: {}
[160.527765] (eufs_msgs) StdoutLine: {'line': b'-- Symlinking: /bristol_fsai_sim-docker/install/eufs_msgs/include/eufs_msgs/msg/detail/cpu_usage__functions.h\n'}
[160.549321] (eufs_msgs) StdoutLine: {'line': b'-- Symlinking: /bristol_fsai_sim-docker/install/eufs_msgs/include/eufs_msgs/msg/detail/cpu_usage__struct.h\n'}
[160.572277] (eufs_msgs) StdoutLine: {'line': b'-- Symlinking: /bristol_fsai_sim-docker/install/eufs_msgs/include/eufs_msgs/msg/detail/cpu_usage__type_support.h\n'}
[160.590748] (eufs_msgs) StdoutLine: {'line': b'-- Symlinking: /bristol_fsai_sim-docker/install/eufs_msgs/include/eufs_msgs/msg/detail/ekf_err__functions.h\n'}
[160.608423] (eufs_msgs) StdoutLine: {'line': b'-- Symlinking: /bristol_fsai_sim-docker/install/eufs_msgs/include/eufs_msgs/msg/detail/ekf_err__struct.h\n'}
[160.623233] (-) TimerEvent: {}
[160.624873] (eufs_msgs) StdoutLine: {'line': b'-- Symlinking: /bristol_fsai_sim-docker/install/eufs_msgs/include/eufs_msgs/msg/detail/ekf_err__type_support.h\n'}
[160.645359] (eufs_msgs) StdoutLine: {'line': b'-- Symlinking: /bristol_fsai_sim-docker/install/eufs_msgs/include/eufs_msgs/msg/detail/ekf_state__functions.h\n'}
[160.668347] (eufs_msgs) StdoutLine: {'line': b'-- Symlinking: /bristol_fsai_sim-docker/install/eufs_msgs/include/eufs_msgs/msg/detail/ekf_state__struct.h\n'}
[160.691993] (eufs_msgs) StdoutLine: {'line': b'-- Symlinking: /bristol_fsai_sim-docker/install/eufs_msgs/include/eufs_msgs/msg/detail/ekf_state__type_support.h\n'}
[160.709363] (eufs_msgs) StdoutLine: {'line': b'-- Symlinking: /bristol_fsai_sim-docker/install/eufs_msgs/include/eufs_msgs/msg/detail/full_state__functions.h\n'}
[160.723385] (-) TimerEvent: {}
[160.726370] (eufs_msgs) StdoutLine: {'line': b'-- Symlinking: /bristol_fsai_sim-docker/install/eufs_msgs/include/eufs_msgs/msg/detail/full_state__struct.h\n'}
[160.746966] (eufs_msgs) StdoutLine: {'line': b'-- Symlinking: /bristol_fsai_sim-docker/install/eufs_msgs/include/eufs_msgs/msg/detail/full_state__type_support.h\n'}
[160.769410] (eufs_msgs) StdoutLine: {'line': b'-- Symlinking: /bristol_fsai_sim-docker/install/eufs_msgs/include/eufs_msgs/msg/detail/heartbeat__functions.h\n'}
[160.790506] (eufs_msgs) StdoutLine: {'line': b'-- Symlinking: /bristol_fsai_sim-docker/install/eufs_msgs/include/eufs_msgs/msg/detail/heartbeat__struct.h\n'}
[160.808337] (eufs_msgs) StdoutLine: {'line': b'-- Symlinking: /bristol_fsai_sim-docker/install/eufs_msgs/include/eufs_msgs/msg/detail/heartbeat__type_support.h\n'}
[160.823510] (-) TimerEvent: {}
[160.825577] (eufs_msgs) StdoutLine: {'line': b'-- Symlinking: /bristol_fsai_sim-docker/install/eufs_msgs/include/eufs_msgs/msg/detail/integration_err__functions.h\n'}
[160.845837] (eufs_msgs) StdoutLine: {'line': b'-- Symlinking: /bristol_fsai_sim-docker/install/eufs_msgs/include/eufs_msgs/msg/detail/integration_err__struct.h\n'}
[160.867855] (eufs_msgs) StdoutLine: {'line': b'-- Symlinking: /bristol_fsai_sim-docker/install/eufs_msgs/include/eufs_msgs/msg/detail/integration_err__type_support.h\n'}
[160.889255] (eufs_msgs) StdoutLine: {'line': b'-- Symlinking: /bristol_fsai_sim-docker/install/eufs_msgs/include/eufs_msgs/msg/detail/lap_stats__functions.h\n'}
[160.907306] (eufs_msgs) StdoutLine: {'line': b'-- Symlinking: /bristol_fsai_sim-docker/install/eufs_msgs/include/eufs_msgs/msg/detail/lap_stats__struct.h\n'}
[160.923654] (-) TimerEvent: {}
[160.924091] (eufs_msgs) StdoutLine: {'line': b'-- Symlinking: /bristol_fsai_sim-docker/install/eufs_msgs/include/eufs_msgs/msg/detail/lap_stats__type_support.h\n'}
[160.944507] (eufs_msgs) StdoutLine: {'line': b'-- Symlinking: /bristol_fsai_sim-docker/install/eufs_msgs/include/eufs_msgs/msg/detail/mpc_state__functions.h\n'}
[160.965776] (eufs_msgs) StdoutLine: {'line': b'-- Symlinking: /bristol_fsai_sim-docker/install/eufs_msgs/include/eufs_msgs/msg/detail/mpc_state__struct.h\n'}
[160.986381] (eufs_msgs) StdoutLine: {'line': b'-- Symlinking: /bristol_fsai_sim-docker/install/eufs_msgs/include/eufs_msgs/msg/detail/mpc_state__type_support.h\n'}
[161.003997] (eufs_msgs) StdoutLine: {'line': b'-- Symlinking: /bristol_fsai_sim-docker/install/eufs_msgs/include/eufs_msgs/msg/detail/node_state__functions.h\n'}
[161.020909] (eufs_msgs) StdoutLine: {'line': b'-- Symlinking: /bristol_fsai_sim-docker/install/eufs_msgs/include/eufs_msgs/msg/detail/node_state__struct.h\n'}
[161.023777] (-) TimerEvent: {}
[161.043361] (eufs_msgs) StdoutLine: {'line': b'-- Symlinking: /bristol_fsai_sim-docker/install/eufs_msgs/include/eufs_msgs/msg/detail/node_state__type_support.h\n'}
[161.064361] (eufs_msgs) StdoutLine: {'line': b'-- Symlinking: /bristol_fsai_sim-docker/install/eufs_msgs/include/eufs_msgs/msg/detail/node_state_array__functions.h\n'}
[161.087535] (eufs_msgs) StdoutLine: {'line': b'-- Symlinking: /bristol_fsai_sim-docker/install/eufs_msgs/include/eufs_msgs/msg/detail/node_state_array__struct.h\n'}
[161.104986] (eufs_msgs) StdoutLine: {'line': b'-- Symlinking: /bristol_fsai_sim-docker/install/eufs_msgs/include/eufs_msgs/msg/detail/node_state_array__type_support.h\n'}
[161.121594] (eufs_msgs) StdoutLine: {'line': b'-- Symlinking: /bristol_fsai_sim-docker/install/eufs_msgs/include/eufs_msgs/msg/detail/oss__functions.h\n'}
[161.123873] (-) TimerEvent: {}
[161.142359] (eufs_msgs) StdoutLine: {'line': b'-- Symlinking: /bristol_fsai_sim-docker/install/eufs_msgs/include/eufs_msgs/msg/detail/oss__struct.h\n'}
[161.166693] (eufs_msgs) StdoutLine: {'line': b'-- Symlinking: /bristol_fsai_sim-docker/install/eufs_msgs/include/eufs_msgs/msg/detail/oss__type_support.h\n'}
[161.187867] (eufs_msgs) StdoutLine: {'line': b'-- Symlinking: /bristol_fsai_sim-docker/install/eufs_msgs/include/eufs_msgs/msg/detail/particle__functions.h\n'}
[161.205408] (eufs_msgs) StdoutLine: {'line': b'-- Symlinking: /bristol_fsai_sim-docker/install/eufs_msgs/include/eufs_msgs/msg/detail/particle__struct.h\n'}
[161.222508] (eufs_msgs) StdoutLine: {'line': b'-- Symlinking: /bristol_fsai_sim-docker/install/eufs_msgs/include/eufs_msgs/msg/detail/particle__type_support.h\n'}
[161.224010] (-) TimerEvent: {}
[161.241962] (eufs_msgs) StdoutLine: {'line': b'-- Symlinking: /bristol_fsai_sim-docker/install/eufs_msgs/include/eufs_msgs/msg/detail/particle_slam__functions.h\n'}
[161.266824] (eufs_msgs) StdoutLine: {'line': b'-- Symlinking: /bristol_fsai_sim-docker/install/eufs_msgs/include/eufs_msgs/msg/detail/particle_slam__struct.h\n'}
[161.289005] (eufs_msgs) StdoutLine: {'line': b'-- Symlinking: /bristol_fsai_sim-docker/install/eufs_msgs/include/eufs_msgs/msg/detail/particle_slam__type_support.h\n'}
[161.306127] (eufs_msgs) StdoutLine: {'line': b'-- Symlinking: /bristol_fsai_sim-docker/install/eufs_msgs/include/eufs_msgs/msg/detail/particle_slam_stamped__functions.h\n'}
[161.322988] (eufs_msgs) StdoutLine: {'line': b'-- Symlinking: /bristol_fsai_sim-docker/install/eufs_msgs/include/eufs_msgs/msg/detail/particle_slam_stamped__struct.h\n'}
[161.324101] (-) TimerEvent: {}
[161.343261] (eufs_msgs) StdoutLine: {'line': b'-- Symlinking: /bristol_fsai_sim-docker/install/eufs_msgs/include/eufs_msgs/msg/detail/particle_slam_stamped__type_support.h\n'}
[161.366429] (eufs_msgs) StdoutLine: {'line': b'-- Symlinking: /bristol_fsai_sim-docker/install/eufs_msgs/include/eufs_msgs/msg/detail/particle_stamped__functions.h\n'}
[161.387674] (eufs_msgs) StdoutLine: {'line': b'-- Symlinking: /bristol_fsai_sim-docker/install/eufs_msgs/include/eufs_msgs/msg/detail/particle_stamped__struct.h\n'}
[161.406774] (eufs_msgs) StdoutLine: {'line': b'-- Symlinking: /bristol_fsai_sim-docker/install/eufs_msgs/include/eufs_msgs/msg/detail/particle_stamped__type_support.h\n'}
[161.423472] (eufs_msgs) StdoutLine: {'line': b'-- Symlinking: /bristol_fsai_sim-docker/install/eufs_msgs/include/eufs_msgs/msg/detail/path_integral_params__functions.h\n'}
[161.424220] (-) TimerEvent: {}
[161.443399] (eufs_msgs) StdoutLine: {'line': b'-- Symlinking: /bristol_fsai_sim-docker/install/eufs_msgs/include/eufs_msgs/msg/detail/path_integral_params__struct.h\n'}
[161.466846] (eufs_msgs) StdoutLine: {'line': b'-- Symlinking: /bristol_fsai_sim-docker/install/eufs_msgs/include/eufs_msgs/msg/detail/path_integral_params__type_support.h\n'}
[161.488966] (eufs_msgs) StdoutLine: {'line': b'-- Symlinking: /bristol_fsai_sim-docker/install/eufs_msgs/include/eufs_msgs/msg/detail/path_integral_stats__functions.h\n'}
[161.507199] (eufs_msgs) StdoutLine: {'line': b'-- Symlinking: /bristol_fsai_sim-docker/install/eufs_msgs/include/eufs_msgs/msg/detail/path_integral_stats__struct.h\n'}
[161.524097] (eufs_msgs) StdoutLine: {'line': b'-- Symlinking: /bristol_fsai_sim-docker/install/eufs_msgs/include/eufs_msgs/msg/detail/path_integral_stats__type_support.h\n'}
[161.524378] (-) TimerEvent: {}
[161.545073] (eufs_msgs) StdoutLine: {'line': b'-- Symlinking: /bristol_fsai_sim-docker/install/eufs_msgs/include/eufs_msgs/msg/detail/path_integral_status__functions.h\n'}
[161.567837] (eufs_msgs) StdoutLine: {'line': b'-- Symlinking: /bristol_fsai_sim-docker/install/eufs_msgs/include/eufs_msgs/msg/detail/path_integral_status__struct.h\n'}
[161.588259] (eufs_msgs) StdoutLine: {'line': b'-- Symlinking: /bristol_fsai_sim-docker/install/eufs_msgs/include/eufs_msgs/msg/detail/path_integral_status__type_support.h\n'}
[161.606652] (eufs_msgs) StdoutLine: {'line': b'-- Symlinking: /bristol_fsai_sim-docker/install/eufs_msgs/include/eufs_msgs/msg/detail/path_integral_timing__functions.h\n'}
[161.623064] (eufs_msgs) StdoutLine: {'line': b'-- Symlinking: /bristol_fsai_sim-docker/install/eufs_msgs/include/eufs_msgs/msg/detail/path_integral_timing__struct.h\n'}
[161.624462] (-) TimerEvent: {}
[161.644814] (eufs_msgs) StdoutLine: {'line': b'-- Symlinking: /bristol_fsai_sim-docker/install/eufs_msgs/include/eufs_msgs/msg/detail/path_integral_timing__type_support.h\n'}
[161.666316] (eufs_msgs) StdoutLine: {'line': b'-- Symlinking: /bristol_fsai_sim-docker/install/eufs_msgs/include/eufs_msgs/msg/detail/planning_mode__functions.h\n'}
[161.686130] (eufs_msgs) StdoutLine: {'line': b'-- Symlinking: /bristol_fsai_sim-docker/install/eufs_msgs/include/eufs_msgs/msg/detail/planning_mode__struct.h\n'}
[161.705285] (eufs_msgs) StdoutLine: {'line': b'-- Symlinking: /bristol_fsai_sim-docker/install/eufs_msgs/include/eufs_msgs/msg/detail/planning_mode__type_support.h\n'}
[161.722478] (eufs_msgs) StdoutLine: {'line': b'-- Symlinking: /bristol_fsai_sim-docker/install/eufs_msgs/include/eufs_msgs/msg/detail/point_array__functions.h\n'}
[161.724666] (-) TimerEvent: {}
[161.742663] (eufs_msgs) StdoutLine: {'line': b'-- Symlinking: /bristol_fsai_sim-docker/install/eufs_msgs/include/eufs_msgs/msg/detail/point_array__struct.h\n'}
[161.764375] (eufs_msgs) StdoutLine: {'line': b'-- Symlinking: /bristol_fsai_sim-docker/install/eufs_msgs/include/eufs_msgs/msg/detail/point_array__type_support.h\n'}
[161.785265] (eufs_msgs) StdoutLine: {'line': b'-- Symlinking: /bristol_fsai_sim-docker/install/eufs_msgs/include/eufs_msgs/msg/detail/point_array_stamped__functions.h\n'}
[161.804917] (eufs_msgs) StdoutLine: {'line': b'-- Symlinking: /bristol_fsai_sim-docker/install/eufs_msgs/include/eufs_msgs/msg/detail/point_array_stamped__struct.h\n'}
[161.822330] (eufs_msgs) StdoutLine: {'line': b'-- Symlinking: /bristol_fsai_sim-docker/install/eufs_msgs/include/eufs_msgs/msg/detail/point_array_stamped__type_support.h\n'}
[161.824756] (-) TimerEvent: {}
[161.842742] (eufs_msgs) StdoutLine: {'line': b'-- Symlinking: /bristol_fsai_sim-docker/install/eufs_msgs/include/eufs_msgs/msg/detail/pure_pursuit_checkpoint__functions.h\n'}
[161.868285] (eufs_msgs) StdoutLine: {'line': b'-- Symlinking: /bristol_fsai_sim-docker/install/eufs_msgs/include/eufs_msgs/msg/detail/pure_pursuit_checkpoint__struct.h\n'}
[161.888146] (eufs_msgs) StdoutLine: {'line': b'-- Symlinking: /bristol_fsai_sim-docker/install/eufs_msgs/include/eufs_msgs/msg/detail/pure_pursuit_checkpoint__type_support.h\n'}
[161.904885] (eufs_msgs) StdoutLine: {'line': b'-- Symlinking: /bristol_fsai_sim-docker/install/eufs_msgs/include/eufs_msgs/msg/detail/pure_pursuit_checkpoint_array_stamped__functions.h\n'}
[161.921900] (eufs_msgs) StdoutLine: {'line': b'-- Symlinking: /bristol_fsai_sim-docker/install/eufs_msgs/include/eufs_msgs/msg/detail/pure_pursuit_checkpoint_array_stamped__struct.h\n'}
[161.924881] (-) TimerEvent: {}
[161.942399] (eufs_msgs) StdoutLine: {'line': b'-- Symlinking: /bristol_fsai_sim-docker/install/eufs_msgs/include/eufs_msgs/msg/detail/pure_pursuit_checkpoint_array_stamped__type_support.h\n'}
[161.965571] (eufs_msgs) StdoutLine: {'line': b'-- Symlinking: /bristol_fsai_sim-docker/install/eufs_msgs/include/eufs_msgs/msg/detail/runstop__functions.h\n'}
[161.989199] (eufs_msgs) StdoutLine: {'line': b'-- Symlinking: /bristol_fsai_sim-docker/install/eufs_msgs/include/eufs_msgs/msg/detail/runstop__struct.h\n'}
[162.007339] (eufs_msgs) StdoutLine: {'line': b'-- Symlinking: /bristol_fsai_sim-docker/install/eufs_msgs/include/eufs_msgs/msg/detail/runstop__type_support.h\n'}
[162.024529] (eufs_msgs) StdoutLine: {'line': b'-- Symlinking: /bristol_fsai_sim-docker/install/eufs_msgs/include/eufs_msgs/msg/detail/slam_err__functions.h\n'}
[162.024893] (-) TimerEvent: {}
[162.045400] (eufs_msgs) StdoutLine: {'line': b'-- Symlinking: /bristol_fsai_sim-docker/install/eufs_msgs/include/eufs_msgs/msg/detail/slam_err__struct.h\n'}
[162.067885] (eufs_msgs) StdoutLine: {'line': b'-- Symlinking: /bristol_fsai_sim-docker/install/eufs_msgs/include/eufs_msgs/msg/detail/slam_err__type_support.h\n'}
[162.089515] (eufs_msgs) StdoutLine: {'line': b'-- Symlinking: /bristol_fsai_sim-docker/install/eufs_msgs/include/eufs_msgs/msg/detail/slam_state__functions.h\n'}
[162.106494] (eufs_msgs) StdoutLine: {'line': b'-- Symlinking: /bristol_fsai_sim-docker/install/eufs_msgs/include/eufs_msgs/msg/detail/slam_state__struct.h\n'}
[162.123947] (eufs_msgs) StdoutLine: {'line': b'-- Symlinking: /bristol_fsai_sim-docker/install/eufs_msgs/include/eufs_msgs/msg/detail/slam_state__type_support.h\n'}
[162.125010] (-) TimerEvent: {}
[162.144236] (eufs_msgs) StdoutLine: {'line': b'-- Symlinking: /bristol_fsai_sim-docker/install/eufs_msgs/include/eufs_msgs/msg/detail/state_machine_state__functions.h\n'}
[162.166273] (eufs_msgs) StdoutLine: {'line': b'-- Symlinking: /bristol_fsai_sim-docker/install/eufs_msgs/include/eufs_msgs/msg/detail/state_machine_state__struct.h\n'}
[162.186808] (eufs_msgs) StdoutLine: {'line': b'-- Symlinking: /bristol_fsai_sim-docker/install/eufs_msgs/include/eufs_msgs/msg/detail/state_machine_state__type_support.h\n'}
[162.204215] (eufs_msgs) StdoutLine: {'line': b'-- Symlinking: /bristol_fsai_sim-docker/install/eufs_msgs/include/eufs_msgs/msg/detail/stereo_image__functions.h\n'}
[162.220699] (eufs_msgs) StdoutLine: {'line': b'-- Symlinking: /bristol_fsai_sim-docker/install/eufs_msgs/include/eufs_msgs/msg/detail/stereo_image__struct.h\n'}
[162.225148] (-) TimerEvent: {}
[162.239355] (eufs_msgs) StdoutLine: {'line': b'-- Symlinking: /bristol_fsai_sim-docker/install/eufs_msgs/include/eufs_msgs/msg/detail/stereo_image__type_support.h\n'}
[162.262359] (eufs_msgs) StdoutLine: {'line': b'-- Symlinking: /bristol_fsai_sim-docker/install/eufs_msgs/include/eufs_msgs/msg/detail/system_status__functions.h\n'}
[162.285816] (eufs_msgs) StdoutLine: {'line': b'-- Symlinking: /bristol_fsai_sim-docker/install/eufs_msgs/include/eufs_msgs/msg/detail/system_status__struct.h\n'}
[162.304367] (eufs_msgs) StdoutLine: {'line': b'-- Symlinking: /bristol_fsai_sim-docker/install/eufs_msgs/include/eufs_msgs/msg/detail/system_status__type_support.h\n'}
[162.320993] (eufs_msgs) StdoutLine: {'line': b'-- Symlinking: /bristol_fsai_sim-docker/install/eufs_msgs/include/eufs_msgs/msg/detail/topic_status__functions.h\n'}
[162.325313] (-) TimerEvent: {}
[162.339229] (eufs_msgs) StdoutLine: {'line': b'-- Symlinking: /bristol_fsai_sim-docker/install/eufs_msgs/include/eufs_msgs/msg/detail/topic_status__struct.h\n'}
[162.365540] (eufs_msgs) StdoutLine: {'line': b'-- Symlinking: /bristol_fsai_sim-docker/install/eufs_msgs/include/eufs_msgs/msg/detail/topic_status__type_support.h\n'}
[162.385816] (eufs_msgs) StdoutLine: {'line': b'-- Symlinking: /bristol_fsai_sim-docker/install/eufs_msgs/include/eufs_msgs/msg/detail/vehicle_commands__functions.h\n'}
[162.405252] (eufs_msgs) StdoutLine: {'line': b'-- Symlinking: /bristol_fsai_sim-docker/install/eufs_msgs/include/eufs_msgs/msg/detail/vehicle_commands__struct.h\n'}
[162.422413] (eufs_msgs) StdoutLine: {'line': b'-- Symlinking: /bristol_fsai_sim-docker/install/eufs_msgs/include/eufs_msgs/msg/detail/vehicle_commands__type_support.h\n'}
[162.425413] (-) TimerEvent: {}
[162.442344] (eufs_msgs) StdoutLine: {'line': b'-- Symlinking: /bristol_fsai_sim-docker/install/eufs_msgs/include/eufs_msgs/msg/detail/vehicle_commands_stamped__functions.h\n'}
[162.464687] (eufs_msgs) StdoutLine: {'line': b'-- Symlinking: /bristol_fsai_sim-docker/install/eufs_msgs/include/eufs_msgs/msg/detail/vehicle_commands_stamped__struct.h\n'}
[162.485054] (eufs_msgs) StdoutLine: {'line': b'-- Symlinking: /bristol_fsai_sim-docker/install/eufs_msgs/include/eufs_msgs/msg/detail/vehicle_commands_stamped__type_support.h\n'}
[162.504460] (eufs_msgs) StdoutLine: {'line': b'-- Symlinking: /bristol_fsai_sim-docker/install/eufs_msgs/include/eufs_msgs/msg/detail/waypoint__functions.h\n'}
[162.521661] (eufs_msgs) StdoutLine: {'line': b'-- Symlinking: /bristol_fsai_sim-docker/install/eufs_msgs/include/eufs_msgs/msg/detail/waypoint__struct.h\n'}
[162.525519] (-) TimerEvent: {}
[162.542776] (eufs_msgs) StdoutLine: {'line': b'-- Symlinking: /bristol_fsai_sim-docker/install/eufs_msgs/include/eufs_msgs/msg/detail/waypoint__type_support.h\n'}
[162.566940] (eufs_msgs) StdoutLine: {'line': b'-- Symlinking: /bristol_fsai_sim-docker/install/eufs_msgs/include/eufs_msgs/msg/detail/waypoint_array_stamped__functions.h\n'}
[162.587038] (eufs_msgs) StdoutLine: {'line': b'-- Symlinking: /bristol_fsai_sim-docker/install/eufs_msgs/include/eufs_msgs/msg/detail/waypoint_array_stamped__struct.h\n'}
[162.606001] (eufs_msgs) StdoutLine: {'line': b'-- Symlinking: /bristol_fsai_sim-docker/install/eufs_msgs/include/eufs_msgs/msg/detail/waypoint_array_stamped__type_support.h\n'}
[162.622698] (eufs_msgs) StdoutLine: {'line': b'-- Symlinking: /bristol_fsai_sim-docker/install/eufs_msgs/include/eufs_msgs/msg/detail/wheel_odometry_err__functions.h\n'}
[162.625633] (-) TimerEvent: {}
[162.643361] (eufs_msgs) StdoutLine: {'line': b'-- Symlinking: /bristol_fsai_sim-docker/install/eufs_msgs/include/eufs_msgs/msg/detail/wheel_odometry_err__struct.h\n'}
[162.666021] (eufs_msgs) StdoutLine: {'line': b'-- Symlinking: /bristol_fsai_sim-docker/install/eufs_msgs/include/eufs_msgs/msg/detail/wheel_odometry_err__type_support.h\n'}
[162.687101] (eufs_msgs) StdoutLine: {'line': b'-- Symlinking: /bristol_fsai_sim-docker/install/eufs_msgs/include/eufs_msgs/msg/detail/wheel_speeds__functions.h\n'}
[162.705029] (eufs_msgs) StdoutLine: {'line': b'-- Symlinking: /bristol_fsai_sim-docker/install/eufs_msgs/include/eufs_msgs/msg/detail/wheel_speeds__struct.h\n'}
[162.722326] (eufs_msgs) StdoutLine: {'line': b'-- Symlinking: /bristol_fsai_sim-docker/install/eufs_msgs/include/eufs_msgs/msg/detail/wheel_speeds__type_support.h\n'}
[162.725762] (-) TimerEvent: {}
[162.745244] (eufs_msgs) StdoutLine: {'line': b'-- Symlinking: /bristol_fsai_sim-docker/install/eufs_msgs/include/eufs_msgs/msg/detail/wheel_speeds_stamped__functions.h\n'}
[162.764947] (eufs_msgs) StdoutLine: {'line': b'-- Symlinking: /bristol_fsai_sim-docker/install/eufs_msgs/include/eufs_msgs/msg/detail/wheel_speeds_stamped__struct.h\n'}
[162.785938] (eufs_msgs) StdoutLine: {'line': b'-- Symlinking: /bristol_fsai_sim-docker/install/eufs_msgs/include/eufs_msgs/msg/detail/wheel_speeds_stamped__type_support.h\n'}
[162.804543] (eufs_msgs) StdoutLine: {'line': b'-- Symlinking: /bristol_fsai_sim-docker/install/eufs_msgs/include/eufs_msgs/msg/ekf_err.h\n'}
[162.821561] (eufs_msgs) StdoutLine: {'line': b'-- Symlinking: /bristol_fsai_sim-docker/install/eufs_msgs/include/eufs_msgs/msg/ekf_state.h\n'}
[162.825885] (-) TimerEvent: {}
[162.840387] (eufs_msgs) StdoutLine: {'line': b'-- Symlinking: /bristol_fsai_sim-docker/install/eufs_msgs/include/eufs_msgs/msg/full_state.h\n'}
[162.862283] (eufs_msgs) StdoutLine: {'line': b'-- Symlinking: /bristol_fsai_sim-docker/install/eufs_msgs/include/eufs_msgs/msg/heartbeat.h\n'}
[162.883834] (eufs_msgs) StdoutLine: {'line': b'-- Symlinking: /bristol_fsai_sim-docker/install/eufs_msgs/include/eufs_msgs/msg/integration_err.h\n'}
[162.902081] (eufs_msgs) StdoutLine: {'line': b'-- Symlinking: /bristol_fsai_sim-docker/install/eufs_msgs/include/eufs_msgs/msg/lap_stats.h\n'}
[162.918896] (eufs_msgs) StdoutLine: {'line': b'-- Symlinking: /bristol_fsai_sim-docker/install/eufs_msgs/include/eufs_msgs/msg/mpc_state.h\n'}
[162.926080] (-) TimerEvent: {}
[162.935727] (eufs_msgs) StdoutLine: {'line': b'-- Symlinking: /bristol_fsai_sim-docker/install/eufs_msgs/include/eufs_msgs/msg/node_state.h\n'}
[162.958975] (eufs_msgs) StdoutLine: {'line': b'-- Symlinking: /bristol_fsai_sim-docker/install/eufs_msgs/include/eufs_msgs/msg/node_state_array.h\n'}
[162.981796] (eufs_msgs) StdoutLine: {'line': b'-- Symlinking: /bristol_fsai_sim-docker/install/eufs_msgs/include/eufs_msgs/msg/oss.h\n'}
[163.000439] (eufs_msgs) StdoutLine: {'line': b'-- Symlinking: /bristol_fsai_sim-docker/install/eufs_msgs/include/eufs_msgs/msg/particle.h\n'}
[163.019392] (eufs_msgs) StdoutLine: {'line': b'-- Symlinking: /bristol_fsai_sim-docker/install/eufs_msgs/include/eufs_msgs/msg/particle_slam.h\n'}
[163.026205] (-) TimerEvent: {}
[163.037672] (eufs_msgs) StdoutLine: {'line': b'-- Symlinking: /bristol_fsai_sim-docker/install/eufs_msgs/include/eufs_msgs/msg/particle_slam_stamped.h\n'}
[163.061522] (eufs_msgs) StdoutLine: {'line': b'-- Symlinking: /bristol_fsai_sim-docker/install/eufs_msgs/include/eufs_msgs/msg/particle_stamped.h\n'}
[163.083365] (eufs_msgs) StdoutLine: {'line': b'-- Symlinking: /bristol_fsai_sim-docker/install/eufs_msgs/include/eufs_msgs/msg/path_integral_params.h\n'}
[163.103099] (eufs_msgs) StdoutLine: {'line': b'-- Symlinking: /bristol_fsai_sim-docker/install/eufs_msgs/include/eufs_msgs/msg/path_integral_stats.h\n'}
[163.120235] (eufs_msgs) StdoutLine: {'line': b'-- Symlinking: /bristol_fsai_sim-docker/install/eufs_msgs/include/eufs_msgs/msg/path_integral_status.h\n'}
[163.126361] (-) TimerEvent: {}
[163.137339] (eufs_msgs) StdoutLine: {'line': b'-- Symlinking: /bristol_fsai_sim-docker/install/eufs_msgs/include/eufs_msgs/msg/path_integral_timing.h\n'}
[163.162439] (eufs_msgs) StdoutLine: {'line': b'-- Symlinking: /bristol_fsai_sim-docker/install/eufs_msgs/include/eufs_msgs/msg/planning_mode.h\n'}
[163.182514] (eufs_msgs) StdoutLine: {'line': b'-- Symlinking: /bristol_fsai_sim-docker/install/eufs_msgs/include/eufs_msgs/msg/point_array.h\n'}
[163.200809] (eufs_msgs) StdoutLine: {'line': b'-- Symlinking: /bristol_fsai_sim-docker/install/eufs_msgs/include/eufs_msgs/msg/point_array_stamped.h\n'}
[163.217794] (eufs_msgs) StdoutLine: {'line': b'-- Symlinking: /bristol_fsai_sim-docker/install/eufs_msgs/include/eufs_msgs/msg/pure_pursuit_checkpoint.h\n'}
[163.226481] (-) TimerEvent: {}
[163.234286] (eufs_msgs) StdoutLine: {'line': b'-- Symlinking: /bristol_fsai_sim-docker/install/eufs_msgs/include/eufs_msgs/msg/pure_pursuit_checkpoint_array_stamped.h\n'}
[163.257449] (eufs_msgs) StdoutLine: {'line': b'-- Symlinking: /bristol_fsai_sim-docker/install/eufs_msgs/include/eufs_msgs/msg/rosidl_generator_c__visibility_control.h\n'}
[163.279499] (eufs_msgs) StdoutLine: {'line': b'-- Symlinking: /bristol_fsai_sim-docker/install/eufs_msgs/include/eufs_msgs/msg/runstop.h\n'}
[163.297222] (eufs_msgs) StdoutLine: {'line': b'-- Symlinking: /bristol_fsai_sim-docker/install/eufs_msgs/include/eufs_msgs/msg/slam_err.h\n'}
[163.313960] (eufs_msgs) StdoutLine: {'line': b'-- Symlinking: /bristol_fsai_sim-docker/install/eufs_msgs/include/eufs_msgs/msg/slam_state.h\n'}
[163.326621] (-) TimerEvent: {}
[163.331173] (eufs_msgs) StdoutLine: {'line': b'-- Symlinking: /bristol_fsai_sim-docker/install/eufs_msgs/include/eufs_msgs/msg/state_machine_state.h\n'}
[163.353289] (eufs_msgs) StdoutLine: {'line': b'-- Symlinking: /bristol_fsai_sim-docker/install/eufs_msgs/include/eufs_msgs/msg/stereo_image.h\n'}
[163.376977] (eufs_msgs) StdoutLine: {'line': b'-- Symlinking: /bristol_fsai_sim-docker/install/eufs_msgs/include/eufs_msgs/msg/system_status.h\n'}
[163.395367] (eufs_msgs) StdoutLine: {'line': b'-- Symlinking: /bristol_fsai_sim-docker/install/eufs_msgs/include/eufs_msgs/msg/topic_status.h\n'}
[163.412862] (eufs_msgs) StdoutLine: {'line': b'-- Symlinking: /bristol_fsai_sim-docker/install/eufs_msgs/include/eufs_msgs/msg/vehicle_commands.h\n'}
[163.426776] (-) TimerEvent: {}
[163.429981] (eufs_msgs) StdoutLine: {'line': b'-- Symlinking: /bristol_fsai_sim-docker/install/eufs_msgs/include/eufs_msgs/msg/vehicle_commands_stamped.h\n'}
[163.451665] (eufs_msgs) StdoutLine: {'line': b'-- Symlinking: /bristol_fsai_sim-docker/install/eufs_msgs/include/eufs_msgs/msg/waypoint.h\n'}
[163.474559] (eufs_msgs) StdoutLine: {'line': b'-- Symlinking: /bristol_fsai_sim-docker/install/eufs_msgs/include/eufs_msgs/msg/waypoint_array_stamped.h\n'}
[163.495893] (eufs_msgs) StdoutLine: {'line': b'-- Symlinking: /bristol_fsai_sim-docker/install/eufs_msgs/include/eufs_msgs/msg/wheel_odometry_err.h\n'}
[163.514088] (eufs_msgs) StdoutLine: {'line': b'-- Symlinking: /bristol_fsai_sim-docker/install/eufs_msgs/include/eufs_msgs/msg/wheel_speeds.h\n'}
[163.526915] (-) TimerEvent: {}
[163.531202] (eufs_msgs) StdoutLine: {'line': b'-- Symlinking: /bristol_fsai_sim-docker/install/eufs_msgs/include/eufs_msgs/msg/wheel_speeds_stamped.h\n'}
[163.548970] (eufs_msgs) StdoutLine: {'line': b'-- Symlinking: /bristol_fsai_sim-docker/install/eufs_msgs/include/eufs_msgs/srv/detail/get_map__functions.h\n'}
[163.572048] (eufs_msgs) StdoutLine: {'line': b'-- Symlinking: /bristol_fsai_sim-docker/install/eufs_msgs/include/eufs_msgs/srv/detail/get_map__struct.h\n'}
[163.592678] (eufs_msgs) StdoutLine: {'line': b'-- Symlinking: /bristol_fsai_sim-docker/install/eufs_msgs/include/eufs_msgs/srv/detail/get_map__type_support.h\n'}
[163.610393] (eufs_msgs) StdoutLine: {'line': b'-- Symlinking: /bristol_fsai_sim-docker/install/eufs_msgs/include/eufs_msgs/srv/detail/record_start__functions.h\n'}
[163.627105] (-) TimerEvent: {}
[163.627970] (eufs_msgs) StdoutLine: {'line': b'-- Symlinking: /bristol_fsai_sim-docker/install/eufs_msgs/include/eufs_msgs/srv/detail/record_start__struct.h\n'}
[163.649379] (eufs_msgs) StdoutLine: {'line': b'-- Symlinking: /bristol_fsai_sim-docker/install/eufs_msgs/include/eufs_msgs/srv/detail/record_start__type_support.h\n'}
[163.675533] (eufs_msgs) StdoutLine: {'line': b'-- Symlinking: /bristol_fsai_sim-docker/install/eufs_msgs/include/eufs_msgs/srv/detail/record_stop__functions.h\n'}
[163.692257] (eufs_msgs) StdoutLine: {'line': b'-- Symlinking: /bristol_fsai_sim-docker/install/eufs_msgs/include/eufs_msgs/srv/detail/record_stop__struct.h\n'}
[163.709250] (eufs_msgs) StdoutLine: {'line': b'-- Symlinking: /bristol_fsai_sim-docker/install/eufs_msgs/include/eufs_msgs/srv/detail/record_stop__type_support.h\n'}
[163.726367] (eufs_msgs) StdoutLine: {'line': b'-- Symlinking: /bristol_fsai_sim-docker/install/eufs_msgs/include/eufs_msgs/srv/detail/register__functions.h\n'}
[163.727227] (-) TimerEvent: {}
[163.747635] (eufs_msgs) StdoutLine: {'line': b'-- Symlinking: /bristol_fsai_sim-docker/install/eufs_msgs/include/eufs_msgs/srv/detail/register__struct.h\n'}
[163.768334] (eufs_msgs) StdoutLine: {'line': b'-- Symlinking: /bristol_fsai_sim-docker/install/eufs_msgs/include/eufs_msgs/srv/detail/register__type_support.h\n'}
[163.789118] (eufs_msgs) StdoutLine: {'line': b'-- Symlinking: /bristol_fsai_sim-docker/install/eufs_msgs/include/eufs_msgs/srv/detail/set_can_state__functions.h\n'}
[163.806512] (eufs_msgs) StdoutLine: {'line': b'-- Symlinking: /bristol_fsai_sim-docker/install/eufs_msgs/include/eufs_msgs/srv/detail/set_can_state__struct.h\n'}
[163.823841] (eufs_msgs) StdoutLine: {'line': b'-- Symlinking: /bristol_fsai_sim-docker/install/eufs_msgs/include/eufs_msgs/srv/detail/set_can_state__type_support.h\n'}
[163.827381] (-) TimerEvent: {}
[163.844838] (eufs_msgs) StdoutLine: {'line': b'-- Symlinking: /bristol_fsai_sim-docker/install/eufs_msgs/include/eufs_msgs/srv/detail/set_mission__functions.h\n'}
[163.870189] (eufs_msgs) StdoutLine: {'line': b'-- Symlinking: /bristol_fsai_sim-docker/install/eufs_msgs/include/eufs_msgs/srv/detail/set_mission__struct.h\n'}
[163.890741] (eufs_msgs) StdoutLine: {'line': b'-- Symlinking: /bristol_fsai_sim-docker/install/eufs_msgs/include/eufs_msgs/srv/detail/set_mission__type_support.h\n'}
[163.909281] (eufs_msgs) StdoutLine: {'line': b'-- Symlinking: /bristol_fsai_sim-docker/install/eufs_msgs/include/eufs_msgs/srv/detail/set_string__functions.h\n'}
[163.926327] (eufs_msgs) StdoutLine: {'line': b'-- Symlinking: /bristol_fsai_sim-docker/install/eufs_msgs/include/eufs_msgs/srv/detail/set_string__struct.h\n'}
[163.927550] (-) TimerEvent: {}
[163.946918] (eufs_msgs) StdoutLine: {'line': b'-- Symlinking: /bristol_fsai_sim-docker/install/eufs_msgs/include/eufs_msgs/srv/detail/set_string__type_support.h\n'}
[163.968810] (eufs_msgs) StdoutLine: {'line': b'-- Symlinking: /bristol_fsai_sim-docker/install/eufs_msgs/include/eufs_msgs/srv/detail/set_track__functions.h\n'}
[163.992952] (eufs_msgs) StdoutLine: {'line': b'-- Symlinking: /bristol_fsai_sim-docker/install/eufs_msgs/include/eufs_msgs/srv/detail/set_track__struct.h\n'}
[164.013193] (eufs_msgs) StdoutLine: {'line': b'-- Symlinking: /bristol_fsai_sim-docker/install/eufs_msgs/include/eufs_msgs/srv/detail/set_track__type_support.h\n'}
[164.027767] (-) TimerEvent: {}
[164.030953] (eufs_msgs) StdoutLine: {'line': b'-- Symlinking: /bristol_fsai_sim-docker/install/eufs_msgs/include/eufs_msgs/srv/get_map.h\n'}
[164.051830] (eufs_msgs) StdoutLine: {'line': b'-- Symlinking: /bristol_fsai_sim-docker/install/eufs_msgs/include/eufs_msgs/srv/record_start.h\n'}
[164.078274] (eufs_msgs) StdoutLine: {'line': b'-- Symlinking: /bristol_fsai_sim-docker/install/eufs_msgs/include/eufs_msgs/srv/record_stop.h\n'}
[164.096458] (eufs_msgs) StdoutLine: {'line': b'-- Symlinking: /bristol_fsai_sim-docker/install/eufs_msgs/include/eufs_msgs/srv/register.h\n'}
[164.114681] (eufs_msgs) StdoutLine: {'line': b'-- Symlinking: /bristol_fsai_sim-docker/install/eufs_msgs/include/eufs_msgs/srv/set_can_state.h\n'}
[164.127896] (-) TimerEvent: {}
[164.131383] (eufs_msgs) StdoutLine: {'line': b'-- Symlinking: /bristol_fsai_sim-docker/install/eufs_msgs/include/eufs_msgs/srv/set_mission.h\n'}
[164.148909] (eufs_msgs) StdoutLine: {'line': b'-- Symlinking: /bristol_fsai_sim-docker/install/eufs_msgs/include/eufs_msgs/srv/set_string.h\n'}
[164.171070] (eufs_msgs) StdoutLine: {'line': b'-- Symlinking: /bristol_fsai_sim-docker/install/eufs_msgs/include/eufs_msgs/srv/set_track.h\n'}
[164.193633] (eufs_msgs) StdoutLine: {'line': b'-- Symlinking: /bristol_fsai_sim-docker/install/eufs_msgs/share/eufs_msgs/environment/library_path.sh\n'}
[164.212105] (eufs_msgs) StdoutLine: {'line': b'-- Symlinking: /bristol_fsai_sim-docker/install/eufs_msgs/share/eufs_msgs/environment/library_path.dsv\n'}
[164.228073] (-) TimerEvent: {}
[164.233544] (eufs_msgs) StdoutLine: {'line': b'-- Symlinking: /bristol_fsai_sim-docker/install/eufs_msgs/include/eufs_msgs/action/detail/check_for_objects__rosidl_typesupport_fastrtps_c.h\n'}
[164.256574] (eufs_msgs) StdoutLine: {'line': b'-- Symlinking: /bristol_fsai_sim-docker/install/eufs_msgs/include/eufs_msgs/msg/detail/bounding_box__rosidl_typesupport_fastrtps_c.h\n'}
[164.279257] (eufs_msgs) StdoutLine: {'line': b'-- Symlinking: /bristol_fsai_sim-docker/install/eufs_msgs/include/eufs_msgs/msg/detail/bounding_boxes__rosidl_typesupport_fastrtps_c.h\n'}
[164.298190] (eufs_msgs) StdoutLine: {'line': b'-- Symlinking: /bristol_fsai_sim-docker/install/eufs_msgs/include/eufs_msgs/msg/detail/can_state__rosidl_typesupport_fastrtps_c.h\n'}
[164.314765] (eufs_msgs) StdoutLine: {'line': b'-- Symlinking: /bristol_fsai_sim-docker/install/eufs_msgs/include/eufs_msgs/msg/detail/car_forces__rosidl_typesupport_fastrtps_c.h\n'}
[164.328209] (-) TimerEvent: {}
[164.331305] (eufs_msgs) StdoutLine: {'line': b'-- Symlinking: /bristol_fsai_sim-docker/install/eufs_msgs/include/eufs_msgs/msg/detail/car_state__rosidl_typesupport_fastrtps_c.h\n'}
[164.352587] (eufs_msgs) StdoutLine: {'line': b'-- Symlinking: /bristol_fsai_sim-docker/install/eufs_msgs/include/eufs_msgs/msg/detail/chassis_command__rosidl_typesupport_fastrtps_c.h\n'}
[164.376449] (eufs_msgs) StdoutLine: {'line': b'-- Symlinking: /bristol_fsai_sim-docker/install/eufs_msgs/include/eufs_msgs/msg/detail/chassis_state__rosidl_typesupport_fastrtps_c.h\n'}
[164.400643] (eufs_msgs) StdoutLine: {'line': b'-- Symlinking: /bristol_fsai_sim-docker/install/eufs_msgs/include/eufs_msgs/msg/detail/cone_array__rosidl_typesupport_fastrtps_c.h\n'}
[164.417392] (eufs_msgs) StdoutLine: {'line': b'-- Symlinking: /bristol_fsai_sim-docker/install/eufs_msgs/include/eufs_msgs/msg/detail/cone_array_with_covariance__rosidl_typesupport_fastrtps_c.h\n'}
[164.428331] (-) TimerEvent: {}
[164.434257] (eufs_msgs) StdoutLine: {'line': b'-- Symlinking: /bristol_fsai_sim-docker/install/eufs_msgs/include/eufs_msgs/msg/detail/cone_array_with_covariance_plus__rosidl_typesupport_fastrtps_c.h\n'}
[164.457143] (eufs_msgs) StdoutLine: {'line': b'-- Symlinking: /bristol_fsai_sim-docker/install/eufs_msgs/include/eufs_msgs/msg/detail/cone_association__rosidl_typesupport_fastrtps_c.h\n'}
[164.479507] (eufs_msgs) StdoutLine: {'line': b'-- Symlinking: /bristol_fsai_sim-docker/install/eufs_msgs/include/eufs_msgs/msg/detail/cone_association_array__rosidl_typesupport_fastrtps_c.h\n'}
[164.497217] (eufs_msgs) StdoutLine: {'line': b'-- Symlinking: /bristol_fsai_sim-docker/install/eufs_msgs/include/eufs_msgs/msg/detail/cone_association_array_array_stamped__rosidl_typesupport_fastrtps_c.h\n'}
[164.514680] (eufs_msgs) StdoutLine: {'line': b'-- Symlinking: /bristol_fsai_sim-docker/install/eufs_msgs/include/eufs_msgs/msg/detail/cone_association_array_stamped__rosidl_typesupport_fastrtps_c.h\n'}
[164.528440] (-) TimerEvent: {}
[164.531512] (eufs_msgs) StdoutLine: {'line': b'-- Symlinking: /bristol_fsai_sim-docker/install/eufs_msgs/include/eufs_msgs/msg/detail/cone_with_covariance__rosidl_typesupport_fastrtps_c.h\n'}
[164.552145] (eufs_msgs) StdoutLine: {'line': b'-- Symlinking: /bristol_fsai_sim-docker/install/eufs_msgs/include/eufs_msgs/msg/detail/cone_with_covariance_plus__rosidl_typesupport_fastrtps_c.h\n'}
[164.574296] (eufs_msgs) StdoutLine: {'line': b'-- Symlinking: /bristol_fsai_sim-docker/install/eufs_msgs/include/eufs_msgs/msg/detail/costmap__rosidl_typesupport_fastrtps_c.h\n'}
[164.594368] (eufs_msgs) StdoutLine: {'line': b'-- Symlinking: /bristol_fsai_sim-docker/install/eufs_msgs/include/eufs_msgs/msg/detail/cpu_status__rosidl_typesupport_fastrtps_c.h\n'}
[164.612021] (eufs_msgs) StdoutLine: {'line': b'-- Symlinking: /bristol_fsai_sim-docker/install/eufs_msgs/include/eufs_msgs/msg/detail/cpu_usage__rosidl_typesupport_fastrtps_c.h\n'}
[164.628591] (-) TimerEvent: {}
[164.629265] (eufs_msgs) StdoutLine: {'line': b'-- Symlinking: /bristol_fsai_sim-docker/install/eufs_msgs/include/eufs_msgs/msg/detail/ekf_err__rosidl_typesupport_fastrtps_c.h\n'}
[164.650088] (eufs_msgs) StdoutLine: {'line': b'-- Symlinking: /bristol_fsai_sim-docker/install/eufs_msgs/include/eufs_msgs/msg/detail/ekf_state__rosidl_typesupport_fastrtps_c.h\n'}
[164.672523] (eufs_msgs) StdoutLine: {'line': b'-- Symlinking: /bristol_fsai_sim-docker/install/eufs_msgs/include/eufs_msgs/msg/detail/full_state__rosidl_typesupport_fastrtps_c.h\n'}
[164.693088] (eufs_msgs) StdoutLine: {'line': b'-- Symlinking: /bristol_fsai_sim-docker/install/eufs_msgs/include/eufs_msgs/msg/detail/heartbeat__rosidl_typesupport_fastrtps_c.h\n'}
[164.710986] (eufs_msgs) StdoutLine: {'line': b'-- Symlinking: /bristol_fsai_sim-docker/install/eufs_msgs/include/eufs_msgs/msg/detail/integration_err__rosidl_typesupport_fastrtps_c.h\n'}
[164.728266] (eufs_msgs) StdoutLine: {'line': b'-- Symlinking: /bristol_fsai_sim-docker/install/eufs_msgs/include/eufs_msgs/msg/detail/lap_stats__rosidl_typesupport_fastrtps_c.h\n'}
[164.728653] (-) TimerEvent: {}
[164.748103] (eufs_msgs) StdoutLine: {'line': b'-- Symlinking: /bristol_fsai_sim-docker/install/eufs_msgs/include/eufs_msgs/msg/detail/mpc_state__rosidl_typesupport_fastrtps_c.h\n'}
[164.771640] (eufs_msgs) StdoutLine: {'line': b'-- Symlinking: /bristol_fsai_sim-docker/install/eufs_msgs/include/eufs_msgs/msg/detail/node_state__rosidl_typesupport_fastrtps_c.h\n'}
[164.792183] (eufs_msgs) StdoutLine: {'line': b'-- Symlinking: /bristol_fsai_sim-docker/install/eufs_msgs/include/eufs_msgs/msg/detail/node_state_array__rosidl_typesupport_fastrtps_c.h\n'}
[164.810195] (eufs_msgs) StdoutLine: {'line': b'-- Symlinking: /bristol_fsai_sim-docker/install/eufs_msgs/include/eufs_msgs/msg/detail/oss__rosidl_typesupport_fastrtps_c.h\n'}
[164.826752] (eufs_msgs) StdoutLine: {'line': b'-- Symlinking: /bristol_fsai_sim-docker/install/eufs_msgs/include/eufs_msgs/msg/detail/particle__rosidl_typesupport_fastrtps_c.h\n'}
[164.828759] (-) TimerEvent: {}
[164.846321] (eufs_msgs) StdoutLine: {'line': b'-- Symlinking: /bristol_fsai_sim-docker/install/eufs_msgs/include/eufs_msgs/msg/detail/particle_slam__rosidl_typesupport_fastrtps_c.h\n'}
[164.868249] (eufs_msgs) StdoutLine: {'line': b'-- Symlinking: /bristol_fsai_sim-docker/install/eufs_msgs/include/eufs_msgs/msg/detail/particle_slam_stamped__rosidl_typesupport_fastrtps_c.h\n'}
[164.889558] (eufs_msgs) StdoutLine: {'line': b'-- Symlinking: /bristol_fsai_sim-docker/install/eufs_msgs/include/eufs_msgs/msg/detail/particle_stamped__rosidl_typesupport_fastrtps_c.h\n'}
[164.907894] (eufs_msgs) StdoutLine: {'line': b'-- Symlinking: /bristol_fsai_sim-docker/install/eufs_msgs/include/eufs_msgs/msg/detail/path_integral_params__rosidl_typesupport_fastrtps_c.h\n'}
[164.925280] (eufs_msgs) StdoutLine: {'line': b'-- Symlinking: /bristol_fsai_sim-docker/install/eufs_msgs/include/eufs_msgs/msg/detail/path_integral_stats__rosidl_typesupport_fastrtps_c.h\n'}
[164.928889] (-) TimerEvent: {}
[164.945357] (eufs_msgs) StdoutLine: {'line': b'-- Symlinking: /bristol_fsai_sim-docker/install/eufs_msgs/include/eufs_msgs/msg/detail/path_integral_status__rosidl_typesupport_fastrtps_c.h\n'}
[164.966536] (eufs_msgs) StdoutLine: {'line': b'-- Symlinking: /bristol_fsai_sim-docker/install/eufs_msgs/include/eufs_msgs/msg/detail/path_integral_timing__rosidl_typesupport_fastrtps_c.h\n'}
[164.988360] (eufs_msgs) StdoutLine: {'line': b'-- Symlinking: /bristol_fsai_sim-docker/install/eufs_msgs/include/eufs_msgs/msg/detail/planning_mode__rosidl_typesupport_fastrtps_c.h\n'}
[165.007297] (eufs_msgs) StdoutLine: {'line': b'-- Symlinking: /bristol_fsai_sim-docker/install/eufs_msgs/include/eufs_msgs/msg/detail/point_array__rosidl_typesupport_fastrtps_c.h\n'}
[165.025522] (eufs_msgs) StdoutLine: {'line': b'-- Symlinking: /bristol_fsai_sim-docker/install/eufs_msgs/include/eufs_msgs/msg/detail/point_array_stamped__rosidl_typesupport_fastrtps_c.h\n'}
[165.029009] (-) TimerEvent: {}
[165.045214] (eufs_msgs) StdoutLine: {'line': b'-- Symlinking: /bristol_fsai_sim-docker/install/eufs_msgs/include/eufs_msgs/msg/detail/pure_pursuit_checkpoint__rosidl_typesupport_fastrtps_c.h\n'}
[165.069847] (eufs_msgs) StdoutLine: {'line': b'-- Symlinking: /bristol_fsai_sim-docker/install/eufs_msgs/include/eufs_msgs/msg/detail/pure_pursuit_checkpoint_array_stamped__rosidl_typesupport_fastrtps_c.h\n'}
[165.093015] (eufs_msgs) StdoutLine: {'line': b'-- Symlinking: /bristol_fsai_sim-docker/install/eufs_msgs/include/eufs_msgs/msg/detail/runstop__rosidl_typesupport_fastrtps_c.h\n'}
[165.110774] (eufs_msgs) StdoutLine: {'line': b'-- Symlinking: /bristol_fsai_sim-docker/install/eufs_msgs/include/eufs_msgs/msg/detail/slam_err__rosidl_typesupport_fastrtps_c.h\n'}
[165.128130] (eufs_msgs) StdoutLine: {'line': b'-- Symlinking: /bristol_fsai_sim-docker/install/eufs_msgs/include/eufs_msgs/msg/detail/slam_state__rosidl_typesupport_fastrtps_c.h\n'}
[165.129101] (-) TimerEvent: {}
[165.148297] (eufs_msgs) StdoutLine: {'line': b'-- Symlinking: /bristol_fsai_sim-docker/install/eufs_msgs/include/eufs_msgs/msg/detail/state_machine_state__rosidl_typesupport_fastrtps_c.h\n'}
[165.171563] (eufs_msgs) StdoutLine: {'line': b'-- Symlinking: /bristol_fsai_sim-docker/install/eufs_msgs/include/eufs_msgs/msg/detail/stereo_image__rosidl_typesupport_fastrtps_c.h\n'}
[165.192607] (eufs_msgs) StdoutLine: {'line': b'-- Symlinking: /bristol_fsai_sim-docker/install/eufs_msgs/include/eufs_msgs/msg/detail/system_status__rosidl_typesupport_fastrtps_c.h\n'}
[165.210762] (eufs_msgs) StdoutLine: {'line': b'-- Symlinking: /bristol_fsai_sim-docker/install/eufs_msgs/include/eufs_msgs/msg/detail/topic_status__rosidl_typesupport_fastrtps_c.h\n'}
[165.228588] (eufs_msgs) StdoutLine: {'line': b'-- Symlinking: /bristol_fsai_sim-docker/install/eufs_msgs/include/eufs_msgs/msg/detail/vehicle_commands__rosidl_typesupport_fastrtps_c.h\n'}
[165.229228] (-) TimerEvent: {}
[165.251199] (eufs_msgs) StdoutLine: {'line': b'-- Symlinking: /bristol_fsai_sim-docker/install/eufs_msgs/include/eufs_msgs/msg/detail/vehicle_commands_stamped__rosidl_typesupport_fastrtps_c.h\n'}
[165.273089] (eufs_msgs) StdoutLine: {'line': b'-- Symlinking: /bristol_fsai_sim-docker/install/eufs_msgs/include/eufs_msgs/msg/detail/waypoint__rosidl_typesupport_fastrtps_c.h\n'}
[165.293502] (eufs_msgs) StdoutLine: {'line': b'-- Symlinking: /bristol_fsai_sim-docker/install/eufs_msgs/include/eufs_msgs/msg/detail/waypoint_array_stamped__rosidl_typesupport_fastrtps_c.h\n'}
[165.311500] (eufs_msgs) StdoutLine: {'line': b'-- Symlinking: /bristol_fsai_sim-docker/install/eufs_msgs/include/eufs_msgs/msg/detail/wheel_odometry_err__rosidl_typesupport_fastrtps_c.h\n'}
[165.328542] (eufs_msgs) StdoutLine: {'line': b'-- Symlinking: /bristol_fsai_sim-docker/install/eufs_msgs/include/eufs_msgs/msg/detail/wheel_speeds__rosidl_typesupport_fastrtps_c.h\n'}
[165.329306] (-) TimerEvent: {}
[165.348618] (eufs_msgs) StdoutLine: {'line': b'-- Symlinking: /bristol_fsai_sim-docker/install/eufs_msgs/include/eufs_msgs/msg/detail/wheel_speeds_stamped__rosidl_typesupport_fastrtps_c.h\n'}
[165.372257] (eufs_msgs) StdoutLine: {'line': b'-- Symlinking: /bristol_fsai_sim-docker/install/eufs_msgs/include/eufs_msgs/msg/rosidl_typesupport_fastrtps_c__visibility_control.h\n'}
[165.394673] (eufs_msgs) StdoutLine: {'line': b'-- Symlinking: /bristol_fsai_sim-docker/install/eufs_msgs/include/eufs_msgs/srv/detail/get_map__rosidl_typesupport_fastrtps_c.h\n'}
[165.412713] (eufs_msgs) StdoutLine: {'line': b'-- Symlinking: /bristol_fsai_sim-docker/install/eufs_msgs/include/eufs_msgs/srv/detail/record_start__rosidl_typesupport_fastrtps_c.h\n'}
[165.429452] (-) TimerEvent: {}
[165.430249] (eufs_msgs) StdoutLine: {'line': b'-- Symlinking: /bristol_fsai_sim-docker/install/eufs_msgs/include/eufs_msgs/srv/detail/record_stop__rosidl_typesupport_fastrtps_c.h\n'}
[165.452046] (eufs_msgs) StdoutLine: {'line': b'-- Symlinking: /bristol_fsai_sim-docker/install/eufs_msgs/include/eufs_msgs/srv/detail/register__rosidl_typesupport_fastrtps_c.h\n'}
[165.475407] (eufs_msgs) StdoutLine: {'line': b'-- Symlinking: /bristol_fsai_sim-docker/install/eufs_msgs/include/eufs_msgs/srv/detail/set_can_state__rosidl_typesupport_fastrtps_c.h\n'}
[165.495636] (eufs_msgs) StdoutLine: {'line': b'-- Symlinking: /bristol_fsai_sim-docker/install/eufs_msgs/include/eufs_msgs/srv/detail/set_mission__rosidl_typesupport_fastrtps_c.h\n'}
[165.516456] (eufs_msgs) StdoutLine: {'line': b'-- Symlinking: /bristol_fsai_sim-docker/install/eufs_msgs/include/eufs_msgs/srv/detail/set_string__rosidl_typesupport_fastrtps_c.h\n'}
[165.529677] (-) TimerEvent: {}
[165.534377] (eufs_msgs) StdoutLine: {'line': b'-- Symlinking: /bristol_fsai_sim-docker/install/eufs_msgs/include/eufs_msgs/srv/detail/set_track__rosidl_typesupport_fastrtps_c.h\n'}
[165.558483] (eufs_msgs) StdoutLine: {'line': b'-- Symlinking: /bristol_fsai_sim-docker/install/eufs_msgs/lib/libeufs_msgs__rosidl_typesupport_fastrtps_c.so\n'}
[165.588120] (eufs_msgs) StdoutLine: {'line': b'-- Symlinking: /bristol_fsai_sim-docker/install/eufs_msgs/include/eufs_msgs/action/detail/check_for_objects__rosidl_typesupport_fastrtps_cpp.hpp\n'}
[165.605805] (eufs_msgs) StdoutLine: {'line': b'-- Symlinking: /bristol_fsai_sim-docker/install/eufs_msgs/include/eufs_msgs/msg/detail/bounding_box__rosidl_typesupport_fastrtps_cpp.hpp\n'}
[165.622957] (eufs_msgs) StdoutLine: {'line': b'-- Symlinking: /bristol_fsai_sim-docker/install/eufs_msgs/include/eufs_msgs/msg/detail/bounding_boxes__rosidl_typesupport_fastrtps_cpp.hpp\n'}
[165.629811] (-) TimerEvent: {}
[165.640369] (eufs_msgs) StdoutLine: {'line': b'-- Symlinking: /bristol_fsai_sim-docker/install/eufs_msgs/include/eufs_msgs/msg/detail/can_state__rosidl_typesupport_fastrtps_cpp.hpp\n'}
[165.664954] (eufs_msgs) StdoutLine: {'line': b'-- Symlinking: /bristol_fsai_sim-docker/install/eufs_msgs/include/eufs_msgs/msg/detail/car_forces__rosidl_typesupport_fastrtps_cpp.hpp\n'}
[165.686492] (eufs_msgs) StdoutLine: {'line': b'-- Symlinking: /bristol_fsai_sim-docker/install/eufs_msgs/include/eufs_msgs/msg/detail/car_state__rosidl_typesupport_fastrtps_cpp.hpp\n'}
[165.704643] (eufs_msgs) StdoutLine: {'line': b'-- Symlinking: /bristol_fsai_sim-docker/install/eufs_msgs/include/eufs_msgs/msg/detail/chassis_command__rosidl_typesupport_fastrtps_cpp.hpp\n'}
[165.721353] (eufs_msgs) StdoutLine: {'line': b'-- Symlinking: /bristol_fsai_sim-docker/install/eufs_msgs/include/eufs_msgs/msg/detail/chassis_state__rosidl_typesupport_fastrtps_cpp.hpp\n'}
[165.729932] (-) TimerEvent: {}
[165.738561] (eufs_msgs) StdoutLine: {'line': b'-- Symlinking: /bristol_fsai_sim-docker/install/eufs_msgs/include/eufs_msgs/msg/detail/cone_array__rosidl_typesupport_fastrtps_cpp.hpp\n'}
[165.761661] (eufs_msgs) StdoutLine: {'line': b'-- Symlinking: /bristol_fsai_sim-docker/install/eufs_msgs/include/eufs_msgs/msg/detail/cone_array_with_covariance__rosidl_typesupport_fastrtps_cpp.hpp\n'}
[165.785046] (eufs_msgs) StdoutLine: {'line': b'-- Symlinking: /bristol_fsai_sim-docker/install/eufs_msgs/include/eufs_msgs/msg/detail/cone_array_with_covariance_plus__rosidl_typesupport_fastrtps_cpp.hpp\n'}
[165.803474] (eufs_msgs) StdoutLine: {'line': b'-- Symlinking: /bristol_fsai_sim-docker/install/eufs_msgs/include/eufs_msgs/msg/detail/cone_association__rosidl_typesupport_fastrtps_cpp.hpp\n'}
[165.821032] (eufs_msgs) StdoutLine: {'line': b'-- Symlinking: /bristol_fsai_sim-docker/install/eufs_msgs/include/eufs_msgs/msg/detail/cone_association_array__rosidl_typesupport_fastrtps_cpp.hpp\n'}
[165.830070] (-) TimerEvent: {}
[165.838824] (eufs_msgs) StdoutLine: {'line': b'-- Symlinking: /bristol_fsai_sim-docker/install/eufs_msgs/include/eufs_msgs/msg/detail/cone_association_array_array_stamped__rosidl_typesupport_fastrtps_cpp.hpp\n'}
[165.861549] (eufs_msgs) StdoutLine: {'line': b'-- Symlinking: /bristol_fsai_sim-docker/install/eufs_msgs/include/eufs_msgs/msg/detail/cone_association_array_stamped__rosidl_typesupport_fastrtps_cpp.hpp\n'}
[165.885158] (eufs_msgs) StdoutLine: {'line': b'-- Symlinking: /bristol_fsai_sim-docker/install/eufs_msgs/include/eufs_msgs/msg/detail/cone_with_covariance__rosidl_typesupport_fastrtps_cpp.hpp\n'}
[165.904879] (eufs_msgs) StdoutLine: {'line': b'-- Symlinking: /bristol_fsai_sim-docker/install/eufs_msgs/include/eufs_msgs/msg/detail/cone_with_covariance_plus__rosidl_typesupport_fastrtps_cpp.hpp\n'}
[165.922460] (eufs_msgs) StdoutLine: {'line': b'-- Symlinking: /bristol_fsai_sim-docker/install/eufs_msgs/include/eufs_msgs/msg/detail/costmap__rosidl_typesupport_fastrtps_cpp.hpp\n'}
[165.930181] (-) TimerEvent: {}
[165.939958] (eufs_msgs) StdoutLine: {'line': b'-- Symlinking: /bristol_fsai_sim-docker/install/eufs_msgs/include/eufs_msgs/msg/detail/cpu_status__rosidl_typesupport_fastrtps_cpp.hpp\n'}
[165.963914] (eufs_msgs) StdoutLine: {'line': b'-- Symlinking: /bristol_fsai_sim-docker/install/eufs_msgs/include/eufs_msgs/msg/detail/cpu_usage__rosidl_typesupport_fastrtps_cpp.hpp\n'}
[165.987119] (eufs_msgs) StdoutLine: {'line': b'-- Symlinking: /bristol_fsai_sim-docker/install/eufs_msgs/include/eufs_msgs/msg/detail/ekf_err__rosidl_typesupport_fastrtps_cpp.hpp\n'}
[166.005302] (eufs_msgs) StdoutLine: {'line': b'-- Symlinking: /bristol_fsai_sim-docker/install/eufs_msgs/include/eufs_msgs/msg/detail/ekf_state__rosidl_typesupport_fastrtps_cpp.hpp\n'}
[166.023371] (eufs_msgs) StdoutLine: {'line': b'-- Symlinking: /bristol_fsai_sim-docker/install/eufs_msgs/include/eufs_msgs/msg/detail/full_state__rosidl_typesupport_fastrtps_cpp.hpp\n'}
[166.030348] (-) TimerEvent: {}
[166.040964] (eufs_msgs) StdoutLine: {'line': b'-- Symlinking: /bristol_fsai_sim-docker/install/eufs_msgs/include/eufs_msgs/msg/detail/heartbeat__rosidl_typesupport_fastrtps_cpp.hpp\n'}
[166.063850] (eufs_msgs) StdoutLine: {'line': b'-- Symlinking: /bristol_fsai_sim-docker/install/eufs_msgs/include/eufs_msgs/msg/detail/integration_err__rosidl_typesupport_fastrtps_cpp.hpp\n'}
[166.087137] (eufs_msgs) StdoutLine: {'line': b'-- Symlinking: /bristol_fsai_sim-docker/install/eufs_msgs/include/eufs_msgs/msg/detail/lap_stats__rosidl_typesupport_fastrtps_cpp.hpp\n'}
[166.105712] (eufs_msgs) StdoutLine: {'line': b'-- Symlinking: /bristol_fsai_sim-docker/install/eufs_msgs/include/eufs_msgs/msg/detail/mpc_state__rosidl_typesupport_fastrtps_cpp.hpp\n'}
[166.123414] (eufs_msgs) StdoutLine: {'line': b'-- Symlinking: /bristol_fsai_sim-docker/install/eufs_msgs/include/eufs_msgs/msg/detail/node_state__rosidl_typesupport_fastrtps_cpp.hpp\n'}
[166.130410] (-) TimerEvent: {}
[166.141196] (eufs_msgs) StdoutLine: {'line': b'-- Symlinking: /bristol_fsai_sim-docker/install/eufs_msgs/include/eufs_msgs/msg/detail/node_state_array__rosidl_typesupport_fastrtps_cpp.hpp\n'}
[166.165798] (eufs_msgs) StdoutLine: {'line': b'-- Symlinking: /bristol_fsai_sim-docker/install/eufs_msgs/include/eufs_msgs/msg/detail/oss__rosidl_typesupport_fastrtps_cpp.hpp\n'}
[166.187865] (eufs_msgs) StdoutLine: {'line': b'-- Symlinking: /bristol_fsai_sim-docker/install/eufs_msgs/include/eufs_msgs/msg/detail/particle__rosidl_typesupport_fastrtps_cpp.hpp\n'}
[166.206161] (eufs_msgs) StdoutLine: {'line': b'-- Symlinking: /bristol_fsai_sim-docker/install/eufs_msgs/include/eufs_msgs/msg/detail/particle_slam__rosidl_typesupport_fastrtps_cpp.hpp\n'}
[166.223519] (eufs_msgs) StdoutLine: {'line': b'-- Symlinking: /bristol_fsai_sim-docker/install/eufs_msgs/include/eufs_msgs/msg/detail/particle_slam_stamped__rosidl_typesupport_fastrtps_cpp.hpp\n'}
[166.230626] (-) TimerEvent: {}
[166.241006] (eufs_msgs) StdoutLine: {'line': b'-- Symlinking: /bristol_fsai_sim-docker/install/eufs_msgs/include/eufs_msgs/msg/detail/particle_stamped__rosidl_typesupport_fastrtps_cpp.hpp\n'}
[166.261376] (eufs_msgs) StdoutLine: {'line': b'-- Symlinking: /bristol_fsai_sim-docker/install/eufs_msgs/include/eufs_msgs/msg/detail/path_integral_params__rosidl_typesupport_fastrtps_cpp.hpp\n'}
[166.284101] (eufs_msgs) StdoutLine: {'line': b'-- Symlinking: /bristol_fsai_sim-docker/install/eufs_msgs/include/eufs_msgs/msg/detail/path_integral_stats__rosidl_typesupport_fastrtps_cpp.hpp\n'}
[166.307203] (eufs_msgs) StdoutLine: {'line': b'-- Symlinking: /bristol_fsai_sim-docker/install/eufs_msgs/include/eufs_msgs/msg/detail/path_integral_status__rosidl_typesupport_fastrtps_cpp.hpp\n'}
[166.325184] (eufs_msgs) StdoutLine: {'line': b'-- Symlinking: /bristol_fsai_sim-docker/install/eufs_msgs/include/eufs_msgs/msg/detail/path_integral_timing__rosidl_typesupport_fastrtps_cpp.hpp\n'}
[166.330730] (-) TimerEvent: {}
[166.346607] (eufs_msgs) StdoutLine: {'line': b'-- Symlinking: /bristol_fsai_sim-docker/install/eufs_msgs/include/eufs_msgs/msg/detail/planning_mode__rosidl_typesupport_fastrtps_cpp.hpp\n'}
[166.370442] (eufs_msgs) StdoutLine: {'line': b'-- Symlinking: /bristol_fsai_sim-docker/install/eufs_msgs/include/eufs_msgs/msg/detail/point_array__rosidl_typesupport_fastrtps_cpp.hpp\n'}
[166.391429] (eufs_msgs) StdoutLine: {'line': b'-- Symlinking: /bristol_fsai_sim-docker/install/eufs_msgs/include/eufs_msgs/msg/detail/point_array_stamped__rosidl_typesupport_fastrtps_cpp.hpp\n'}
[166.410000] (eufs_msgs) StdoutLine: {'line': b'-- Symlinking: /bristol_fsai_sim-docker/install/eufs_msgs/include/eufs_msgs/msg/detail/pure_pursuit_checkpoint__rosidl_typesupport_fastrtps_cpp.hpp\n'}
[166.426974] (eufs_msgs) StdoutLine: {'line': b'-- Symlinking: /bristol_fsai_sim-docker/install/eufs_msgs/include/eufs_msgs/msg/detail/pure_pursuit_checkpoint_array_stamped__rosidl_typesupport_fastrtps_cpp.hpp\n'}
[166.430873] (-) TimerEvent: {}
[166.449362] (eufs_msgs) StdoutLine: {'line': b'-- Symlinking: /bristol_fsai_sim-docker/install/eufs_msgs/include/eufs_msgs/msg/detail/runstop__rosidl_typesupport_fastrtps_cpp.hpp\n'}
[166.472110] (eufs_msgs) StdoutLine: {'line': b'-- Symlinking: /bristol_fsai_sim-docker/install/eufs_msgs/include/eufs_msgs/msg/detail/slam_err__rosidl_typesupport_fastrtps_cpp.hpp\n'}
[166.492861] (eufs_msgs) StdoutLine: {'line': b'-- Symlinking: /bristol_fsai_sim-docker/install/eufs_msgs/include/eufs_msgs/msg/detail/slam_state__rosidl_typesupport_fastrtps_cpp.hpp\n'}
[166.512236] (eufs_msgs) StdoutLine: {'line': b'-- Symlinking: /bristol_fsai_sim-docker/install/eufs_msgs/include/eufs_msgs/msg/detail/state_machine_state__rosidl_typesupport_fastrtps_cpp.hpp\n'}
[166.530193] (eufs_msgs) StdoutLine: {'line': b'-- Symlinking: /bristol_fsai_sim-docker/install/eufs_msgs/include/eufs_msgs/msg/detail/stereo_image__rosidl_typesupport_fastrtps_cpp.hpp\n'}
[166.530946] (-) TimerEvent: {}
[166.550476] (eufs_msgs) StdoutLine: {'line': b'-- Symlinking: /bristol_fsai_sim-docker/install/eufs_msgs/include/eufs_msgs/msg/detail/system_status__rosidl_typesupport_fastrtps_cpp.hpp\n'}
[166.573786] (eufs_msgs) StdoutLine: {'line': b'-- Symlinking: /bristol_fsai_sim-docker/install/eufs_msgs/include/eufs_msgs/msg/detail/topic_status__rosidl_typesupport_fastrtps_cpp.hpp\n'}
[166.594424] (eufs_msgs) StdoutLine: {'line': b'-- Symlinking: /bristol_fsai_sim-docker/install/eufs_msgs/include/eufs_msgs/msg/detail/vehicle_commands__rosidl_typesupport_fastrtps_cpp.hpp\n'}
[166.612280] (eufs_msgs) StdoutLine: {'line': b'-- Symlinking: /bristol_fsai_sim-docker/install/eufs_msgs/include/eufs_msgs/msg/detail/vehicle_commands_stamped__rosidl_typesupport_fastrtps_cpp.hpp\n'}
[166.629420] (eufs_msgs) StdoutLine: {'line': b'-- Symlinking: /bristol_fsai_sim-docker/install/eufs_msgs/include/eufs_msgs/msg/detail/waypoint__rosidl_typesupport_fastrtps_cpp.hpp\n'}
[166.631054] (-) TimerEvent: {}
[166.649493] (eufs_msgs) StdoutLine: {'line': b'-- Symlinking: /bristol_fsai_sim-docker/install/eufs_msgs/include/eufs_msgs/msg/detail/waypoint_array_stamped__rosidl_typesupport_fastrtps_cpp.hpp\n'}
[166.672595] (eufs_msgs) StdoutLine: {'line': b'-- Symlinking: /bristol_fsai_sim-docker/install/eufs_msgs/include/eufs_msgs/msg/detail/wheel_odometry_err__rosidl_typesupport_fastrtps_cpp.hpp\n'}
[166.693086] (eufs_msgs) StdoutLine: {'line': b'-- Symlinking: /bristol_fsai_sim-docker/install/eufs_msgs/include/eufs_msgs/msg/detail/wheel_speeds__rosidl_typesupport_fastrtps_cpp.hpp\n'}
[166.710258] (eufs_msgs) StdoutLine: {'line': b'-- Symlinking: /bristol_fsai_sim-docker/install/eufs_msgs/include/eufs_msgs/msg/detail/wheel_speeds_stamped__rosidl_typesupport_fastrtps_cpp.hpp\n'}
[166.726987] (eufs_msgs) StdoutLine: {'line': b'-- Symlinking: /bristol_fsai_sim-docker/install/eufs_msgs/include/eufs_msgs/msg/rosidl_typesupport_fastrtps_cpp__visibility_control.h\n'}
[166.731181] (-) TimerEvent: {}
[166.744686] (eufs_msgs) StdoutLine: {'line': b'-- Symlinking: /bristol_fsai_sim-docker/install/eufs_msgs/include/eufs_msgs/srv/detail/get_map__rosidl_typesupport_fastrtps_cpp.hpp\n'}
[166.767712] (eufs_msgs) StdoutLine: {'line': b'-- Symlinking: /bristol_fsai_sim-docker/install/eufs_msgs/include/eufs_msgs/srv/detail/record_start__rosidl_typesupport_fastrtps_cpp.hpp\n'}
[166.787440] (eufs_msgs) StdoutLine: {'line': b'-- Symlinking: /bristol_fsai_sim-docker/install/eufs_msgs/include/eufs_msgs/srv/detail/record_stop__rosidl_typesupport_fastrtps_cpp.hpp\n'}
[166.804597] (eufs_msgs) StdoutLine: {'line': b'-- Symlinking: /bristol_fsai_sim-docker/install/eufs_msgs/include/eufs_msgs/srv/detail/register__rosidl_typesupport_fastrtps_cpp.hpp\n'}
[166.821948] (eufs_msgs) StdoutLine: {'line': b'-- Symlinking: /bristol_fsai_sim-docker/install/eufs_msgs/include/eufs_msgs/srv/detail/set_can_state__rosidl_typesupport_fastrtps_cpp.hpp\n'}
[166.831363] (-) TimerEvent: {}
[166.839445] (eufs_msgs) StdoutLine: {'line': b'-- Symlinking: /bristol_fsai_sim-docker/install/eufs_msgs/include/eufs_msgs/srv/detail/set_mission__rosidl_typesupport_fastrtps_cpp.hpp\n'}
[166.862197] (eufs_msgs) StdoutLine: {'line': b'-- Symlinking: /bristol_fsai_sim-docker/install/eufs_msgs/include/eufs_msgs/srv/detail/set_string__rosidl_typesupport_fastrtps_cpp.hpp\n'}
[166.884227] (eufs_msgs) StdoutLine: {'line': b'-- Symlinking: /bristol_fsai_sim-docker/install/eufs_msgs/include/eufs_msgs/srv/detail/set_track__rosidl_typesupport_fastrtps_cpp.hpp\n'}
[166.902754] (eufs_msgs) StdoutLine: {'line': b'-- Symlinking: /bristol_fsai_sim-docker/install/eufs_msgs/lib/libeufs_msgs__rosidl_typesupport_fastrtps_cpp.so\n'}
[166.922931] (eufs_msgs) StdoutLine: {'line': b'-- Symlinking: /bristol_fsai_sim-docker/install/eufs_msgs/include/eufs_msgs/action/detail/check_for_objects__rosidl_typesupport_introspection_c.h\n'}
[166.931466] (-) TimerEvent: {}
[166.940838] (eufs_msgs) StdoutLine: {'line': b'-- Symlinking: /bristol_fsai_sim-docker/install/eufs_msgs/include/eufs_msgs/msg/detail/bounding_box__rosidl_typesupport_introspection_c.h\n'}
[166.964203] (eufs_msgs) StdoutLine: {'line': b'-- Symlinking: /bristol_fsai_sim-docker/install/eufs_msgs/include/eufs_msgs/msg/detail/bounding_boxes__rosidl_typesupport_introspection_c.h\n'}
[166.987025] (eufs_msgs) StdoutLine: {'line': b'-- Symlinking: /bristol_fsai_sim-docker/install/eufs_msgs/include/eufs_msgs/msg/detail/can_state__rosidl_typesupport_introspection_c.h\n'}
[167.005554] (eufs_msgs) StdoutLine: {'line': b'-- Symlinking: /bristol_fsai_sim-docker/install/eufs_msgs/include/eufs_msgs/msg/detail/car_forces__rosidl_typesupport_introspection_c.h\n'}
[167.025105] (eufs_msgs) StdoutLine: {'line': b'-- Symlinking: /bristol_fsai_sim-docker/install/eufs_msgs/include/eufs_msgs/msg/detail/car_state__rosidl_typesupport_introspection_c.h\n'}
[167.031657] (-) TimerEvent: {}
[167.045361] (eufs_msgs) StdoutLine: {'line': b'-- Symlinking: /bristol_fsai_sim-docker/install/eufs_msgs/include/eufs_msgs/msg/detail/chassis_command__rosidl_typesupport_introspection_c.h\n'}
[167.067596] (eufs_msgs) StdoutLine: {'line': b'-- Symlinking: /bristol_fsai_sim-docker/install/eufs_msgs/include/eufs_msgs/msg/detail/chassis_state__rosidl_typesupport_introspection_c.h\n'}
[167.090731] (eufs_msgs) StdoutLine: {'line': b'-- Symlinking: /bristol_fsai_sim-docker/install/eufs_msgs/include/eufs_msgs/msg/detail/cone_array__rosidl_typesupport_introspection_c.h\n'}
[167.109455] (eufs_msgs) StdoutLine: {'line': b'-- Symlinking: /bristol_fsai_sim-docker/install/eufs_msgs/include/eufs_msgs/msg/detail/cone_array_with_covariance__rosidl_typesupport_introspection_c.h\n'}
[167.126561] (eufs_msgs) StdoutLine: {'line': b'-- Symlinking: /bristol_fsai_sim-docker/install/eufs_msgs/include/eufs_msgs/msg/detail/cone_array_with_covariance_plus__rosidl_typesupport_introspection_c.h\n'}
[167.131772] (-) TimerEvent: {}
[167.144243] (eufs_msgs) StdoutLine: {'line': b'-- Symlinking: /bristol_fsai_sim-docker/install/eufs_msgs/include/eufs_msgs/msg/detail/cone_association__rosidl_typesupport_introspection_c.h\n'}
[167.164630] (eufs_msgs) StdoutLine: {'line': b'-- Symlinking: /bristol_fsai_sim-docker/install/eufs_msgs/include/eufs_msgs/msg/detail/cone_association_array__rosidl_typesupport_introspection_c.h\n'}
[167.186382] (eufs_msgs) StdoutLine: {'line': b'-- Symlinking: /bristol_fsai_sim-docker/install/eufs_msgs/include/eufs_msgs/msg/detail/cone_association_array_array_stamped__rosidl_typesupport_introspection_c.h\n'}
[167.207187] (eufs_msgs) StdoutLine: {'line': b'-- Symlinking: /bristol_fsai_sim-docker/install/eufs_msgs/include/eufs_msgs/msg/detail/cone_association_array_stamped__rosidl_typesupport_introspection_c.h\n'}
[167.224869] (eufs_msgs) StdoutLine: {'line': b'-- Symlinking: /bristol_fsai_sim-docker/install/eufs_msgs/include/eufs_msgs/msg/detail/cone_with_covariance__rosidl_typesupport_introspection_c.h\n'}
[167.231892] (-) TimerEvent: {}
[167.243270] (eufs_msgs) StdoutLine: {'line': b'-- Symlinking: /bristol_fsai_sim-docker/install/eufs_msgs/include/eufs_msgs/msg/detail/cone_with_covariance_plus__rosidl_typesupport_introspection_c.h\n'}
[167.268578] (eufs_msgs) StdoutLine: {'line': b'-- Symlinking: /bristol_fsai_sim-docker/install/eufs_msgs/include/eufs_msgs/msg/detail/costmap__rosidl_typesupport_introspection_c.h\n'}
[167.289277] (eufs_msgs) StdoutLine: {'line': b'-- Symlinking: /bristol_fsai_sim-docker/install/eufs_msgs/include/eufs_msgs/msg/detail/cpu_status__rosidl_typesupport_introspection_c.h\n'}
[167.307927] (eufs_msgs) StdoutLine: {'line': b'-- Symlinking: /bristol_fsai_sim-docker/install/eufs_msgs/include/eufs_msgs/msg/detail/cpu_usage__rosidl_typesupport_introspection_c.h\n'}
[167.325492] (eufs_msgs) StdoutLine: {'line': b'-- Symlinking: /bristol_fsai_sim-docker/install/eufs_msgs/include/eufs_msgs/msg/detail/ekf_err__rosidl_typesupport_introspection_c.h\n'}
[167.332087] (-) TimerEvent: {}
[167.343206] (eufs_msgs) StdoutLine: {'line': b'-- Symlinking: /bristol_fsai_sim-docker/install/eufs_msgs/include/eufs_msgs/msg/detail/ekf_state__rosidl_typesupport_introspection_c.h\n'}
[167.367404] (eufs_msgs) StdoutLine: {'line': b'-- Symlinking: /bristol_fsai_sim-docker/install/eufs_msgs/include/eufs_msgs/msg/detail/full_state__rosidl_typesupport_introspection_c.h\n'}
[167.389786] (eufs_msgs) StdoutLine: {'line': b'-- Symlinking: /bristol_fsai_sim-docker/install/eufs_msgs/include/eufs_msgs/msg/detail/heartbeat__rosidl_typesupport_introspection_c.h\n'}
[167.408527] (eufs_msgs) StdoutLine: {'line': b'-- Symlinking: /bristol_fsai_sim-docker/install/eufs_msgs/include/eufs_msgs/msg/detail/integration_err__rosidl_typesupport_introspection_c.h\n'}
[167.425054] (eufs_msgs) StdoutLine: {'line': b'-- Symlinking: /bristol_fsai_sim-docker/install/eufs_msgs/include/eufs_msgs/msg/detail/lap_stats__rosidl_typesupport_introspection_c.h\n'}
[167.432298] (-) TimerEvent: {}
[167.442531] (eufs_msgs) StdoutLine: {'line': b'-- Symlinking: /bristol_fsai_sim-docker/install/eufs_msgs/include/eufs_msgs/msg/detail/mpc_state__rosidl_typesupport_introspection_c.h\n'}
[167.466517] (eufs_msgs) StdoutLine: {'line': b'-- Symlinking: /bristol_fsai_sim-docker/install/eufs_msgs/include/eufs_msgs/msg/detail/node_state__rosidl_typesupport_introspection_c.h\n'}
[167.488318] (eufs_msgs) StdoutLine: {'line': b'-- Symlinking: /bristol_fsai_sim-docker/install/eufs_msgs/include/eufs_msgs/msg/detail/node_state_array__rosidl_typesupport_introspection_c.h\n'}
[167.506497] (eufs_msgs) StdoutLine: {'line': b'-- Symlinking: /bristol_fsai_sim-docker/install/eufs_msgs/include/eufs_msgs/msg/detail/oss__rosidl_typesupport_introspection_c.h\n'}
[167.525826] (eufs_msgs) StdoutLine: {'line': b'-- Symlinking: /bristol_fsai_sim-docker/install/eufs_msgs/include/eufs_msgs/msg/detail/particle__rosidl_typesupport_introspection_c.h\n'}
[167.532416] (-) TimerEvent: {}
[167.544204] (eufs_msgs) StdoutLine: {'line': b'-- Symlinking: /bristol_fsai_sim-docker/install/eufs_msgs/include/eufs_msgs/msg/detail/particle_slam__rosidl_typesupport_introspection_c.h\n'}
[167.563871] (eufs_msgs) StdoutLine: {'line': b'-- Symlinking: /bristol_fsai_sim-docker/install/eufs_msgs/include/eufs_msgs/msg/detail/particle_slam_stamped__rosidl_typesupport_introspection_c.h\n'}
[167.586986] (eufs_msgs) StdoutLine: {'line': b'-- Symlinking: /bristol_fsai_sim-docker/install/eufs_msgs/include/eufs_msgs/msg/detail/particle_stamped__rosidl_typesupport_introspection_c.h\n'}
[167.609532] (eufs_msgs) StdoutLine: {'line': b'-- Symlinking: /bristol_fsai_sim-docker/install/eufs_msgs/include/eufs_msgs/msg/detail/path_integral_params__rosidl_typesupport_introspection_c.h\n'}
[167.627761] (eufs_msgs) StdoutLine: {'line': b'-- Symlinking: /bristol_fsai_sim-docker/install/eufs_msgs/include/eufs_msgs/msg/detail/path_integral_stats__rosidl_typesupport_introspection_c.h\n'}
[167.632514] (-) TimerEvent: {}
[167.648396] (eufs_msgs) StdoutLine: {'line': b'-- Symlinking: /bristol_fsai_sim-docker/install/eufs_msgs/include/eufs_msgs/msg/detail/path_integral_status__rosidl_typesupport_introspection_c.h\n'}
[167.674197] (eufs_msgs) StdoutLine: {'line': b'-- Symlinking: /bristol_fsai_sim-docker/install/eufs_msgs/include/eufs_msgs/msg/detail/path_integral_timing__rosidl_typesupport_introspection_c.h\n'}
[167.694872] (eufs_msgs) StdoutLine: {'line': b'-- Symlinking: /bristol_fsai_sim-docker/install/eufs_msgs/include/eufs_msgs/msg/detail/planning_mode__rosidl_typesupport_introspection_c.h\n'}
[167.711864] (eufs_msgs) StdoutLine: {'line': b'-- Symlinking: /bristol_fsai_sim-docker/install/eufs_msgs/include/eufs_msgs/msg/detail/point_array__rosidl_typesupport_introspection_c.h\n'}
[167.728377] (eufs_msgs) StdoutLine: {'line': b'-- Symlinking: /bristol_fsai_sim-docker/install/eufs_msgs/include/eufs_msgs/msg/detail/point_array_stamped__rosidl_typesupport_introspection_c.h\n'}
[167.732637] (-) TimerEvent: {}
[167.745956] (eufs_msgs) StdoutLine: {'line': b'-- Symlinking: /bristol_fsai_sim-docker/install/eufs_msgs/include/eufs_msgs/msg/detail/pure_pursuit_checkpoint__rosidl_typesupport_introspection_c.h\n'}
[167.770069] (eufs_msgs) StdoutLine: {'line': b'-- Symlinking: /bristol_fsai_sim-docker/install/eufs_msgs/include/eufs_msgs/msg/detail/pure_pursuit_checkpoint_array_stamped__rosidl_typesupport_introspection_c.h\n'}
[167.792708] (eufs_msgs) StdoutLine: {'line': b'-- Symlinking: /bristol_fsai_sim-docker/install/eufs_msgs/include/eufs_msgs/msg/detail/runstop__rosidl_typesupport_introspection_c.h\n'}
[167.811434] (eufs_msgs) StdoutLine: {'line': b'-- Symlinking: /bristol_fsai_sim-docker/install/eufs_msgs/include/eufs_msgs/msg/detail/slam_err__rosidl_typesupport_introspection_c.h\n'}
[167.827898] (eufs_msgs) StdoutLine: {'line': b'-- Symlinking: /bristol_fsai_sim-docker/install/eufs_msgs/include/eufs_msgs/msg/detail/slam_state__rosidl_typesupport_introspection_c.h\n'}
[167.832767] (-) TimerEvent: {}
[167.847366] (eufs_msgs) StdoutLine: {'line': b'-- Symlinking: /bristol_fsai_sim-docker/install/eufs_msgs/include/eufs_msgs/msg/detail/state_machine_state__rosidl_typesupport_introspection_c.h\n'}
[167.867571] (eufs_msgs) StdoutLine: {'line': b'-- Symlinking: /bristol_fsai_sim-docker/install/eufs_msgs/include/eufs_msgs/msg/detail/stereo_image__rosidl_typesupport_introspection_c.h\n'}
[167.889739] (eufs_msgs) StdoutLine: {'line': b'-- Symlinking: /bristol_fsai_sim-docker/install/eufs_msgs/include/eufs_msgs/msg/detail/system_status__rosidl_typesupport_introspection_c.h\n'}
[167.908711] (eufs_msgs) StdoutLine: {'line': b'-- Symlinking: /bristol_fsai_sim-docker/install/eufs_msgs/include/eufs_msgs/msg/detail/topic_status__rosidl_typesupport_introspection_c.h\n'}
[167.925395] (eufs_msgs) StdoutLine: {'line': b'-- Symlinking: /bristol_fsai_sim-docker/install/eufs_msgs/include/eufs_msgs/msg/detail/vehicle_commands__rosidl_typesupport_introspection_c.h\n'}
[167.932913] (-) TimerEvent: {}
[167.944027] (eufs_msgs) StdoutLine: {'line': b'-- Symlinking: /bristol_fsai_sim-docker/install/eufs_msgs/include/eufs_msgs/msg/detail/vehicle_commands_stamped__rosidl_typesupport_introspection_c.h\n'}
[167.964514] (eufs_msgs) StdoutLine: {'line': b'-- Symlinking: /bristol_fsai_sim-docker/install/eufs_msgs/include/eufs_msgs/msg/detail/waypoint__rosidl_typesupport_introspection_c.h\n'}
[167.988818] (eufs_msgs) StdoutLine: {'line': b'-- Symlinking: /bristol_fsai_sim-docker/install/eufs_msgs/include/eufs_msgs/msg/detail/waypoint_array_stamped__rosidl_typesupport_introspection_c.h\n'}
[168.011498] (eufs_msgs) StdoutLine: {'line': b'-- Symlinking: /bristol_fsai_sim-docker/install/eufs_msgs/include/eufs_msgs/msg/detail/wheel_odometry_err__rosidl_typesupport_introspection_c.h\n'}
[168.031156] (eufs_msgs) StdoutLine: {'line': b'-- Symlinking: /bristol_fsai_sim-docker/install/eufs_msgs/include/eufs_msgs/msg/detail/wheel_speeds__rosidl_typesupport_introspection_c.h\n'}
[168.033004] (-) TimerEvent: {}
[168.051552] (eufs_msgs) StdoutLine: {'line': b'-- Symlinking: /bristol_fsai_sim-docker/install/eufs_msgs/include/eufs_msgs/msg/detail/wheel_speeds_stamped__rosidl_typesupport_introspection_c.h\n'}
[168.074805] (eufs_msgs) StdoutLine: {'line': b'-- Symlinking: /bristol_fsai_sim-docker/install/eufs_msgs/include/eufs_msgs/msg/rosidl_typesupport_introspection_c__visibility_control.h\n'}
[168.096651] (eufs_msgs) StdoutLine: {'line': b'-- Symlinking: /bristol_fsai_sim-docker/install/eufs_msgs/include/eufs_msgs/srv/detail/get_map__rosidl_typesupport_introspection_c.h\n'}
[168.114342] (eufs_msgs) StdoutLine: {'line': b'-- Symlinking: /bristol_fsai_sim-docker/install/eufs_msgs/include/eufs_msgs/srv/detail/record_start__rosidl_typesupport_introspection_c.h\n'}
[168.131496] (eufs_msgs) StdoutLine: {'line': b'-- Symlinking: /bristol_fsai_sim-docker/install/eufs_msgs/include/eufs_msgs/srv/detail/record_stop__rosidl_typesupport_introspection_c.h\n'}
[168.133125] (-) TimerEvent: {}
[168.151261] (eufs_msgs) StdoutLine: {'line': b'-- Symlinking: /bristol_fsai_sim-docker/install/eufs_msgs/include/eufs_msgs/srv/detail/register__rosidl_typesupport_introspection_c.h\n'}
[168.173907] (eufs_msgs) StdoutLine: {'line': b'-- Symlinking: /bristol_fsai_sim-docker/install/eufs_msgs/include/eufs_msgs/srv/detail/set_can_state__rosidl_typesupport_introspection_c.h\n'}
[168.195366] (eufs_msgs) StdoutLine: {'line': b'-- Symlinking: /bristol_fsai_sim-docker/install/eufs_msgs/include/eufs_msgs/srv/detail/set_mission__rosidl_typesupport_introspection_c.h\n'}
[168.213103] (eufs_msgs) StdoutLine: {'line': b'-- Symlinking: /bristol_fsai_sim-docker/install/eufs_msgs/include/eufs_msgs/srv/detail/set_string__rosidl_typesupport_introspection_c.h\n'}
[168.229695] (eufs_msgs) StdoutLine: {'line': b'-- Symlinking: /bristol_fsai_sim-docker/install/eufs_msgs/include/eufs_msgs/srv/detail/set_track__rosidl_typesupport_introspection_c.h\n'}
[168.233201] (-) TimerEvent: {}
[168.256831] (eufs_msgs) StdoutLine: {'line': b'-- Symlinking: /bristol_fsai_sim-docker/install/eufs_msgs/include/eufs_msgs/action/check_for_objects.hpp\n'}
[168.278537] (eufs_msgs) StdoutLine: {'line': b'-- Symlinking: /bristol_fsai_sim-docker/install/eufs_msgs/include/eufs_msgs/action/detail/check_for_objects__builder.hpp\n'}
[168.302804] (eufs_msgs) StdoutLine: {'line': b'-- Symlinking: /bristol_fsai_sim-docker/install/eufs_msgs/include/eufs_msgs/action/detail/check_for_objects__struct.hpp\n'}
[168.320012] (eufs_msgs) StdoutLine: {'line': b'-- Symlinking: /bristol_fsai_sim-docker/install/eufs_msgs/include/eufs_msgs/action/detail/check_for_objects__traits.hpp\n'}
[168.333352] (-) TimerEvent: {}
[168.337795] (eufs_msgs) StdoutLine: {'line': b'-- Symlinking: /bristol_fsai_sim-docker/install/eufs_msgs/include/eufs_msgs/msg/bounding_box.hpp\n'}
[168.359978] (eufs_msgs) StdoutLine: {'line': b'-- Symlinking: /bristol_fsai_sim-docker/install/eufs_msgs/include/eufs_msgs/msg/bounding_boxes.hpp\n'}
[168.383288] (eufs_msgs) StdoutLine: {'line': b'-- Symlinking: /bristol_fsai_sim-docker/install/eufs_msgs/include/eufs_msgs/msg/can_state.hpp\n'}
[168.401767] (eufs_msgs) StdoutLine: {'line': b'-- Symlinking: /bristol_fsai_sim-docker/install/eufs_msgs/include/eufs_msgs/msg/car_forces.hpp\n'}
[168.418507] (eufs_msgs) StdoutLine: {'line': b'-- Symlinking: /bristol_fsai_sim-docker/install/eufs_msgs/include/eufs_msgs/msg/car_state.hpp\n'}
[168.433517] (-) TimerEvent: {}
[168.435144] (eufs_msgs) StdoutLine: {'line': b'-- Symlinking: /bristol_fsai_sim-docker/install/eufs_msgs/include/eufs_msgs/msg/chassis_command.hpp\n'}
[168.455827] (eufs_msgs) StdoutLine: {'line': b'-- Symlinking: /bristol_fsai_sim-docker/install/eufs_msgs/include/eufs_msgs/msg/chassis_state.hpp\n'}
[168.477459] (eufs_msgs) StdoutLine: {'line': b'-- Symlinking: /bristol_fsai_sim-docker/install/eufs_msgs/include/eufs_msgs/msg/cone_array.hpp\n'}
[168.501301] (eufs_msgs) StdoutLine: {'line': b'-- Symlinking: /bristol_fsai_sim-docker/install/eufs_msgs/include/eufs_msgs/msg/cone_array_with_covariance.hpp\n'}
[168.519244] (eufs_msgs) StdoutLine: {'line': b'-- Symlinking: /bristol_fsai_sim-docker/install/eufs_msgs/include/eufs_msgs/msg/cone_array_with_covariance_plus.hpp\n'}
[168.533653] (-) TimerEvent: {}
[168.535764] (eufs_msgs) StdoutLine: {'line': b'-- Symlinking: /bristol_fsai_sim-docker/install/eufs_msgs/include/eufs_msgs/msg/cone_association.hpp\n'}
[168.556448] (eufs_msgs) StdoutLine: {'line': b'-- Symlinking: /bristol_fsai_sim-docker/install/eufs_msgs/include/eufs_msgs/msg/cone_association_array.hpp\n'}
[168.577601] (eufs_msgs) StdoutLine: {'line': b'-- Symlinking: /bristol_fsai_sim-docker/install/eufs_msgs/include/eufs_msgs/msg/cone_association_array_array_stamped.hpp\n'}
[168.601250] (eufs_msgs) StdoutLine: {'line': b'-- Symlinking: /bristol_fsai_sim-docker/install/eufs_msgs/include/eufs_msgs/msg/cone_association_array_stamped.hpp\n'}
[168.617993] (eufs_msgs) StdoutLine: {'line': b'-- Symlinking: /bristol_fsai_sim-docker/install/eufs_msgs/include/eufs_msgs/msg/cone_with_covariance.hpp\n'}
[168.633797] (-) TimerEvent: {}
[168.634455] (eufs_msgs) StdoutLine: {'line': b'-- Symlinking: /bristol_fsai_sim-docker/install/eufs_msgs/include/eufs_msgs/msg/cone_with_covariance_plus.hpp\n'}
[168.655244] (eufs_msgs) StdoutLine: {'line': b'-- Symlinking: /bristol_fsai_sim-docker/install/eufs_msgs/include/eufs_msgs/msg/costmap.hpp\n'}
[168.678257] (eufs_msgs) StdoutLine: {'line': b'-- Symlinking: /bristol_fsai_sim-docker/install/eufs_msgs/include/eufs_msgs/msg/cpu_status.hpp\n'}
[168.697243] (eufs_msgs) StdoutLine: {'line': b'-- Symlinking: /bristol_fsai_sim-docker/install/eufs_msgs/include/eufs_msgs/msg/cpu_usage.hpp\n'}
[168.715037] (eufs_msgs) StdoutLine: {'line': b'-- Symlinking: /bristol_fsai_sim-docker/install/eufs_msgs/include/eufs_msgs/msg/detail/bounding_box__builder.hpp\n'}
[168.731694] (eufs_msgs) StdoutLine: {'line': b'-- Symlinking: /bristol_fsai_sim-docker/install/eufs_msgs/include/eufs_msgs/msg/detail/bounding_box__struct.hpp\n'}
[168.733905] (-) TimerEvent: {}
[168.752675] (eufs_msgs) StdoutLine: {'line': b'-- Symlinking: /bristol_fsai_sim-docker/install/eufs_msgs/include/eufs_msgs/msg/detail/bounding_box__traits.hpp\n'}
[168.774228] (eufs_msgs) StdoutLine: {'line': b'-- Symlinking: /bristol_fsai_sim-docker/install/eufs_msgs/include/eufs_msgs/msg/detail/bounding_boxes__builder.hpp\n'}
[168.797284] (eufs_msgs) StdoutLine: {'line': b'-- Symlinking: /bristol_fsai_sim-docker/install/eufs_msgs/include/eufs_msgs/msg/detail/bounding_boxes__struct.hpp\n'}
[168.815041] (eufs_msgs) StdoutLine: {'line': b'-- Symlinking: /bristol_fsai_sim-docker/install/eufs_msgs/include/eufs_msgs/msg/detail/bounding_boxes__traits.hpp\n'}
[168.832248] (eufs_msgs) StdoutLine: {'line': b'-- Symlinking: /bristol_fsai_sim-docker/install/eufs_msgs/include/eufs_msgs/msg/detail/can_state__builder.hpp\n'}
[168.834002] (-) TimerEvent: {}
[168.851763] (eufs_msgs) StdoutLine: {'line': b'-- Symlinking: /bristol_fsai_sim-docker/install/eufs_msgs/include/eufs_msgs/msg/detail/can_state__struct.hpp\n'}
[168.875522] (eufs_msgs) StdoutLine: {'line': b'-- Symlinking: /bristol_fsai_sim-docker/install/eufs_msgs/include/eufs_msgs/msg/detail/can_state__traits.hpp\n'}
[168.895984] (eufs_msgs) StdoutLine: {'line': b'-- Symlinking: /bristol_fsai_sim-docker/install/eufs_msgs/include/eufs_msgs/msg/detail/car_forces__builder.hpp\n'}
[168.913979] (eufs_msgs) StdoutLine: {'line': b'-- Symlinking: /bristol_fsai_sim-docker/install/eufs_msgs/include/eufs_msgs/msg/detail/car_forces__struct.hpp\n'}
[168.931218] (eufs_msgs) StdoutLine: {'line': b'-- Symlinking: /bristol_fsai_sim-docker/install/eufs_msgs/include/eufs_msgs/msg/detail/car_forces__traits.hpp\n'}
[168.934100] (-) TimerEvent: {}
[168.949079] (eufs_msgs) StdoutLine: {'line': b'-- Symlinking: /bristol_fsai_sim-docker/install/eufs_msgs/include/eufs_msgs/msg/detail/car_state__builder.hpp\n'}
[168.971377] (eufs_msgs) StdoutLine: {'line': b'-- Symlinking: /bristol_fsai_sim-docker/install/eufs_msgs/include/eufs_msgs/msg/detail/car_state__struct.hpp\n'}
[168.992648] (eufs_msgs) StdoutLine: {'line': b'-- Symlinking: /bristol_fsai_sim-docker/install/eufs_msgs/include/eufs_msgs/msg/detail/car_state__traits.hpp\n'}
[169.010540] (eufs_msgs) StdoutLine: {'line': b'-- Symlinking: /bristol_fsai_sim-docker/install/eufs_msgs/include/eufs_msgs/msg/detail/chassis_command__builder.hpp\n'}
[169.029282] (eufs_msgs) StdoutLine: {'line': b'-- Symlinking: /bristol_fsai_sim-docker/install/eufs_msgs/include/eufs_msgs/msg/detail/chassis_command__struct.hpp\n'}
[169.034225] (-) TimerEvent: {}
[169.051242] (eufs_msgs) StdoutLine: {'line': b'-- Symlinking: /bristol_fsai_sim-docker/install/eufs_msgs/include/eufs_msgs/msg/detail/chassis_command__traits.hpp\n'}
[169.071524] (eufs_msgs) StdoutLine: {'line': b'-- Symlinking: /bristol_fsai_sim-docker/install/eufs_msgs/include/eufs_msgs/msg/detail/chassis_state__builder.hpp\n'}
[169.092847] (eufs_msgs) StdoutLine: {'line': b'-- Symlinking: /bristol_fsai_sim-docker/install/eufs_msgs/include/eufs_msgs/msg/detail/chassis_state__struct.hpp\n'}
[169.111029] (eufs_msgs) StdoutLine: {'line': b'-- Symlinking: /bristol_fsai_sim-docker/install/eufs_msgs/include/eufs_msgs/msg/detail/chassis_state__traits.hpp\n'}
[169.127837] (eufs_msgs) StdoutLine: {'line': b'-- Symlinking: /bristol_fsai_sim-docker/install/eufs_msgs/include/eufs_msgs/msg/detail/cone_array__builder.hpp\n'}
[169.134331] (-) TimerEvent: {}
[169.145472] (eufs_msgs) StdoutLine: {'line': b'-- Symlinking: /bristol_fsai_sim-docker/install/eufs_msgs/include/eufs_msgs/msg/detail/cone_array__struct.hpp\n'}
[169.172157] (eufs_msgs) StdoutLine: {'line': b'-- Symlinking: /bristol_fsai_sim-docker/install/eufs_msgs/include/eufs_msgs/msg/detail/cone_array__traits.hpp\n'}
[169.192244] (eufs_msgs) StdoutLine: {'line': b'-- Symlinking: /bristol_fsai_sim-docker/install/eufs_msgs/include/eufs_msgs/msg/detail/cone_array_with_covariance__builder.hpp\n'}
[169.209923] (eufs_msgs) StdoutLine: {'line': b'-- Symlinking: /bristol_fsai_sim-docker/install/eufs_msgs/include/eufs_msgs/msg/detail/cone_array_with_covariance__struct.hpp\n'}
[169.226943] (eufs_msgs) StdoutLine: {'line': b'-- Symlinking: /bristol_fsai_sim-docker/install/eufs_msgs/include/eufs_msgs/msg/detail/cone_array_with_covariance__traits.hpp\n'}
[169.234451] (-) TimerEvent: {}
[169.243730] (eufs_msgs) StdoutLine: {'line': b'-- Symlinking: /bristol_fsai_sim-docker/install/eufs_msgs/include/eufs_msgs/msg/detail/cone_array_with_covariance_plus__builder.hpp\n'}
[169.266886] (eufs_msgs) StdoutLine: {'line': b'-- Symlinking: /bristol_fsai_sim-docker/install/eufs_msgs/include/eufs_msgs/msg/detail/cone_array_with_covariance_plus__struct.hpp\n'}
[169.290377] (eufs_msgs) StdoutLine: {'line': b'-- Symlinking: /bristol_fsai_sim-docker/install/eufs_msgs/include/eufs_msgs/msg/detail/cone_array_with_covariance_plus__traits.hpp\n'}
[169.308474] (eufs_msgs) StdoutLine: {'line': b'-- Symlinking: /bristol_fsai_sim-docker/install/eufs_msgs/include/eufs_msgs/msg/detail/cone_association__builder.hpp\n'}
[169.325470] (eufs_msgs) StdoutLine: {'line': b'-- Symlinking: /bristol_fsai_sim-docker/install/eufs_msgs/include/eufs_msgs/msg/detail/cone_association__struct.hpp\n'}
[169.334578] (-) TimerEvent: {}
[169.342974] (eufs_msgs) StdoutLine: {'line': b'-- Symlinking: /bristol_fsai_sim-docker/install/eufs_msgs/include/eufs_msgs/msg/detail/cone_association__traits.hpp\n'}
[169.360471] (eufs_msgs) StdoutLine: {'line': b'-- Symlinking: /bristol_fsai_sim-docker/install/eufs_msgs/include/eufs_msgs/msg/detail/cone_association_array__builder.hpp\n'}
[169.383401] (eufs_msgs) StdoutLine: {'line': b'-- Symlinking: /bristol_fsai_sim-docker/install/eufs_msgs/include/eufs_msgs/msg/detail/cone_association_array__struct.hpp\n'}
[169.405824] (eufs_msgs) StdoutLine: {'line': b'-- Symlinking: /bristol_fsai_sim-docker/install/eufs_msgs/include/eufs_msgs/msg/detail/cone_association_array__traits.hpp\n'}
[169.424119] (eufs_msgs) StdoutLine: {'line': b'-- Symlinking: /bristol_fsai_sim-docker/install/eufs_msgs/include/eufs_msgs/msg/detail/cone_association_array_array_stamped__builder.hpp\n'}
[169.434778] (-) TimerEvent: {}
[169.442268] (eufs_msgs) StdoutLine: {'line': b'-- Symlinking: /bristol_fsai_sim-docker/install/eufs_msgs/include/eufs_msgs/msg/detail/cone_association_array_array_stamped__struct.hpp\n'}
[169.465359] (eufs_msgs) StdoutLine: {'line': b'-- Symlinking: /bristol_fsai_sim-docker/install/eufs_msgs/include/eufs_msgs/msg/detail/cone_association_array_array_stamped__traits.hpp\n'}
[169.487182] (eufs_msgs) StdoutLine: {'line': b'-- Symlinking: /bristol_fsai_sim-docker/install/eufs_msgs/include/eufs_msgs/msg/detail/cone_association_array_stamped__builder.hpp\n'}
[169.505594] (eufs_msgs) StdoutLine: {'line': b'-- Symlinking: /bristol_fsai_sim-docker/install/eufs_msgs/include/eufs_msgs/msg/detail/cone_association_array_stamped__struct.hpp\n'}
[169.523724] (eufs_msgs) StdoutLine: {'line': b'-- Symlinking: /bristol_fsai_sim-docker/install/eufs_msgs/include/eufs_msgs/msg/detail/cone_association_array_stamped__traits.hpp\n'}
[169.534918] (-) TimerEvent: {}
[169.540792] (eufs_msgs) StdoutLine: {'line': b'-- Symlinking: /bristol_fsai_sim-docker/install/eufs_msgs/include/eufs_msgs/msg/detail/cone_with_covariance__builder.hpp\n'}
[169.562865] (eufs_msgs) StdoutLine: {'line': b'-- Symlinking: /bristol_fsai_sim-docker/install/eufs_msgs/include/eufs_msgs/msg/detail/cone_with_covariance__struct.hpp\n'}
[169.586119] (eufs_msgs) StdoutLine: {'line': b'-- Symlinking: /bristol_fsai_sim-docker/install/eufs_msgs/include/eufs_msgs/msg/detail/cone_with_covariance__traits.hpp\n'}
[169.604586] (eufs_msgs) StdoutLine: {'line': b'-- Symlinking: /bristol_fsai_sim-docker/install/eufs_msgs/include/eufs_msgs/msg/detail/cone_with_covariance_plus__builder.hpp\n'}
[169.621980] (eufs_msgs) StdoutLine: {'line': b'-- Symlinking: /bristol_fsai_sim-docker/install/eufs_msgs/include/eufs_msgs/msg/detail/cone_with_covariance_plus__struct.hpp\n'}
[169.635070] (-) TimerEvent: {}
[169.638617] (eufs_msgs) StdoutLine: {'line': b'-- Symlinking: /bristol_fsai_sim-docker/install/eufs_msgs/include/eufs_msgs/msg/detail/cone_with_covariance_plus__traits.hpp\n'}
[169.660780] (eufs_msgs) StdoutLine: {'line': b'-- Symlinking: /bristol_fsai_sim-docker/install/eufs_msgs/include/eufs_msgs/msg/detail/costmap__builder.hpp\n'}
[169.683310] (eufs_msgs) StdoutLine: {'line': b'-- Symlinking: /bristol_fsai_sim-docker/install/eufs_msgs/include/eufs_msgs/msg/detail/costmap__struct.hpp\n'}
[169.702035] (eufs_msgs) StdoutLine: {'line': b'-- Symlinking: /bristol_fsai_sim-docker/install/eufs_msgs/include/eufs_msgs/msg/detail/costmap__traits.hpp\n'}
[169.719496] (eufs_msgs) StdoutLine: {'line': b'-- Symlinking: /bristol_fsai_sim-docker/install/eufs_msgs/include/eufs_msgs/msg/detail/cpu_status__builder.hpp\n'}
[169.735215] (-) TimerEvent: {}
[169.736442] (eufs_msgs) StdoutLine: {'line': b'-- Symlinking: /bristol_fsai_sim-docker/install/eufs_msgs/include/eufs_msgs/msg/detail/cpu_status__struct.hpp\n'}
[169.758036] (eufs_msgs) StdoutLine: {'line': b'-- Symlinking: /bristol_fsai_sim-docker/install/eufs_msgs/include/eufs_msgs/msg/detail/cpu_status__traits.hpp\n'}
[169.785478] (eufs_msgs) StdoutLine: {'line': b'-- Symlinking: /bristol_fsai_sim-docker/install/eufs_msgs/include/eufs_msgs/msg/detail/cpu_usage__builder.hpp\n'}
[169.803162] (eufs_msgs) StdoutLine: {'line': b'-- Symlinking: /bristol_fsai_sim-docker/install/eufs_msgs/include/eufs_msgs/msg/detail/cpu_usage__struct.hpp\n'}
[169.820234] (eufs_msgs) StdoutLine: {'line': b'-- Symlinking: /bristol_fsai_sim-docker/install/eufs_msgs/include/eufs_msgs/msg/detail/cpu_usage__traits.hpp\n'}
[169.835323] (-) TimerEvent: {}
[169.836424] (eufs_msgs) StdoutLine: {'line': b'-- Symlinking: /bristol_fsai_sim-docker/install/eufs_msgs/include/eufs_msgs/msg/detail/ekf_err__builder.hpp\n'}
[169.858260] (eufs_msgs) StdoutLine: {'line': b'-- Symlinking: /bristol_fsai_sim-docker/install/eufs_msgs/include/eufs_msgs/msg/detail/ekf_err__struct.hpp\n'}
[169.880824] (eufs_msgs) StdoutLine: {'line': b'-- Symlinking: /bristol_fsai_sim-docker/install/eufs_msgs/include/eufs_msgs/msg/detail/ekf_err__traits.hpp\n'}
[169.901409] (eufs_msgs) StdoutLine: {'line': b'-- Symlinking: /bristol_fsai_sim-docker/install/eufs_msgs/include/eufs_msgs/msg/detail/ekf_state__builder.hpp\n'}
[169.918767] (eufs_msgs) StdoutLine: {'line': b'-- Symlinking: /bristol_fsai_sim-docker/install/eufs_msgs/include/eufs_msgs/msg/detail/ekf_state__struct.hpp\n'}
[169.935454] (-) TimerEvent: {}
[169.935841] (eufs_msgs) StdoutLine: {'line': b'-- Symlinking: /bristol_fsai_sim-docker/install/eufs_msgs/include/eufs_msgs/msg/detail/ekf_state__traits.hpp\n'}
[169.955014] (eufs_msgs) StdoutLine: {'line': b'-- Symlinking: /bristol_fsai_sim-docker/install/eufs_msgs/include/eufs_msgs/msg/detail/full_state__builder.hpp\n'}
[169.977491] (eufs_msgs) StdoutLine: {'line': b'-- Symlinking: /bristol_fsai_sim-docker/install/eufs_msgs/include/eufs_msgs/msg/detail/full_state__struct.hpp\n'}
[170.000248] (eufs_msgs) StdoutLine: {'line': b'-- Symlinking: /bristol_fsai_sim-docker/install/eufs_msgs/include/eufs_msgs/msg/detail/full_state__traits.hpp\n'}
[170.019926] (eufs_msgs) StdoutLine: {'line': b'-- Symlinking: /bristol_fsai_sim-docker/install/eufs_msgs/include/eufs_msgs/msg/detail/heartbeat__builder.hpp\n'}
[170.035603] (-) TimerEvent: {}
[170.037734] (eufs_msgs) StdoutLine: {'line': b'-- Symlinking: /bristol_fsai_sim-docker/install/eufs_msgs/include/eufs_msgs/msg/detail/heartbeat__struct.hpp\n'}
[170.061376] (eufs_msgs) StdoutLine: {'line': b'-- Symlinking: /bristol_fsai_sim-docker/install/eufs_msgs/include/eufs_msgs/msg/detail/heartbeat__traits.hpp\n'}
[170.082396] (eufs_msgs) StdoutLine: {'line': b'-- Symlinking: /bristol_fsai_sim-docker/install/eufs_msgs/include/eufs_msgs/msg/detail/integration_err__builder.hpp\n'}
[170.102735] (eufs_msgs) StdoutLine: {'line': b'-- Symlinking: /bristol_fsai_sim-docker/install/eufs_msgs/include/eufs_msgs/msg/detail/integration_err__struct.hpp\n'}
[170.119732] (eufs_msgs) StdoutLine: {'line': b'-- Symlinking: /bristol_fsai_sim-docker/install/eufs_msgs/include/eufs_msgs/msg/detail/integration_err__traits.hpp\n'}
[170.135819] (-) TimerEvent: {}
[170.136860] (eufs_msgs) StdoutLine: {'line': b'-- Symlinking: /bristol_fsai_sim-docker/install/eufs_msgs/include/eufs_msgs/msg/detail/lap_stats__builder.hpp\n'}
[170.154614] (eufs_msgs) StdoutLine: {'line': b'-- Symlinking: /bristol_fsai_sim-docker/install/eufs_msgs/include/eufs_msgs/msg/detail/lap_stats__struct.hpp\n'}
[170.177055] (eufs_msgs) StdoutLine: {'line': b'-- Symlinking: /bristol_fsai_sim-docker/install/eufs_msgs/include/eufs_msgs/msg/detail/lap_stats__traits.hpp\n'}
[170.200362] (eufs_msgs) StdoutLine: {'line': b'-- Symlinking: /bristol_fsai_sim-docker/install/eufs_msgs/include/eufs_msgs/msg/detail/mpc_state__builder.hpp\n'}
[170.218516] (eufs_msgs) StdoutLine: {'line': b'-- Symlinking: /bristol_fsai_sim-docker/install/eufs_msgs/include/eufs_msgs/msg/detail/mpc_state__struct.hpp\n'}
[170.235449] (eufs_msgs) StdoutLine: {'line': b'-- Symlinking: /bristol_fsai_sim-docker/install/eufs_msgs/include/eufs_msgs/msg/detail/mpc_state__traits.hpp\n'}
[170.235885] (-) TimerEvent: {}
[170.254635] (eufs_msgs) StdoutLine: {'line': b'-- Symlinking: /bristol_fsai_sim-docker/install/eufs_msgs/include/eufs_msgs/msg/detail/node_state__builder.hpp\n'}
[170.276380] (eufs_msgs) StdoutLine: {'line': b'-- Symlinking: /bristol_fsai_sim-docker/install/eufs_msgs/include/eufs_msgs/msg/detail/node_state__struct.hpp\n'}
[170.300308] (eufs_msgs) StdoutLine: {'line': b'-- Symlinking: /bristol_fsai_sim-docker/install/eufs_msgs/include/eufs_msgs/msg/detail/node_state__traits.hpp\n'}
[170.318991] (eufs_msgs) StdoutLine: {'line': b'-- Symlinking: /bristol_fsai_sim-docker/install/eufs_msgs/include/eufs_msgs/msg/detail/node_state_array__builder.hpp\n'}
[170.335936] (eufs_msgs) StdoutLine: {'line': b'-- Symlinking: /bristol_fsai_sim-docker/install/eufs_msgs/include/eufs_msgs/msg/detail/node_state_array__struct.hpp\n'}
[170.336226] (-) TimerEvent: {}
[170.355468] (eufs_msgs) StdoutLine: {'line': b'-- Symlinking: /bristol_fsai_sim-docker/install/eufs_msgs/include/eufs_msgs/msg/detail/node_state_array__traits.hpp\n'}
[170.379051] (eufs_msgs) StdoutLine: {'line': b'-- Symlinking: /bristol_fsai_sim-docker/install/eufs_msgs/include/eufs_msgs/msg/detail/oss__builder.hpp\n'}
[170.402248] (eufs_msgs) StdoutLine: {'line': b'-- Symlinking: /bristol_fsai_sim-docker/install/eufs_msgs/include/eufs_msgs/msg/detail/oss__struct.hpp\n'}
[170.419769] (eufs_msgs) StdoutLine: {'line': b'-- Symlinking: /bristol_fsai_sim-docker/install/eufs_msgs/include/eufs_msgs/msg/detail/oss__traits.hpp\n'}
[170.436374] (-) TimerEvent: {}
[170.436762] (eufs_msgs) StdoutLine: {'line': b'-- Symlinking: /bristol_fsai_sim-docker/install/eufs_msgs/include/eufs_msgs/msg/detail/particle__builder.hpp\n'}
[170.453748] (eufs_msgs) StdoutLine: {'line': b'-- Symlinking: /bristol_fsai_sim-docker/install/eufs_msgs/include/eufs_msgs/msg/detail/particle__struct.hpp\n'}
[170.477405] (eufs_msgs) StdoutLine: {'line': b'-- Symlinking: /bristol_fsai_sim-docker/install/eufs_msgs/include/eufs_msgs/msg/detail/particle__traits.hpp\n'}
[170.499939] (eufs_msgs) StdoutLine: {'line': b'-- Symlinking: /bristol_fsai_sim-docker/install/eufs_msgs/include/eufs_msgs/msg/detail/particle_slam__builder.hpp\n'}
[170.518126] (eufs_msgs) StdoutLine: {'line': b'-- Symlinking: /bristol_fsai_sim-docker/install/eufs_msgs/include/eufs_msgs/msg/detail/particle_slam__struct.hpp\n'}
[170.535000] (eufs_msgs) StdoutLine: {'line': b'-- Symlinking: /bristol_fsai_sim-docker/install/eufs_msgs/include/eufs_msgs/msg/detail/particle_slam__traits.hpp\n'}
[170.536448] (-) TimerEvent: {}
[170.554622] (eufs_msgs) StdoutLine: {'line': b'-- Symlinking: /bristol_fsai_sim-docker/install/eufs_msgs/include/eufs_msgs/msg/detail/particle_slam_stamped__builder.hpp\n'}
[170.576737] (eufs_msgs) StdoutLine: {'line': b'-- Symlinking: /bristol_fsai_sim-docker/install/eufs_msgs/include/eufs_msgs/msg/detail/particle_slam_stamped__struct.hpp\n'}
[170.597234] (eufs_msgs) StdoutLine: {'line': b'-- Symlinking: /bristol_fsai_sim-docker/install/eufs_msgs/include/eufs_msgs/msg/detail/particle_slam_stamped__traits.hpp\n'}
[170.614720] (eufs_msgs) StdoutLine: {'line': b'-- Symlinking: /bristol_fsai_sim-docker/install/eufs_msgs/include/eufs_msgs/msg/detail/particle_stamped__builder.hpp\n'}
[170.632161] (eufs_msgs) StdoutLine: {'line': b'-- Symlinking: /bristol_fsai_sim-docker/install/eufs_msgs/include/eufs_msgs/msg/detail/particle_stamped__struct.hpp\n'}
[170.636554] (-) TimerEvent: {}
[170.652363] (eufs_msgs) StdoutLine: {'line': b'-- Symlinking: /bristol_fsai_sim-docker/install/eufs_msgs/include/eufs_msgs/msg/detail/particle_stamped__traits.hpp\n'}
[170.673592] (eufs_msgs) StdoutLine: {'line': b'-- Symlinking: /bristol_fsai_sim-docker/install/eufs_msgs/include/eufs_msgs/msg/detail/path_integral_params__builder.hpp\n'}
[170.695807] (eufs_msgs) StdoutLine: {'line': b'-- Symlinking: /bristol_fsai_sim-docker/install/eufs_msgs/include/eufs_msgs/msg/detail/path_integral_params__struct.hpp\n'}
[170.713248] (eufs_msgs) StdoutLine: {'line': b'-- Symlinking: /bristol_fsai_sim-docker/install/eufs_msgs/include/eufs_msgs/msg/detail/path_integral_params__traits.hpp\n'}
[170.730609] (eufs_msgs) StdoutLine: {'line': b'-- Symlinking: /bristol_fsai_sim-docker/install/eufs_msgs/include/eufs_msgs/msg/detail/path_integral_stats__builder.hpp\n'}
[170.736689] (-) TimerEvent: {}
[170.753382] (eufs_msgs) StdoutLine: {'line': b'-- Symlinking: /bristol_fsai_sim-docker/install/eufs_msgs/include/eufs_msgs/msg/detail/path_integral_stats__struct.hpp\n'}
[170.775309] (eufs_msgs) StdoutLine: {'line': b'-- Symlinking: /bristol_fsai_sim-docker/install/eufs_msgs/include/eufs_msgs/msg/detail/path_integral_stats__traits.hpp\n'}
[170.796783] (eufs_msgs) StdoutLine: {'line': b'-- Symlinking: /bristol_fsai_sim-docker/install/eufs_msgs/include/eufs_msgs/msg/detail/path_integral_status__builder.hpp\n'}
[170.815258] (eufs_msgs) StdoutLine: {'line': b'-- Symlinking: /bristol_fsai_sim-docker/install/eufs_msgs/include/eufs_msgs/msg/detail/path_integral_status__struct.hpp\n'}
[170.833188] (eufs_msgs) StdoutLine: {'line': b'-- Symlinking: /bristol_fsai_sim-docker/install/eufs_msgs/include/eufs_msgs/msg/detail/path_integral_status__traits.hpp\n'}
[170.836810] (-) TimerEvent: {}
[170.852332] (eufs_msgs) StdoutLine: {'line': b'-- Symlinking: /bristol_fsai_sim-docker/install/eufs_msgs/include/eufs_msgs/msg/detail/path_integral_timing__builder.hpp\n'}
[170.876483] (eufs_msgs) StdoutLine: {'line': b'-- Symlinking: /bristol_fsai_sim-docker/install/eufs_msgs/include/eufs_msgs/msg/detail/path_integral_timing__struct.hpp\n'}
[170.897218] (eufs_msgs) StdoutLine: {'line': b'-- Symlinking: /bristol_fsai_sim-docker/install/eufs_msgs/include/eufs_msgs/msg/detail/path_integral_timing__traits.hpp\n'}
[170.915359] (eufs_msgs) StdoutLine: {'line': b'-- Symlinking: /bristol_fsai_sim-docker/install/eufs_msgs/include/eufs_msgs/msg/detail/planning_mode__builder.hpp\n'}
[170.932229] (eufs_msgs) StdoutLine: {'line': b'-- Symlinking: /bristol_fsai_sim-docker/install/eufs_msgs/include/eufs_msgs/msg/detail/planning_mode__struct.hpp\n'}
[170.936927] (-) TimerEvent: {}
[170.950797] (eufs_msgs) StdoutLine: {'line': b'-- Symlinking: /bristol_fsai_sim-docker/install/eufs_msgs/include/eufs_msgs/msg/detail/planning_mode__traits.hpp\n'}
[170.974435] (eufs_msgs) StdoutLine: {'line': b'-- Symlinking: /bristol_fsai_sim-docker/install/eufs_msgs/include/eufs_msgs/msg/detail/point_array__builder.hpp\n'}
[170.995665] (eufs_msgs) StdoutLine: {'line': b'-- Symlinking: /bristol_fsai_sim-docker/install/eufs_msgs/include/eufs_msgs/msg/detail/point_array__struct.hpp\n'}
[171.014481] (eufs_msgs) StdoutLine: {'line': b'-- Symlinking: /bristol_fsai_sim-docker/install/eufs_msgs/include/eufs_msgs/msg/detail/point_array__traits.hpp\n'}
[171.032168] (eufs_msgs) StdoutLine: {'line': b'-- Symlinking: /bristol_fsai_sim-docker/install/eufs_msgs/include/eufs_msgs/msg/detail/point_array_stamped__builder.hpp\n'}
[171.037056] (-) TimerEvent: {}
[171.052086] (eufs_msgs) StdoutLine: {'line': b'-- Symlinking: /bristol_fsai_sim-docker/install/eufs_msgs/include/eufs_msgs/msg/detail/point_array_stamped__struct.hpp\n'}
[171.075197] (eufs_msgs) StdoutLine: {'line': b'-- Symlinking: /bristol_fsai_sim-docker/install/eufs_msgs/include/eufs_msgs/msg/detail/point_array_stamped__traits.hpp\n'}
[171.099382] (eufs_msgs) StdoutLine: {'line': b'-- Symlinking: /bristol_fsai_sim-docker/install/eufs_msgs/include/eufs_msgs/msg/detail/pure_pursuit_checkpoint__builder.hpp\n'}
[171.117255] (eufs_msgs) StdoutLine: {'line': b'-- Symlinking: /bristol_fsai_sim-docker/install/eufs_msgs/include/eufs_msgs/msg/detail/pure_pursuit_checkpoint__struct.hpp\n'}
[171.134502] (eufs_msgs) StdoutLine: {'line': b'-- Symlinking: /bristol_fsai_sim-docker/install/eufs_msgs/include/eufs_msgs/msg/detail/pure_pursuit_checkpoint__traits.hpp\n'}
[171.137181] (-) TimerEvent: {}
[171.156376] (eufs_msgs) StdoutLine: {'line': b'-- Symlinking: /bristol_fsai_sim-docker/install/eufs_msgs/include/eufs_msgs/msg/detail/pure_pursuit_checkpoint_array_stamped__builder.hpp\n'}
[171.179090] (eufs_msgs) StdoutLine: {'line': b'-- Symlinking: /bristol_fsai_sim-docker/install/eufs_msgs/include/eufs_msgs/msg/detail/pure_pursuit_checkpoint_array_stamped__struct.hpp\n'}
[171.200227] (eufs_msgs) StdoutLine: {'line': b'-- Symlinking: /bristol_fsai_sim-docker/install/eufs_msgs/include/eufs_msgs/msg/detail/pure_pursuit_checkpoint_array_stamped__traits.hpp\n'}
[171.217351] (eufs_msgs) StdoutLine: {'line': b'-- Symlinking: /bristol_fsai_sim-docker/install/eufs_msgs/include/eufs_msgs/msg/detail/runstop__builder.hpp\n'}
[171.234050] (eufs_msgs) StdoutLine: {'line': b'-- Symlinking: /bristol_fsai_sim-docker/install/eufs_msgs/include/eufs_msgs/msg/detail/runstop__struct.hpp\n'}
[171.237330] (-) TimerEvent: {}
[171.253561] (eufs_msgs) StdoutLine: {'line': b'-- Symlinking: /bristol_fsai_sim-docker/install/eufs_msgs/include/eufs_msgs/msg/detail/runstop__traits.hpp\n'}
[171.278772] (eufs_msgs) StdoutLine: {'line': b'-- Symlinking: /bristol_fsai_sim-docker/install/eufs_msgs/include/eufs_msgs/msg/detail/slam_err__builder.hpp\n'}
[171.300055] (eufs_msgs) StdoutLine: {'line': b'-- Symlinking: /bristol_fsai_sim-docker/install/eufs_msgs/include/eufs_msgs/msg/detail/slam_err__struct.hpp\n'}
[171.318083] (eufs_msgs) StdoutLine: {'line': b'-- Symlinking: /bristol_fsai_sim-docker/install/eufs_msgs/include/eufs_msgs/msg/detail/slam_err__traits.hpp\n'}
[171.334932] (eufs_msgs) StdoutLine: {'line': b'-- Symlinking: /bristol_fsai_sim-docker/install/eufs_msgs/include/eufs_msgs/msg/detail/slam_state__builder.hpp\n'}
[171.337429] (-) TimerEvent: {}
[171.353179] (eufs_msgs) StdoutLine: {'line': b'-- Symlinking: /bristol_fsai_sim-docker/install/eufs_msgs/include/eufs_msgs/msg/detail/slam_state__struct.hpp\n'}
[171.375682] (eufs_msgs) StdoutLine: {'line': b'-- Symlinking: /bristol_fsai_sim-docker/install/eufs_msgs/include/eufs_msgs/msg/detail/slam_state__traits.hpp\n'}
[171.398981] (eufs_msgs) StdoutLine: {'line': b'-- Symlinking: /bristol_fsai_sim-docker/install/eufs_msgs/include/eufs_msgs/msg/detail/state_machine_state__builder.hpp\n'}
[171.418410] (eufs_msgs) StdoutLine: {'line': b'-- Symlinking: /bristol_fsai_sim-docker/install/eufs_msgs/include/eufs_msgs/msg/detail/state_machine_state__struct.hpp\n'}
[171.436166] (eufs_msgs) StdoutLine: {'line': b'-- Symlinking: /bristol_fsai_sim-docker/install/eufs_msgs/include/eufs_msgs/msg/detail/state_machine_state__traits.hpp\n'}
[171.437621] (-) TimerEvent: {}
[171.456601] (eufs_msgs) StdoutLine: {'line': b'-- Symlinking: /bristol_fsai_sim-docker/install/eufs_msgs/include/eufs_msgs/msg/detail/stereo_image__builder.hpp\n'}
[171.478881] (eufs_msgs) StdoutLine: {'line': b'-- Symlinking: /bristol_fsai_sim-docker/install/eufs_msgs/include/eufs_msgs/msg/detail/stereo_image__struct.hpp\n'}
[171.499375] (eufs_msgs) StdoutLine: {'line': b'-- Symlinking: /bristol_fsai_sim-docker/install/eufs_msgs/include/eufs_msgs/msg/detail/stereo_image__traits.hpp\n'}
[171.516758] (eufs_msgs) StdoutLine: {'line': b'-- Symlinking: /bristol_fsai_sim-docker/install/eufs_msgs/include/eufs_msgs/msg/detail/system_status__builder.hpp\n'}
[171.534866] (eufs_msgs) StdoutLine: {'line': b'-- Symlinking: /bristol_fsai_sim-docker/install/eufs_msgs/include/eufs_msgs/msg/detail/system_status__struct.hpp\n'}
[171.537759] (-) TimerEvent: {}
[171.555558] (eufs_msgs) StdoutLine: {'line': b'-- Symlinking: /bristol_fsai_sim-docker/install/eufs_msgs/include/eufs_msgs/msg/detail/system_status__traits.hpp\n'}
[171.579788] (eufs_msgs) StdoutLine: {'line': b'-- Symlinking: /bristol_fsai_sim-docker/install/eufs_msgs/include/eufs_msgs/msg/detail/topic_status__builder.hpp\n'}
[171.600273] (eufs_msgs) StdoutLine: {'line': b'-- Symlinking: /bristol_fsai_sim-docker/install/eufs_msgs/include/eufs_msgs/msg/detail/topic_status__struct.hpp\n'}
[171.617633] (eufs_msgs) StdoutLine: {'line': b'-- Symlinking: /bristol_fsai_sim-docker/install/eufs_msgs/include/eufs_msgs/msg/detail/topic_status__traits.hpp\n'}
[171.634628] (eufs_msgs) StdoutLine: {'line': b'-- Symlinking: /bristol_fsai_sim-docker/install/eufs_msgs/include/eufs_msgs/msg/detail/vehicle_commands__builder.hpp\n'}
[171.637858] (-) TimerEvent: {}
[171.654645] (eufs_msgs) StdoutLine: {'line': b'-- Symlinking: /bristol_fsai_sim-docker/install/eufs_msgs/include/eufs_msgs/msg/detail/vehicle_commands__struct.hpp\n'}
[171.675928] (eufs_msgs) StdoutLine: {'line': b'-- Symlinking: /bristol_fsai_sim-docker/install/eufs_msgs/include/eufs_msgs/msg/detail/vehicle_commands__traits.hpp\n'}
[171.697052] (eufs_msgs) StdoutLine: {'line': b'-- Symlinking: /bristol_fsai_sim-docker/install/eufs_msgs/include/eufs_msgs/msg/detail/vehicle_commands_stamped__builder.hpp\n'}
[171.715489] (eufs_msgs) StdoutLine: {'line': b'-- Symlinking: /bristol_fsai_sim-docker/install/eufs_msgs/include/eufs_msgs/msg/detail/vehicle_commands_stamped__struct.hpp\n'}
[171.732276] (eufs_msgs) StdoutLine: {'line': b'-- Symlinking: /bristol_fsai_sim-docker/install/eufs_msgs/include/eufs_msgs/msg/detail/vehicle_commands_stamped__traits.hpp\n'}
[171.737989] (-) TimerEvent: {}
[171.750078] (eufs_msgs) StdoutLine: {'line': b'-- Symlinking: /bristol_fsai_sim-docker/install/eufs_msgs/include/eufs_msgs/msg/detail/waypoint__builder.hpp\n'}
[171.770499] (eufs_msgs) StdoutLine: {'line': b'-- Symlinking: /bristol_fsai_sim-docker/install/eufs_msgs/include/eufs_msgs/msg/detail/waypoint__struct.hpp\n'}
[171.794241] (eufs_msgs) StdoutLine: {'line': b'-- Symlinking: /bristol_fsai_sim-docker/install/eufs_msgs/include/eufs_msgs/msg/detail/waypoint__traits.hpp\n'}
[171.812433] (eufs_msgs) StdoutLine: {'line': b'-- Symlinking: /bristol_fsai_sim-docker/install/eufs_msgs/include/eufs_msgs/msg/detail/waypoint_array_stamped__builder.hpp\n'}
[171.829188] (eufs_msgs) StdoutLine: {'line': b'-- Symlinking: /bristol_fsai_sim-docker/install/eufs_msgs/include/eufs_msgs/msg/detail/waypoint_array_stamped__struct.hpp\n'}
[171.838118] (-) TimerEvent: {}
[171.846629] (eufs_msgs) StdoutLine: {'line': b'-- Symlinking: /bristol_fsai_sim-docker/install/eufs_msgs/include/eufs_msgs/msg/detail/waypoint_array_stamped__traits.hpp\n'}
[171.869285] (eufs_msgs) StdoutLine: {'line': b'-- Symlinking: /bristol_fsai_sim-docker/install/eufs_msgs/include/eufs_msgs/msg/detail/wheel_odometry_err__builder.hpp\n'}
[171.892270] (eufs_msgs) StdoutLine: {'line': b'-- Symlinking: /bristol_fsai_sim-docker/install/eufs_msgs/include/eufs_msgs/msg/detail/wheel_odometry_err__struct.hpp\n'}
[171.911020] (eufs_msgs) StdoutLine: {'line': b'-- Symlinking: /bristol_fsai_sim-docker/install/eufs_msgs/include/eufs_msgs/msg/detail/wheel_odometry_err__traits.hpp\n'}
[171.927629] (eufs_msgs) StdoutLine: {'line': b'-- Symlinking: /bristol_fsai_sim-docker/install/eufs_msgs/include/eufs_msgs/msg/detail/wheel_speeds__builder.hpp\n'}
[171.938372] (-) TimerEvent: {}
[171.945027] (eufs_msgs) StdoutLine: {'line': b'-- Symlinking: /bristol_fsai_sim-docker/install/eufs_msgs/include/eufs_msgs/msg/detail/wheel_speeds__struct.hpp\n'}
[171.965511] (eufs_msgs) StdoutLine: {'line': b'-- Symlinking: /bristol_fsai_sim-docker/install/eufs_msgs/include/eufs_msgs/msg/detail/wheel_speeds__traits.hpp\n'}
[171.987700] (eufs_msgs) StdoutLine: {'line': b'-- Symlinking: /bristol_fsai_sim-docker/install/eufs_msgs/include/eufs_msgs/msg/detail/wheel_speeds_stamped__builder.hpp\n'}
[172.007918] (eufs_msgs) StdoutLine: {'line': b'-- Symlinking: /bristol_fsai_sim-docker/install/eufs_msgs/include/eufs_msgs/msg/detail/wheel_speeds_stamped__struct.hpp\n'}
[172.027508] (eufs_msgs) StdoutLine: {'line': b'-- Symlinking: /bristol_fsai_sim-docker/install/eufs_msgs/include/eufs_msgs/msg/detail/wheel_speeds_stamped__traits.hpp\n'}
[172.038535] (-) TimerEvent: {}
[172.046272] (eufs_msgs) StdoutLine: {'line': b'-- Symlinking: /bristol_fsai_sim-docker/install/eufs_msgs/include/eufs_msgs/msg/ekf_err.hpp\n'}
[172.072034] (eufs_msgs) StdoutLine: {'line': b'-- Symlinking: /bristol_fsai_sim-docker/install/eufs_msgs/include/eufs_msgs/msg/ekf_state.hpp\n'}
[172.098209] (eufs_msgs) StdoutLine: {'line': b'-- Symlinking: /bristol_fsai_sim-docker/install/eufs_msgs/include/eufs_msgs/msg/full_state.hpp\n'}
[172.117829] (eufs_msgs) StdoutLine: {'line': b'-- Symlinking: /bristol_fsai_sim-docker/install/eufs_msgs/include/eufs_msgs/msg/heartbeat.hpp\n'}
[172.134912] (eufs_msgs) StdoutLine: {'line': b'-- Symlinking: /bristol_fsai_sim-docker/install/eufs_msgs/include/eufs_msgs/msg/integration_err.hpp\n'}
[172.138623] (-) TimerEvent: {}
[172.155215] (eufs_msgs) StdoutLine: {'line': b'-- Symlinking: /bristol_fsai_sim-docker/install/eufs_msgs/include/eufs_msgs/msg/lap_stats.hpp\n'}
[172.178478] (eufs_msgs) StdoutLine: {'line': b'-- Symlinking: /bristol_fsai_sim-docker/install/eufs_msgs/include/eufs_msgs/msg/mpc_state.hpp\n'}
[172.197526] (eufs_msgs) StdoutLine: {'line': b'-- Symlinking: /bristol_fsai_sim-docker/install/eufs_msgs/include/eufs_msgs/msg/node_state.hpp\n'}
[172.215170] (eufs_msgs) StdoutLine: {'line': b'-- Symlinking: /bristol_fsai_sim-docker/install/eufs_msgs/include/eufs_msgs/msg/node_state_array.hpp\n'}
[172.231573] (eufs_msgs) StdoutLine: {'line': b'-- Symlinking: /bristol_fsai_sim-docker/install/eufs_msgs/include/eufs_msgs/msg/oss.hpp\n'}
[172.238768] (-) TimerEvent: {}
[172.248638] (eufs_msgs) StdoutLine: {'line': b'-- Symlinking: /bristol_fsai_sim-docker/install/eufs_msgs/include/eufs_msgs/msg/particle.hpp\n'}
[172.268728] (eufs_msgs) StdoutLine: {'line': b'-- Symlinking: /bristol_fsai_sim-docker/install/eufs_msgs/include/eufs_msgs/msg/particle_slam.hpp\n'}
[172.290780] (eufs_msgs) StdoutLine: {'line': b'-- Symlinking: /bristol_fsai_sim-docker/install/eufs_msgs/include/eufs_msgs/msg/particle_slam_stamped.hpp\n'}
[172.309731] (eufs_msgs) StdoutLine: {'line': b'-- Symlinking: /bristol_fsai_sim-docker/install/eufs_msgs/include/eufs_msgs/msg/particle_stamped.hpp\n'}
[172.327176] (eufs_msgs) StdoutLine: {'line': b'-- Symlinking: /bristol_fsai_sim-docker/install/eufs_msgs/include/eufs_msgs/msg/path_integral_params.hpp\n'}
[172.338978] (-) TimerEvent: {}
[172.344465] (eufs_msgs) StdoutLine: {'line': b'-- Symlinking: /bristol_fsai_sim-docker/install/eufs_msgs/include/eufs_msgs/msg/path_integral_stats.hpp\n'}
[172.366394] (eufs_msgs) StdoutLine: {'line': b'-- Symlinking: /bristol_fsai_sim-docker/install/eufs_msgs/include/eufs_msgs/msg/path_integral_status.hpp\n'}
[172.388872] (eufs_msgs) StdoutLine: {'line': b'-- Symlinking: /bristol_fsai_sim-docker/install/eufs_msgs/include/eufs_msgs/msg/path_integral_timing.hpp\n'}
[172.412387] (eufs_msgs) StdoutLine: {'line': b'-- Symlinking: /bristol_fsai_sim-docker/install/eufs_msgs/include/eufs_msgs/msg/planning_mode.hpp\n'}
[172.431030] (eufs_msgs) StdoutLine: {'line': b'-- Symlinking: /bristol_fsai_sim-docker/install/eufs_msgs/include/eufs_msgs/msg/point_array.hpp\n'}
[172.439183] (-) TimerEvent: {}
[172.448464] (eufs_msgs) StdoutLine: {'line': b'-- Symlinking: /bristol_fsai_sim-docker/install/eufs_msgs/include/eufs_msgs/msg/point_array_stamped.hpp\n'}
[172.468952] (eufs_msgs) StdoutLine: {'line': b'-- Symlinking: /bristol_fsai_sim-docker/install/eufs_msgs/include/eufs_msgs/msg/pure_pursuit_checkpoint.hpp\n'}
[172.491675] (eufs_msgs) StdoutLine: {'line': b'-- Symlinking: /bristol_fsai_sim-docker/install/eufs_msgs/include/eufs_msgs/msg/pure_pursuit_checkpoint_array_stamped.hpp\n'}
[172.511333] (eufs_msgs) StdoutLine: {'line': b'-- Symlinking: /bristol_fsai_sim-docker/install/eufs_msgs/include/eufs_msgs/msg/runstop.hpp\n'}
[172.529325] (eufs_msgs) StdoutLine: {'line': b'-- Symlinking: /bristol_fsai_sim-docker/install/eufs_msgs/include/eufs_msgs/msg/slam_err.hpp\n'}
[172.539223] (-) TimerEvent: {}
[172.546070] (eufs_msgs) StdoutLine: {'line': b'-- Symlinking: /bristol_fsai_sim-docker/install/eufs_msgs/include/eufs_msgs/msg/slam_state.hpp\n'}
[172.568835] (eufs_msgs) StdoutLine: {'line': b'-- Symlinking: /bristol_fsai_sim-docker/install/eufs_msgs/include/eufs_msgs/msg/state_machine_state.hpp\n'}
[172.592345] (eufs_msgs) StdoutLine: {'line': b'-- Symlinking: /bristol_fsai_sim-docker/install/eufs_msgs/include/eufs_msgs/msg/stereo_image.hpp\n'}
[172.610556] (eufs_msgs) StdoutLine: {'line': b'-- Symlinking: /bristol_fsai_sim-docker/install/eufs_msgs/include/eufs_msgs/msg/system_status.hpp\n'}
[172.627778] (eufs_msgs) StdoutLine: {'line': b'-- Symlinking: /bristol_fsai_sim-docker/install/eufs_msgs/include/eufs_msgs/msg/topic_status.hpp\n'}
[172.639363] (-) TimerEvent: {}
[172.644767] (eufs_msgs) StdoutLine: {'line': b'-- Symlinking: /bristol_fsai_sim-docker/install/eufs_msgs/include/eufs_msgs/msg/vehicle_commands.hpp\n'}
[172.667474] (eufs_msgs) StdoutLine: {'line': b'-- Symlinking: /bristol_fsai_sim-docker/install/eufs_msgs/include/eufs_msgs/msg/vehicle_commands_stamped.hpp\n'}
[172.689739] (eufs_msgs) StdoutLine: {'line': b'-- Symlinking: /bristol_fsai_sim-docker/install/eufs_msgs/include/eufs_msgs/msg/waypoint.hpp\n'}
[172.707604] (eufs_msgs) StdoutLine: {'line': b'-- Symlinking: /bristol_fsai_sim-docker/install/eufs_msgs/include/eufs_msgs/msg/waypoint_array_stamped.hpp\n'}
[172.724500] (eufs_msgs) StdoutLine: {'line': b'-- Symlinking: /bristol_fsai_sim-docker/install/eufs_msgs/include/eufs_msgs/msg/wheel_odometry_err.hpp\n'}
[172.739501] (-) TimerEvent: {}
[172.740551] (eufs_msgs) StdoutLine: {'line': b'-- Symlinking: /bristol_fsai_sim-docker/install/eufs_msgs/include/eufs_msgs/msg/wheel_speeds.hpp\n'}
[172.762045] (eufs_msgs) StdoutLine: {'line': b'-- Symlinking: /bristol_fsai_sim-docker/install/eufs_msgs/include/eufs_msgs/msg/wheel_speeds_stamped.hpp\n'}
[172.784058] (eufs_msgs) StdoutLine: {'line': b'-- Symlinking: /bristol_fsai_sim-docker/install/eufs_msgs/include/eufs_msgs/srv/detail/get_map__builder.hpp\n'}
[172.805360] (eufs_msgs) StdoutLine: {'line': b'-- Symlinking: /bristol_fsai_sim-docker/install/eufs_msgs/include/eufs_msgs/srv/detail/get_map__struct.hpp\n'}
[172.822525] (eufs_msgs) StdoutLine: {'line': b'-- Symlinking: /bristol_fsai_sim-docker/install/eufs_msgs/include/eufs_msgs/srv/detail/get_map__traits.hpp\n'}
[172.838732] (eufs_msgs) StdoutLine: {'line': b'-- Symlinking: /bristol_fsai_sim-docker/install/eufs_msgs/include/eufs_msgs/srv/detail/record_start__builder.hpp\n'}
[172.839580] (-) TimerEvent: {}
[172.856115] (eufs_msgs) StdoutLine: {'line': b'-- Symlinking: /bristol_fsai_sim-docker/install/eufs_msgs/include/eufs_msgs/srv/detail/record_start__struct.hpp\n'}
[172.878331] (eufs_msgs) StdoutLine: {'line': b'-- Symlinking: /bristol_fsai_sim-docker/install/eufs_msgs/include/eufs_msgs/srv/detail/record_start__traits.hpp\n'}
[172.901099] (eufs_msgs) StdoutLine: {'line': b'-- Symlinking: /bristol_fsai_sim-docker/install/eufs_msgs/include/eufs_msgs/srv/detail/record_stop__builder.hpp\n'}
[172.919413] (eufs_msgs) StdoutLine: {'line': b'-- Symlinking: /bristol_fsai_sim-docker/install/eufs_msgs/include/eufs_msgs/srv/detail/record_stop__struct.hpp\n'}
[172.936700] (eufs_msgs) StdoutLine: {'line': b'-- Symlinking: /bristol_fsai_sim-docker/install/eufs_msgs/include/eufs_msgs/srv/detail/record_stop__traits.hpp\n'}
[172.939692] (-) TimerEvent: {}
[172.957406] (eufs_msgs) StdoutLine: {'line': b'-- Symlinking: /bristol_fsai_sim-docker/install/eufs_msgs/include/eufs_msgs/srv/detail/register__builder.hpp\n'}
[172.980017] (eufs_msgs) StdoutLine: {'line': b'-- Symlinking: /bristol_fsai_sim-docker/install/eufs_msgs/include/eufs_msgs/srv/detail/register__struct.hpp\n'}
[173.000995] (eufs_msgs) StdoutLine: {'line': b'-- Symlinking: /bristol_fsai_sim-docker/install/eufs_msgs/include/eufs_msgs/srv/detail/register__traits.hpp\n'}
[173.018668] (eufs_msgs) StdoutLine: {'line': b'-- Symlinking: /bristol_fsai_sim-docker/install/eufs_msgs/include/eufs_msgs/srv/detail/set_can_state__builder.hpp\n'}
[173.036399] (eufs_msgs) StdoutLine: {'line': b'-- Symlinking: /bristol_fsai_sim-docker/install/eufs_msgs/include/eufs_msgs/srv/detail/set_can_state__struct.hpp\n'}
[173.039798] (-) TimerEvent: {}
[173.056709] (eufs_msgs) StdoutLine: {'line': b'-- Symlinking: /bristol_fsai_sim-docker/install/eufs_msgs/include/eufs_msgs/srv/detail/set_can_state__traits.hpp\n'}
[173.079047] (eufs_msgs) StdoutLine: {'line': b'-- Symlinking: /bristol_fsai_sim-docker/install/eufs_msgs/include/eufs_msgs/srv/detail/set_mission__builder.hpp\n'}
[173.101806] (eufs_msgs) StdoutLine: {'line': b'-- Symlinking: /bristol_fsai_sim-docker/install/eufs_msgs/include/eufs_msgs/srv/detail/set_mission__struct.hpp\n'}
[173.119798] (eufs_msgs) StdoutLine: {'line': b'-- Symlinking: /bristol_fsai_sim-docker/install/eufs_msgs/include/eufs_msgs/srv/detail/set_mission__traits.hpp\n'}
[173.136600] (eufs_msgs) StdoutLine: {'line': b'-- Symlinking: /bristol_fsai_sim-docker/install/eufs_msgs/include/eufs_msgs/srv/detail/set_string__builder.hpp\n'}
[173.139925] (-) TimerEvent: {}
[173.158569] (eufs_msgs) StdoutLine: {'line': b'-- Symlinking: /bristol_fsai_sim-docker/install/eufs_msgs/include/eufs_msgs/srv/detail/set_string__struct.hpp\n'}
[173.180045] (eufs_msgs) StdoutLine: {'line': b'-- Symlinking: /bristol_fsai_sim-docker/install/eufs_msgs/include/eufs_msgs/srv/detail/set_string__traits.hpp\n'}
[173.203344] (eufs_msgs) StdoutLine: {'line': b'-- Symlinking: /bristol_fsai_sim-docker/install/eufs_msgs/include/eufs_msgs/srv/detail/set_track__builder.hpp\n'}
[173.221440] (eufs_msgs) StdoutLine: {'line': b'-- Symlinking: /bristol_fsai_sim-docker/install/eufs_msgs/include/eufs_msgs/srv/detail/set_track__struct.hpp\n'}
[173.237803] (eufs_msgs) StdoutLine: {'line': b'-- Symlinking: /bristol_fsai_sim-docker/install/eufs_msgs/include/eufs_msgs/srv/detail/set_track__traits.hpp\n'}
[173.240006] (-) TimerEvent: {}
[173.258472] (eufs_msgs) StdoutLine: {'line': b'-- Symlinking: /bristol_fsai_sim-docker/install/eufs_msgs/include/eufs_msgs/srv/get_map.hpp\n'}
[173.279727] (eufs_msgs) StdoutLine: {'line': b'-- Symlinking: /bristol_fsai_sim-docker/install/eufs_msgs/include/eufs_msgs/srv/record_start.hpp\n'}
[173.300750] (eufs_msgs) StdoutLine: {'line': b'-- Symlinking: /bristol_fsai_sim-docker/install/eufs_msgs/include/eufs_msgs/srv/record_stop.hpp\n'}
[173.319191] (eufs_msgs) StdoutLine: {'line': b'-- Symlinking: /bristol_fsai_sim-docker/install/eufs_msgs/include/eufs_msgs/srv/register.hpp\n'}
[173.336146] (eufs_msgs) StdoutLine: {'line': b'-- Symlinking: /bristol_fsai_sim-docker/install/eufs_msgs/include/eufs_msgs/srv/set_can_state.hpp\n'}
[173.340125] (-) TimerEvent: {}
[173.355173] (eufs_msgs) StdoutLine: {'line': b'-- Symlinking: /bristol_fsai_sim-docker/install/eufs_msgs/include/eufs_msgs/srv/set_mission.hpp\n'}
[173.378342] (eufs_msgs) StdoutLine: {'line': b'-- Symlinking: /bristol_fsai_sim-docker/install/eufs_msgs/include/eufs_msgs/srv/set_string.hpp\n'}
[173.399976] (eufs_msgs) StdoutLine: {'line': b'-- Symlinking: /bristol_fsai_sim-docker/install/eufs_msgs/include/eufs_msgs/srv/set_track.hpp\n'}
[173.420846] (eufs_msgs) StdoutLine: {'line': b'-- Symlinking: /bristol_fsai_sim-docker/install/eufs_msgs/include/eufs_msgs/action/detail/check_for_objects__rosidl_typesupport_introspection_cpp.hpp\n'}
[173.438395] (eufs_msgs) StdoutLine: {'line': b'-- Symlinking: /bristol_fsai_sim-docker/install/eufs_msgs/include/eufs_msgs/msg/detail/bounding_box__rosidl_typesupport_introspection_cpp.hpp\n'}
[173.440209] (-) TimerEvent: {}
[173.458626] (eufs_msgs) StdoutLine: {'line': b'-- Symlinking: /bristol_fsai_sim-docker/install/eufs_msgs/include/eufs_msgs/msg/detail/bounding_boxes__rosidl_typesupport_introspection_cpp.hpp\n'}
[173.482988] (eufs_msgs) StdoutLine: {'line': b'-- Symlinking: /bristol_fsai_sim-docker/install/eufs_msgs/include/eufs_msgs/msg/detail/can_state__rosidl_typesupport_introspection_cpp.hpp\n'}
[173.502237] (eufs_msgs) StdoutLine: {'line': b'-- Symlinking: /bristol_fsai_sim-docker/install/eufs_msgs/include/eufs_msgs/msg/detail/car_forces__rosidl_typesupport_introspection_cpp.hpp\n'}
[173.520941] (eufs_msgs) StdoutLine: {'line': b'-- Symlinking: /bristol_fsai_sim-docker/install/eufs_msgs/include/eufs_msgs/msg/detail/car_state__rosidl_typesupport_introspection_cpp.hpp\n'}
[173.538862] (eufs_msgs) StdoutLine: {'line': b'-- Symlinking: /bristol_fsai_sim-docker/install/eufs_msgs/include/eufs_msgs/msg/detail/chassis_command__rosidl_typesupport_introspection_cpp.hpp\n'}
[173.540306] (-) TimerEvent: {}
[173.555993] (eufs_msgs) StdoutLine: {'line': b'-- Symlinking: /bristol_fsai_sim-docker/install/eufs_msgs/include/eufs_msgs/msg/detail/chassis_state__rosidl_typesupport_introspection_cpp.hpp\n'}
[173.578143] (eufs_msgs) StdoutLine: {'line': b'-- Symlinking: /bristol_fsai_sim-docker/install/eufs_msgs/include/eufs_msgs/msg/detail/cone_array__rosidl_typesupport_introspection_cpp.hpp\n'}
[173.601338] (eufs_msgs) StdoutLine: {'line': b'-- Symlinking: /bristol_fsai_sim-docker/install/eufs_msgs/include/eufs_msgs/msg/detail/cone_array_with_covariance__rosidl_typesupport_introspection_cpp.hpp\n'}
[173.620101] (eufs_msgs) StdoutLine: {'line': b'-- Symlinking: /bristol_fsai_sim-docker/install/eufs_msgs/include/eufs_msgs/msg/detail/cone_array_with_covariance_plus__rosidl_typesupport_introspection_cpp.hpp\n'}
[173.637225] (eufs_msgs) StdoutLine: {'line': b'-- Symlinking: /bristol_fsai_sim-docker/install/eufs_msgs/include/eufs_msgs/msg/detail/cone_association__rosidl_typesupport_introspection_cpp.hpp\n'}
[173.640414] (-) TimerEvent: {}
[173.657383] (eufs_msgs) StdoutLine: {'line': b'-- Symlinking: /bristol_fsai_sim-docker/install/eufs_msgs/include/eufs_msgs/msg/detail/cone_association_array__rosidl_typesupport_introspection_cpp.hpp\n'}
[173.682547] (eufs_msgs) StdoutLine: {'line': b'-- Symlinking: /bristol_fsai_sim-docker/install/eufs_msgs/include/eufs_msgs/msg/detail/cone_association_array_array_stamped__rosidl_typesupport_introspection_cpp.hpp\n'}
[173.705353] (eufs_msgs) StdoutLine: {'line': b'-- Symlinking: /bristol_fsai_sim-docker/install/eufs_msgs/include/eufs_msgs/msg/detail/cone_association_array_stamped__rosidl_typesupport_introspection_cpp.hpp\n'}
[173.722991] (eufs_msgs) StdoutLine: {'line': b'-- Symlinking: /bristol_fsai_sim-docker/install/eufs_msgs/include/eufs_msgs/msg/detail/cone_with_covariance__rosidl_typesupport_introspection_cpp.hpp\n'}
[173.739525] (eufs_msgs) StdoutLine: {'line': b'-- Symlinking: /bristol_fsai_sim-docker/install/eufs_msgs/include/eufs_msgs/msg/detail/cone_with_covariance_plus__rosidl_typesupport_introspection_cpp.hpp\n'}
[173.740525] (-) TimerEvent: {}
[173.759386] (eufs_msgs) StdoutLine: {'line': b'-- Symlinking: /bristol_fsai_sim-docker/install/eufs_msgs/include/eufs_msgs/msg/detail/costmap__rosidl_typesupport_introspection_cpp.hpp\n'}
[173.784390] (eufs_msgs) StdoutLine: {'line': b'-- Symlinking: /bristol_fsai_sim-docker/install/eufs_msgs/include/eufs_msgs/msg/detail/cpu_status__rosidl_typesupport_introspection_cpp.hpp\n'}
[173.801765] (eufs_msgs) StdoutLine: {'line': b'-- Symlinking: /bristol_fsai_sim-docker/install/eufs_msgs/include/eufs_msgs/msg/detail/cpu_usage__rosidl_typesupport_introspection_cpp.hpp\n'}
[173.820283] (eufs_msgs) StdoutLine: {'line': b'-- Symlinking: /bristol_fsai_sim-docker/install/eufs_msgs/include/eufs_msgs/msg/detail/ekf_err__rosidl_typesupport_introspection_cpp.hpp\n'}
[173.837778] (eufs_msgs) StdoutLine: {'line': b'-- Symlinking: /bristol_fsai_sim-docker/install/eufs_msgs/include/eufs_msgs/msg/detail/ekf_state__rosidl_typesupport_introspection_cpp.hpp\n'}
[173.840632] (-) TimerEvent: {}
[173.857507] (eufs_msgs) StdoutLine: {'line': b'-- Symlinking: /bristol_fsai_sim-docker/install/eufs_msgs/include/eufs_msgs/msg/detail/full_state__rosidl_typesupport_introspection_cpp.hpp\n'}
[173.879788] (eufs_msgs) StdoutLine: {'line': b'-- Symlinking: /bristol_fsai_sim-docker/install/eufs_msgs/include/eufs_msgs/msg/detail/heartbeat__rosidl_typesupport_introspection_cpp.hpp\n'}
[173.903085] (eufs_msgs) StdoutLine: {'line': b'-- Symlinking: /bristol_fsai_sim-docker/install/eufs_msgs/include/eufs_msgs/msg/detail/integration_err__rosidl_typesupport_introspection_cpp.hpp\n'}
[173.920713] (eufs_msgs) StdoutLine: {'line': b'-- Symlinking: /bristol_fsai_sim-docker/install/eufs_msgs/include/eufs_msgs/msg/detail/lap_stats__rosidl_typesupport_introspection_cpp.hpp\n'}
[173.937575] (eufs_msgs) StdoutLine: {'line': b'-- Symlinking: /bristol_fsai_sim-docker/install/eufs_msgs/include/eufs_msgs/msg/detail/mpc_state__rosidl_typesupport_introspection_cpp.hpp\n'}
[173.940751] (-) TimerEvent: {}
[173.959439] (eufs_msgs) StdoutLine: {'line': b'-- Symlinking: /bristol_fsai_sim-docker/install/eufs_msgs/include/eufs_msgs/msg/detail/node_state__rosidl_typesupport_introspection_cpp.hpp\n'}
[173.981043] (eufs_msgs) StdoutLine: {'line': b'-- Symlinking: /bristol_fsai_sim-docker/install/eufs_msgs/include/eufs_msgs/msg/detail/node_state_array__rosidl_typesupport_introspection_cpp.hpp\n'}
[174.003599] (eufs_msgs) StdoutLine: {'line': b'-- Symlinking: /bristol_fsai_sim-docker/install/eufs_msgs/include/eufs_msgs/msg/detail/oss__rosidl_typesupport_introspection_cpp.hpp\n'}
[174.021899] (eufs_msgs) StdoutLine: {'line': b'-- Symlinking: /bristol_fsai_sim-docker/install/eufs_msgs/include/eufs_msgs/msg/detail/particle__rosidl_typesupport_introspection_cpp.hpp\n'}
[174.038974] (eufs_msgs) StdoutLine: {'line': b'-- Symlinking: /bristol_fsai_sim-docker/install/eufs_msgs/include/eufs_msgs/msg/detail/particle_slam__rosidl_typesupport_introspection_cpp.hpp\n'}
[174.040862] (-) TimerEvent: {}
[174.060070] (eufs_msgs) StdoutLine: {'line': b'-- Symlinking: /bristol_fsai_sim-docker/install/eufs_msgs/include/eufs_msgs/msg/detail/particle_slam_stamped__rosidl_typesupport_introspection_cpp.hpp\n'}
[174.082733] (eufs_msgs) StdoutLine: {'line': b'-- Symlinking: /bristol_fsai_sim-docker/install/eufs_msgs/include/eufs_msgs/msg/detail/particle_stamped__rosidl_typesupport_introspection_cpp.hpp\n'}
[174.105753] (eufs_msgs) StdoutLine: {'line': b'-- Symlinking: /bristol_fsai_sim-docker/install/eufs_msgs/include/eufs_msgs/msg/detail/path_integral_params__rosidl_typesupport_introspection_cpp.hpp\n'}
[174.128119] (eufs_msgs) StdoutLine: {'line': b'-- Symlinking: /bristol_fsai_sim-docker/install/eufs_msgs/include/eufs_msgs/msg/detail/path_integral_stats__rosidl_typesupport_introspection_cpp.hpp\n'}
[174.141015] (-) TimerEvent: {}
[174.145239] (eufs_msgs) StdoutLine: {'line': b'-- Symlinking: /bristol_fsai_sim-docker/install/eufs_msgs/include/eufs_msgs/msg/detail/path_integral_status__rosidl_typesupport_introspection_cpp.hpp\n'}
[174.166755] (eufs_msgs) StdoutLine: {'line': b'-- Symlinking: /bristol_fsai_sim-docker/install/eufs_msgs/include/eufs_msgs/msg/detail/path_integral_timing__rosidl_typesupport_introspection_cpp.hpp\n'}
[174.190250] (eufs_msgs) StdoutLine: {'line': b'-- Symlinking: /bristol_fsai_sim-docker/install/eufs_msgs/include/eufs_msgs/msg/detail/planning_mode__rosidl_typesupport_introspection_cpp.hpp\n'}
[174.208826] (eufs_msgs) StdoutLine: {'line': b'-- Symlinking: /bristol_fsai_sim-docker/install/eufs_msgs/include/eufs_msgs/msg/detail/point_array__rosidl_typesupport_introspection_cpp.hpp\n'}
[174.225687] (eufs_msgs) StdoutLine: {'line': b'-- Symlinking: /bristol_fsai_sim-docker/install/eufs_msgs/include/eufs_msgs/msg/detail/point_array_stamped__rosidl_typesupport_introspection_cpp.hpp\n'}
[174.241249] (-) TimerEvent: {}
[174.242720] (eufs_msgs) StdoutLine: {'line': b'-- Symlinking: /bristol_fsai_sim-docker/install/eufs_msgs/include/eufs_msgs/msg/detail/pure_pursuit_checkpoint__rosidl_typesupport_introspection_cpp.hpp\n'}
[174.263442] (eufs_msgs) StdoutLine: {'line': b'-- Symlinking: /bristol_fsai_sim-docker/install/eufs_msgs/include/eufs_msgs/msg/detail/pure_pursuit_checkpoint_array_stamped__rosidl_typesupport_introspection_cpp.hpp\n'}
[174.285655] (eufs_msgs) StdoutLine: {'line': b'-- Symlinking: /bristol_fsai_sim-docker/install/eufs_msgs/include/eufs_msgs/msg/detail/runstop__rosidl_typesupport_introspection_cpp.hpp\n'}
[174.305455] (eufs_msgs) StdoutLine: {'line': b'-- Symlinking: /bristol_fsai_sim-docker/install/eufs_msgs/include/eufs_msgs/msg/detail/slam_err__rosidl_typesupport_introspection_cpp.hpp\n'}
[174.322407] (eufs_msgs) StdoutLine: {'line': b'-- Symlinking: /bristol_fsai_sim-docker/install/eufs_msgs/include/eufs_msgs/msg/detail/slam_state__rosidl_typesupport_introspection_cpp.hpp\n'}
[174.339386] (eufs_msgs) StdoutLine: {'line': b'-- Symlinking: /bristol_fsai_sim-docker/install/eufs_msgs/include/eufs_msgs/msg/detail/state_machine_state__rosidl_typesupport_introspection_cpp.hpp\n'}
[174.341331] (-) TimerEvent: {}
[174.357113] (eufs_msgs) StdoutLine: {'line': b'-- Symlinking: /bristol_fsai_sim-docker/install/eufs_msgs/include/eufs_msgs/msg/detail/stereo_image__rosidl_typesupport_introspection_cpp.hpp\n'}
[174.380525] (eufs_msgs) StdoutLine: {'line': b'-- Symlinking: /bristol_fsai_sim-docker/install/eufs_msgs/include/eufs_msgs/msg/detail/system_status__rosidl_typesupport_introspection_cpp.hpp\n'}
[174.402886] (eufs_msgs) StdoutLine: {'line': b'-- Symlinking: /bristol_fsai_sim-docker/install/eufs_msgs/include/eufs_msgs/msg/detail/topic_status__rosidl_typesupport_introspection_cpp.hpp\n'}
[174.420849] (eufs_msgs) StdoutLine: {'line': b'-- Symlinking: /bristol_fsai_sim-docker/install/eufs_msgs/include/eufs_msgs/msg/detail/vehicle_commands__rosidl_typesupport_introspection_cpp.hpp\n'}
[174.438626] (eufs_msgs) StdoutLine: {'line': b'-- Symlinking: /bristol_fsai_sim-docker/install/eufs_msgs/include/eufs_msgs/msg/detail/vehicle_commands_stamped__rosidl_typesupport_introspection_cpp.hpp\n'}
[174.441491] (-) TimerEvent: {}
[174.460433] (eufs_msgs) StdoutLine: {'line': b'-- Symlinking: /bristol_fsai_sim-docker/install/eufs_msgs/include/eufs_msgs/msg/detail/waypoint__rosidl_typesupport_introspection_cpp.hpp\n'}
[174.480355] (eufs_msgs) StdoutLine: {'line': b'-- Symlinking: /bristol_fsai_sim-docker/install/eufs_msgs/include/eufs_msgs/msg/detail/waypoint_array_stamped__rosidl_typesupport_introspection_cpp.hpp\n'}
[174.501091] (eufs_msgs) StdoutLine: {'line': b'-- Symlinking: /bristol_fsai_sim-docker/install/eufs_msgs/include/eufs_msgs/msg/detail/wheel_odometry_err__rosidl_typesupport_introspection_cpp.hpp\n'}
[174.520010] (eufs_msgs) StdoutLine: {'line': b'-- Symlinking: /bristol_fsai_sim-docker/install/eufs_msgs/include/eufs_msgs/msg/detail/wheel_speeds__rosidl_typesupport_introspection_cpp.hpp\n'}
[174.538644] (eufs_msgs) StdoutLine: {'line': b'-- Symlinking: /bristol_fsai_sim-docker/install/eufs_msgs/include/eufs_msgs/msg/detail/wheel_speeds_stamped__rosidl_typesupport_introspection_cpp.hpp\n'}
[174.541679] (-) TimerEvent: {}
[174.559578] (eufs_msgs) StdoutLine: {'line': b'-- Symlinking: /bristol_fsai_sim-docker/install/eufs_msgs/include/eufs_msgs/srv/detail/get_map__rosidl_typesupport_introspection_cpp.hpp\n'}
[174.585020] (eufs_msgs) StdoutLine: {'line': b'-- Symlinking: /bristol_fsai_sim-docker/install/eufs_msgs/include/eufs_msgs/srv/detail/record_start__rosidl_typesupport_introspection_cpp.hpp\n'}
[174.605434] (eufs_msgs) StdoutLine: {'line': b'-- Symlinking: /bristol_fsai_sim-docker/install/eufs_msgs/include/eufs_msgs/srv/detail/record_stop__rosidl_typesupport_introspection_cpp.hpp\n'}
[174.623529] (eufs_msgs) StdoutLine: {'line': b'-- Symlinking: /bristol_fsai_sim-docker/install/eufs_msgs/include/eufs_msgs/srv/detail/register__rosidl_typesupport_introspection_cpp.hpp\n'}
[174.640959] (eufs_msgs) StdoutLine: {'line': b'-- Symlinking: /bristol_fsai_sim-docker/install/eufs_msgs/include/eufs_msgs/srv/detail/set_can_state__rosidl_typesupport_introspection_cpp.hpp\n'}
[174.641803] (-) TimerEvent: {}
[174.660517] (eufs_msgs) StdoutLine: {'line': b'-- Symlinking: /bristol_fsai_sim-docker/install/eufs_msgs/include/eufs_msgs/srv/detail/set_mission__rosidl_typesupport_introspection_cpp.hpp\n'}
[174.682117] (eufs_msgs) StdoutLine: {'line': b'-- Symlinking: /bristol_fsai_sim-docker/install/eufs_msgs/include/eufs_msgs/srv/detail/set_string__rosidl_typesupport_introspection_cpp.hpp\n'}
[174.705819] (eufs_msgs) StdoutLine: {'line': b'-- Symlinking: /bristol_fsai_sim-docker/install/eufs_msgs/include/eufs_msgs/srv/detail/set_track__rosidl_typesupport_introspection_cpp.hpp\n'}
[174.723897] (eufs_msgs) StdoutLine: {'line': b'-- Symlinking: /bristol_fsai_sim-docker/install/eufs_msgs/share/eufs_msgs/environment/pythonpath.sh\n'}
[174.741494] (eufs_msgs) StdoutLine: {'line': b'-- Symlinking: /bristol_fsai_sim-docker/install/eufs_msgs/share/eufs_msgs/environment/pythonpath.dsv\n'}
[174.741880] (-) TimerEvent: {}
[174.763513] (eufs_msgs) StdoutLine: {'line': b'-- Symlinking: /bristol_fsai_sim-docker/install/eufs_msgs/lib/python3.8/site-packages/eufs_msgs/__init__.py\n'}
[174.786717] (eufs_msgs) StdoutLine: {'line': b'-- Symlinking: /bristol_fsai_sim-docker/install/eufs_msgs/lib/python3.8/site-packages/eufs_msgs/msg/__init__.py\n'}
[174.806973] (eufs_msgs) StdoutLine: {'line': b'-- Symlinking: /bristol_fsai_sim-docker/install/eufs_msgs/lib/python3.8/site-packages/eufs_msgs/msg/_bounding_box.py\n'}
[174.824896] (eufs_msgs) StdoutLine: {'line': b'-- Symlinking: /bristol_fsai_sim-docker/install/eufs_msgs/lib/python3.8/site-packages/eufs_msgs/msg/_bounding_boxes.py\n'}
[174.841585] (eufs_msgs) StdoutLine: {'line': b'-- Symlinking: /bristol_fsai_sim-docker/install/eufs_msgs/lib/python3.8/site-packages/eufs_msgs/msg/_can_state.py\n'}
[174.841963] (-) TimerEvent: {}
[174.861361] (eufs_msgs) StdoutLine: {'line': b'-- Symlinking: /bristol_fsai_sim-docker/install/eufs_msgs/lib/python3.8/site-packages/eufs_msgs/msg/_car_forces.py\n'}
[174.886253] (eufs_msgs) StdoutLine: {'line': b'-- Symlinking: /bristol_fsai_sim-docker/install/eufs_msgs/lib/python3.8/site-packages/eufs_msgs/msg/_car_state.py\n'}
[174.903985] (eufs_msgs) StdoutLine: {'line': b'-- Symlinking: /bristol_fsai_sim-docker/install/eufs_msgs/lib/python3.8/site-packages/eufs_msgs/msg/_chassis_command.py\n'}
[174.921432] (eufs_msgs) StdoutLine: {'line': b'-- Symlinking: /bristol_fsai_sim-docker/install/eufs_msgs/lib/python3.8/site-packages/eufs_msgs/msg/_chassis_state.py\n'}
[174.938179] (eufs_msgs) StdoutLine: {'line': b'-- Symlinking: /bristol_fsai_sim-docker/install/eufs_msgs/lib/python3.8/site-packages/eufs_msgs/msg/_cone_array.py\n'}
[174.942097] (-) TimerEvent: {}
[174.958365] (eufs_msgs) StdoutLine: {'line': b'-- Symlinking: /bristol_fsai_sim-docker/install/eufs_msgs/lib/python3.8/site-packages/eufs_msgs/msg/_cone_array_with_covariance.py\n'}
[174.980503] (eufs_msgs) StdoutLine: {'line': b'-- Symlinking: /bristol_fsai_sim-docker/install/eufs_msgs/lib/python3.8/site-packages/eufs_msgs/msg/_cone_array_with_covariance_plus.py\n'}
[175.002224] (eufs_msgs) StdoutLine: {'line': b'-- Symlinking: /bristol_fsai_sim-docker/install/eufs_msgs/lib/python3.8/site-packages/eufs_msgs/msg/_cone_association.py\n'}
[175.020583] (eufs_msgs) StdoutLine: {'line': b'-- Symlinking: /bristol_fsai_sim-docker/install/eufs_msgs/lib/python3.8/site-packages/eufs_msgs/msg/_cone_association_array.py\n'}
[175.038389] (eufs_msgs) StdoutLine: {'line': b'-- Symlinking: /bristol_fsai_sim-docker/install/eufs_msgs/lib/python3.8/site-packages/eufs_msgs/msg/_cone_association_array_array_stamped.py\n'}
[175.042279] (-) TimerEvent: {}
[175.059742] (eufs_msgs) StdoutLine: {'line': b'-- Symlinking: /bristol_fsai_sim-docker/install/eufs_msgs/lib/python3.8/site-packages/eufs_msgs/msg/_cone_association_array_stamped.py\n'}
[175.081472] (eufs_msgs) StdoutLine: {'line': b'-- Symlinking: /bristol_fsai_sim-docker/install/eufs_msgs/lib/python3.8/site-packages/eufs_msgs/msg/_cone_with_covariance.py\n'}
[175.101619] (eufs_msgs) StdoutLine: {'line': b'-- Symlinking: /bristol_fsai_sim-docker/install/eufs_msgs/lib/python3.8/site-packages/eufs_msgs/msg/_cone_with_covariance_plus.py\n'}
[175.120193] (eufs_msgs) StdoutLine: {'line': b'-- Symlinking: /bristol_fsai_sim-docker/install/eufs_msgs/lib/python3.8/site-packages/eufs_msgs/msg/_costmap.py\n'}
[175.137472] (eufs_msgs) StdoutLine: {'line': b'-- Symlinking: /bristol_fsai_sim-docker/install/eufs_msgs/lib/python3.8/site-packages/eufs_msgs/msg/_cpu_status.py\n'}
[175.142427] (-) TimerEvent: {}
[175.159809] (eufs_msgs) StdoutLine: {'line': b'-- Symlinking: /bristol_fsai_sim-docker/install/eufs_msgs/lib/python3.8/site-packages/eufs_msgs/msg/_cpu_usage.py\n'}
[175.182215] (eufs_msgs) StdoutLine: {'line': b'-- Symlinking: /bristol_fsai_sim-docker/install/eufs_msgs/lib/python3.8/site-packages/eufs_msgs/msg/_ekf_err.py\n'}
[175.205028] (eufs_msgs) StdoutLine: {'line': b'-- Symlinking: /bristol_fsai_sim-docker/install/eufs_msgs/lib/python3.8/site-packages/eufs_msgs/msg/_ekf_state.py\n'}
[175.223254] (eufs_msgs) StdoutLine: {'line': b'-- Symlinking: /bristol_fsai_sim-docker/install/eufs_msgs/lib/python3.8/site-packages/eufs_msgs/msg/_full_state.py\n'}
[175.239990] (eufs_msgs) StdoutLine: {'line': b'-- Symlinking: /bristol_fsai_sim-docker/install/eufs_msgs/lib/python3.8/site-packages/eufs_msgs/msg/_heartbeat.py\n'}
[175.242531] (-) TimerEvent: {}
[175.261417] (eufs_msgs) StdoutLine: {'line': b'-- Symlinking: /bristol_fsai_sim-docker/install/eufs_msgs/lib/python3.8/site-packages/eufs_msgs/msg/_integration_err.py\n'}
[175.284741] (eufs_msgs) StdoutLine: {'line': b'-- Symlinking: /bristol_fsai_sim-docker/install/eufs_msgs/lib/python3.8/site-packages/eufs_msgs/msg/_lap_stats.py\n'}
[175.304067] (eufs_msgs) StdoutLine: {'line': b'-- Symlinking: /bristol_fsai_sim-docker/install/eufs_msgs/lib/python3.8/site-packages/eufs_msgs/msg/_mpc_state.py\n'}
[175.321025] (eufs_msgs) StdoutLine: {'line': b'-- Symlinking: /bristol_fsai_sim-docker/install/eufs_msgs/lib/python3.8/site-packages/eufs_msgs/msg/_node_state.py\n'}
[175.337933] (eufs_msgs) StdoutLine: {'line': b'-- Symlinking: /bristol_fsai_sim-docker/install/eufs_msgs/lib/python3.8/site-packages/eufs_msgs/msg/_node_state_array.py\n'}
[175.342659] (-) TimerEvent: {}
[175.358365] (eufs_msgs) StdoutLine: {'line': b'-- Symlinking: /bristol_fsai_sim-docker/install/eufs_msgs/lib/python3.8/site-packages/eufs_msgs/msg/_oss.py\n'}
[175.379750] (eufs_msgs) StdoutLine: {'line': b'-- Symlinking: /bristol_fsai_sim-docker/install/eufs_msgs/lib/python3.8/site-packages/eufs_msgs/msg/_particle.py\n'}
[175.403576] (eufs_msgs) StdoutLine: {'line': b'-- Symlinking: /bristol_fsai_sim-docker/install/eufs_msgs/lib/python3.8/site-packages/eufs_msgs/msg/_particle_slam.py\n'}
[175.421668] (eufs_msgs) StdoutLine: {'line': b'-- Symlinking: /bristol_fsai_sim-docker/install/eufs_msgs/lib/python3.8/site-packages/eufs_msgs/msg/_particle_slam_stamped.py\n'}
[175.439399] (eufs_msgs) StdoutLine: {'line': b'-- Symlinking: /bristol_fsai_sim-docker/install/eufs_msgs/lib/python3.8/site-packages/eufs_msgs/msg/_particle_stamped.py\n'}
[175.442777] (-) TimerEvent: {}
[175.460612] (eufs_msgs) StdoutLine: {'line': b'-- Symlinking: /bristol_fsai_sim-docker/install/eufs_msgs/lib/python3.8/site-packages/eufs_msgs/msg/_path_integral_params.py\n'}
[175.482901] (eufs_msgs) StdoutLine: {'line': b'-- Symlinking: /bristol_fsai_sim-docker/install/eufs_msgs/lib/python3.8/site-packages/eufs_msgs/msg/_path_integral_stats.py\n'}
[175.503631] (eufs_msgs) StdoutLine: {'line': b'-- Symlinking: /bristol_fsai_sim-docker/install/eufs_msgs/lib/python3.8/site-packages/eufs_msgs/msg/_path_integral_status.py\n'}
[175.521194] (eufs_msgs) StdoutLine: {'line': b'-- Symlinking: /bristol_fsai_sim-docker/install/eufs_msgs/lib/python3.8/site-packages/eufs_msgs/msg/_path_integral_timing.py\n'}
[175.539135] (eufs_msgs) StdoutLine: {'line': b'-- Symlinking: /bristol_fsai_sim-docker/install/eufs_msgs/lib/python3.8/site-packages/eufs_msgs/msg/_planning_mode.py\n'}
[175.542909] (-) TimerEvent: {}
[175.559943] (eufs_msgs) StdoutLine: {'line': b'-- Symlinking: /bristol_fsai_sim-docker/install/eufs_msgs/lib/python3.8/site-packages/eufs_msgs/msg/_point_array.py\n'}
[175.581212] (eufs_msgs) StdoutLine: {'line': b'-- Symlinking: /bristol_fsai_sim-docker/install/eufs_msgs/lib/python3.8/site-packages/eufs_msgs/msg/_point_array_stamped.py\n'}
[175.602248] (eufs_msgs) StdoutLine: {'line': b'-- Symlinking: /bristol_fsai_sim-docker/install/eufs_msgs/lib/python3.8/site-packages/eufs_msgs/msg/_pure_pursuit_checkpoint.py\n'}
[175.621053] (eufs_msgs) StdoutLine: {'line': b'-- Symlinking: /bristol_fsai_sim-docker/install/eufs_msgs/lib/python3.8/site-packages/eufs_msgs/msg/_pure_pursuit_checkpoint_array_stamped.py\n'}
[175.638987] (eufs_msgs) StdoutLine: {'line': b'-- Symlinking: /bristol_fsai_sim-docker/install/eufs_msgs/lib/python3.8/site-packages/eufs_msgs/msg/_runstop.py\n'}
[175.643118] (-) TimerEvent: {}
[175.659373] (eufs_msgs) StdoutLine: {'line': b'-- Symlinking: /bristol_fsai_sim-docker/install/eufs_msgs/lib/python3.8/site-packages/eufs_msgs/msg/_slam_err.py\n'}
[175.680978] (eufs_msgs) StdoutLine: {'line': b'-- Symlinking: /bristol_fsai_sim-docker/install/eufs_msgs/lib/python3.8/site-packages/eufs_msgs/msg/_slam_state.py\n'}
[175.701978] (eufs_msgs) StdoutLine: {'line': b'-- Symlinking: /bristol_fsai_sim-docker/install/eufs_msgs/lib/python3.8/site-packages/eufs_msgs/msg/_state_machine_state.py\n'}
[175.720183] (eufs_msgs) StdoutLine: {'line': b'-- Symlinking: /bristol_fsai_sim-docker/install/eufs_msgs/lib/python3.8/site-packages/eufs_msgs/msg/_stereo_image.py\n'}
[175.737961] (eufs_msgs) StdoutLine: {'line': b'-- Symlinking: /bristol_fsai_sim-docker/install/eufs_msgs/lib/python3.8/site-packages/eufs_msgs/msg/_system_status.py\n'}
[175.743239] (-) TimerEvent: {}
[175.757161] (eufs_msgs) StdoutLine: {'line': b'-- Symlinking: /bristol_fsai_sim-docker/install/eufs_msgs/lib/python3.8/site-packages/eufs_msgs/msg/_topic_status.py\n'}
[175.778131] (eufs_msgs) StdoutLine: {'line': b'-- Symlinking: /bristol_fsai_sim-docker/install/eufs_msgs/lib/python3.8/site-packages/eufs_msgs/msg/_vehicle_commands.py\n'}
[175.800308] (eufs_msgs) StdoutLine: {'line': b'-- Symlinking: /bristol_fsai_sim-docker/install/eufs_msgs/lib/python3.8/site-packages/eufs_msgs/msg/_vehicle_commands_stamped.py\n'}
[175.817828] (eufs_msgs) StdoutLine: {'line': b'-- Symlinking: /bristol_fsai_sim-docker/install/eufs_msgs/lib/python3.8/site-packages/eufs_msgs/msg/_waypoint.py\n'}
[175.835042] (eufs_msgs) StdoutLine: {'line': b'-- Symlinking: /bristol_fsai_sim-docker/install/eufs_msgs/lib/python3.8/site-packages/eufs_msgs/msg/_waypoint_array_stamped.py\n'}
[175.843344] (-) TimerEvent: {}
[175.851625] (eufs_msgs) StdoutLine: {'line': b'-- Symlinking: /bristol_fsai_sim-docker/install/eufs_msgs/lib/python3.8/site-packages/eufs_msgs/msg/_wheel_odometry_err.py\n'}
[175.871741] (eufs_msgs) StdoutLine: {'line': b'-- Symlinking: /bristol_fsai_sim-docker/install/eufs_msgs/lib/python3.8/site-packages/eufs_msgs/msg/_wheel_speeds.py\n'}
[175.894125] (eufs_msgs) StdoutLine: {'line': b'-- Symlinking: /bristol_fsai_sim-docker/install/eufs_msgs/lib/python3.8/site-packages/eufs_msgs/msg/_wheel_speeds_stamped.py\n'}
[175.913559] (eufs_msgs) StdoutLine: {'line': b'-- Symlinking: /bristol_fsai_sim-docker/install/eufs_msgs/lib/python3.8/site-packages/eufs_msgs/action/__init__.py\n'}
[175.930468] (eufs_msgs) StdoutLine: {'line': b'-- Symlinking: /bristol_fsai_sim-docker/install/eufs_msgs/lib/python3.8/site-packages/eufs_msgs/action/_check_for_objects.py\n'}
[175.943475] (-) TimerEvent: {}
[175.948321] (eufs_msgs) StdoutLine: {'line': b'-- Symlinking: /bristol_fsai_sim-docker/install/eufs_msgs/lib/python3.8/site-packages/eufs_msgs/srv/__init__.py\n'}
[175.968963] (eufs_msgs) StdoutLine: {'line': b'-- Symlinking: /bristol_fsai_sim-docker/install/eufs_msgs/lib/python3.8/site-packages/eufs_msgs/srv/_get_map.py\n'}
[175.994406] (eufs_msgs) StdoutLine: {'line': b'-- Symlinking: /bristol_fsai_sim-docker/install/eufs_msgs/lib/python3.8/site-packages/eufs_msgs/srv/_record_start.py\n'}
[176.011463] (eufs_msgs) StdoutLine: {'line': b'-- Symlinking: /bristol_fsai_sim-docker/install/eufs_msgs/lib/python3.8/site-packages/eufs_msgs/srv/_record_stop.py\n'}
[176.029446] (eufs_msgs) StdoutLine: {'line': b'-- Symlinking: /bristol_fsai_sim-docker/install/eufs_msgs/lib/python3.8/site-packages/eufs_msgs/srv/_register.py\n'}
[176.043608] (-) TimerEvent: {}
[176.046573] (eufs_msgs) StdoutLine: {'line': b'-- Symlinking: /bristol_fsai_sim-docker/install/eufs_msgs/lib/python3.8/site-packages/eufs_msgs/srv/_set_can_state.py\n'}
[176.066248] (eufs_msgs) StdoutLine: {'line': b'-- Symlinking: /bristol_fsai_sim-docker/install/eufs_msgs/lib/python3.8/site-packages/eufs_msgs/srv/_set_mission.py\n'}
[176.090498] (eufs_msgs) StdoutLine: {'line': b'-- Symlinking: /bristol_fsai_sim-docker/install/eufs_msgs/lib/python3.8/site-packages/eufs_msgs/srv/_set_string.py\n'}
[176.111311] (eufs_msgs) StdoutLine: {'line': b'-- Symlinking: /bristol_fsai_sim-docker/install/eufs_msgs/lib/python3.8/site-packages/eufs_msgs/srv/_set_track.py\n'}
[176.130470] (eufs_msgs) StdoutLine: {'line': b'-- Symlinking: /bristol_fsai_sim-docker/install/eufs_msgs/lib/python3.8/site-packages/eufs_msgs/eufs_msgs_s__rosidl_typesupport_fastrtps_c.cpython-38-x86_64-linux-gnu.so\n'}
[176.143754] (-) TimerEvent: {}
[176.151757] (eufs_msgs) StdoutLine: {'line': b'-- Symlinking: /bristol_fsai_sim-docker/install/eufs_msgs/lib/python3.8/site-packages/eufs_msgs/eufs_msgs_s__rosidl_typesupport_introspection_c.cpython-38-x86_64-linux-gnu.so\n'}
[176.176992] (eufs_msgs) StdoutLine: {'line': b'-- Symlinking: /bristol_fsai_sim-docker/install/eufs_msgs/lib/python3.8/site-packages/eufs_msgs/eufs_msgs_s__rosidl_typesupport_c.cpython-38-x86_64-linux-gnu.so\n'}
[176.204275] (eufs_msgs) StdoutLine: {'line': b'-- Symlinking: /bristol_fsai_sim-docker/install/eufs_msgs/lib/libeufs_msgs__python.so\n'}
[176.227115] (eufs_msgs) StdoutLine: {'line': b'-- Symlinking: /bristol_fsai_sim-docker/install/eufs_msgs/share/eufs_msgs/msg/BoundingBox.idl\n'}
[176.243885] (-) TimerEvent: {}
[176.244710] (eufs_msgs) StdoutLine: {'line': b'-- Symlinking: /bristol_fsai_sim-docker/install/eufs_msgs/share/eufs_msgs/msg/BoundingBoxes.idl\n'}
[176.266740] (eufs_msgs) StdoutLine: {'line': b'-- Symlinking: /bristol_fsai_sim-docker/install/eufs_msgs/share/eufs_msgs/msg/CanState.idl\n'}
[176.290262] (eufs_msgs) StdoutLine: {'line': b'-- Symlinking: /bristol_fsai_sim-docker/install/eufs_msgs/share/eufs_msgs/msg/CarForces.idl\n'}
[176.309660] (eufs_msgs) StdoutLine: {'line': b'-- Symlinking: /bristol_fsai_sim-docker/install/eufs_msgs/share/eufs_msgs/msg/CarState.idl\n'}
[176.327405] (eufs_msgs) StdoutLine: {'line': b'-- Symlinking: /bristol_fsai_sim-docker/install/eufs_msgs/share/eufs_msgs/msg/ChassisCommand.idl\n'}
[176.344106] (-) TimerEvent: {}
[176.345424] (eufs_msgs) StdoutLine: {'line': b'-- Symlinking: /bristol_fsai_sim-docker/install/eufs_msgs/share/eufs_msgs/msg/ChassisState.idl\n'}
[176.366660] (eufs_msgs) StdoutLine: {'line': b'-- Symlinking: /bristol_fsai_sim-docker/install/eufs_msgs/share/eufs_msgs/msg/ConeArray.idl\n'}
[176.391364] (eufs_msgs) StdoutLine: {'line': b'-- Symlinking: /bristol_fsai_sim-docker/install/eufs_msgs/share/eufs_msgs/msg/ConeArrayWithCovariance.idl\n'}
[176.411002] (eufs_msgs) StdoutLine: {'line': b'-- Symlinking: /bristol_fsai_sim-docker/install/eufs_msgs/share/eufs_msgs/msg/ConeArrayWithCovariancePlus.idl\n'}
[176.428799] (eufs_msgs) StdoutLine: {'line': b'-- Symlinking: /bristol_fsai_sim-docker/install/eufs_msgs/share/eufs_msgs/msg/ConeWithCovariance.idl\n'}
[176.444339] (-) TimerEvent: {}
[176.446332] (eufs_msgs) StdoutLine: {'line': b'-- Symlinking: /bristol_fsai_sim-docker/install/eufs_msgs/share/eufs_msgs/msg/ConeWithCovariancePlus.idl\n'}
[176.468517] (eufs_msgs) StdoutLine: {'line': b'-- Symlinking: /bristol_fsai_sim-docker/install/eufs_msgs/share/eufs_msgs/msg/ConeAssociation.idl\n'}
[176.492515] (eufs_msgs) StdoutLine: {'line': b'-- Symlinking: /bristol_fsai_sim-docker/install/eufs_msgs/share/eufs_msgs/msg/ConeAssociationArray.idl\n'}
[176.514184] (eufs_msgs) StdoutLine: {'line': b'-- Symlinking: /bristol_fsai_sim-docker/install/eufs_msgs/share/eufs_msgs/msg/ConeAssociationArrayArrayStamped.idl\n'}
[176.533207] (eufs_msgs) StdoutLine: {'line': b'-- Symlinking: /bristol_fsai_sim-docker/install/eufs_msgs/share/eufs_msgs/msg/ConeAssociationArrayStamped.idl\n'}
[176.544464] (-) TimerEvent: {}
[176.551406] (eufs_msgs) StdoutLine: {'line': b'-- Symlinking: /bristol_fsai_sim-docker/install/eufs_msgs/share/eufs_msgs/msg/Costmap.idl\n'}
[176.574967] (eufs_msgs) StdoutLine: {'line': b'-- Symlinking: /bristol_fsai_sim-docker/install/eufs_msgs/share/eufs_msgs/msg/CpuStatus.idl\n'}
[176.598388] (eufs_msgs) StdoutLine: {'line': b'-- Symlinking: /bristol_fsai_sim-docker/install/eufs_msgs/share/eufs_msgs/msg/CpuUsage.idl\n'}
[176.621992] (eufs_msgs) StdoutLine: {'line': b'-- Symlinking: /bristol_fsai_sim-docker/install/eufs_msgs/share/eufs_msgs/msg/EKFErr.idl\n'}
[176.639263] (eufs_msgs) StdoutLine: {'line': b'-- Symlinking: /bristol_fsai_sim-docker/install/eufs_msgs/share/eufs_msgs/msg/EKFState.idl\n'}
[176.644584] (-) TimerEvent: {}
[176.659384] (eufs_msgs) StdoutLine: {'line': b'-- Symlinking: /bristol_fsai_sim-docker/install/eufs_msgs/share/eufs_msgs/msg/FullState.idl\n'}
[176.682804] (eufs_msgs) StdoutLine: {'line': b'-- Symlinking: /bristol_fsai_sim-docker/install/eufs_msgs/share/eufs_msgs/msg/Heartbeat.idl\n'}
[176.703112] (eufs_msgs) StdoutLine: {'line': b'-- Symlinking: /bristol_fsai_sim-docker/install/eufs_msgs/share/eufs_msgs/msg/IntegrationErr.idl\n'}
[176.721473] (eufs_msgs) StdoutLine: {'line': b'-- Symlinking: /bristol_fsai_sim-docker/install/eufs_msgs/share/eufs_msgs/msg/LapStats.idl\n'}
[176.739267] (eufs_msgs) StdoutLine: {'line': b'-- Symlinking: /bristol_fsai_sim-docker/install/eufs_msgs/share/eufs_msgs/msg/MPCState.idl\n'}
[176.744695] (-) TimerEvent: {}
[176.760923] (eufs_msgs) StdoutLine: {'line': b'-- Symlinking: /bristol_fsai_sim-docker/install/eufs_msgs/share/eufs_msgs/msg/NodeState.idl\n'}
[176.782209] (eufs_msgs) StdoutLine: {'line': b'-- Symlinking: /bristol_fsai_sim-docker/install/eufs_msgs/share/eufs_msgs/msg/NodeStateArray.idl\n'}
[176.804080] (eufs_msgs) StdoutLine: {'line': b'-- Symlinking: /bristol_fsai_sim-docker/install/eufs_msgs/share/eufs_msgs/msg/OSS.idl\n'}
[176.829763] (eufs_msgs) StdoutLine: {'line': b'-- Symlinking: /bristol_fsai_sim-docker/install/eufs_msgs/share/eufs_msgs/msg/Particle.idl\n'}
[176.844877] (-) TimerEvent: {}
[176.858968] (eufs_msgs) StdoutLine: {'line': b'-- Symlinking: /bristol_fsai_sim-docker/install/eufs_msgs/share/eufs_msgs/msg/ParticleSLAM.idl\n'}
[176.883841] (eufs_msgs) StdoutLine: {'line': b'-- Symlinking: /bristol_fsai_sim-docker/install/eufs_msgs/share/eufs_msgs/msg/ParticleSLAMStamped.idl\n'}
[176.908168] (eufs_msgs) StdoutLine: {'line': b'-- Symlinking: /bristol_fsai_sim-docker/install/eufs_msgs/share/eufs_msgs/msg/ParticleStamped.idl\n'}
[176.933325] (eufs_msgs) StdoutLine: {'line': b'-- Symlinking: /bristol_fsai_sim-docker/install/eufs_msgs/share/eufs_msgs/msg/PathIntegralParams.idl\n'}
[176.945023] (-) TimerEvent: {}
[176.952949] (eufs_msgs) StdoutLine: {'line': b'-- Symlinking: /bristol_fsai_sim-docker/install/eufs_msgs/share/eufs_msgs/msg/PathIntegralStats.idl\n'}
[176.976749] (eufs_msgs) StdoutLine: {'line': b'-- Symlinking: /bristol_fsai_sim-docker/install/eufs_msgs/share/eufs_msgs/msg/PathIntegralStatus.idl\n'}
[176.998901] (eufs_msgs) StdoutLine: {'line': b'-- Symlinking: /bristol_fsai_sim-docker/install/eufs_msgs/share/eufs_msgs/msg/PathIntegralTiming.idl\n'}
[177.016850] (eufs_msgs) StdoutLine: {'line': b'-- Symlinking: /bristol_fsai_sim-docker/install/eufs_msgs/share/eufs_msgs/msg/PlanningMode.idl\n'}
[177.035330] (eufs_msgs) StdoutLine: {'line': b'-- Symlinking: /bristol_fsai_sim-docker/install/eufs_msgs/share/eufs_msgs/msg/PointArray.idl\n'}
[177.045147] (-) TimerEvent: {}
[177.052948] (eufs_msgs) StdoutLine: {'line': b'-- Symlinking: /bristol_fsai_sim-docker/install/eufs_msgs/share/eufs_msgs/msg/PointArrayStamped.idl\n'}
[177.076535] (eufs_msgs) StdoutLine: {'line': b'-- Symlinking: /bristol_fsai_sim-docker/install/eufs_msgs/share/eufs_msgs/msg/PurePursuitCheckpoint.idl\n'}
[177.100091] (eufs_msgs) StdoutLine: {'line': b'-- Symlinking: /bristol_fsai_sim-docker/install/eufs_msgs/share/eufs_msgs/msg/PurePursuitCheckpointArrayStamped.idl\n'}
[177.118010] (eufs_msgs) StdoutLine: {'line': b'-- Symlinking: /bristol_fsai_sim-docker/install/eufs_msgs/share/eufs_msgs/msg/Runstop.idl\n'}
[177.135347] (eufs_msgs) StdoutLine: {'line': b'-- Symlinking: /bristol_fsai_sim-docker/install/eufs_msgs/share/eufs_msgs/msg/SLAMErr.idl\n'}
[177.145321] (-) TimerEvent: {}
[177.152124] (eufs_msgs) StdoutLine: {'line': b'-- Symlinking: /bristol_fsai_sim-docker/install/eufs_msgs/share/eufs_msgs/msg/SLAMState.idl\n'}
[177.174910] (eufs_msgs) StdoutLine: {'line': b'-- Symlinking: /bristol_fsai_sim-docker/install/eufs_msgs/share/eufs_msgs/msg/StateMachineState.idl\n'}
[177.199776] (eufs_msgs) StdoutLine: {'line': b'-- Symlinking: /bristol_fsai_sim-docker/install/eufs_msgs/share/eufs_msgs/msg/StereoImage.idl\n'}
[177.218401] (eufs_msgs) StdoutLine: {'line': b'-- Symlinking: /bristol_fsai_sim-docker/install/eufs_msgs/share/eufs_msgs/msg/SystemStatus.idl\n'}
[177.235777] (eufs_msgs) StdoutLine: {'line': b'-- Symlinking: /bristol_fsai_sim-docker/install/eufs_msgs/share/eufs_msgs/msg/TopicStatus.idl\n'}
[177.245431] (-) TimerEvent: {}
[177.253065] (eufs_msgs) StdoutLine: {'line': b'-- Symlinking: /bristol_fsai_sim-docker/install/eufs_msgs/share/eufs_msgs/msg/VehicleCommands.idl\n'}
[177.277660] (eufs_msgs) StdoutLine: {'line': b'-- Symlinking: /bristol_fsai_sim-docker/install/eufs_msgs/share/eufs_msgs/msg/VehicleCommandsStamped.idl\n'}
[177.299594] (eufs_msgs) StdoutLine: {'line': b'-- Symlinking: /bristol_fsai_sim-docker/install/eufs_msgs/share/eufs_msgs/msg/Waypoint.idl\n'}
[177.319058] (eufs_msgs) StdoutLine: {'line': b'-- Symlinking: /bristol_fsai_sim-docker/install/eufs_msgs/share/eufs_msgs/msg/WaypointArrayStamped.idl\n'}
[177.336401] (eufs_msgs) StdoutLine: {'line': b'-- Symlinking: /bristol_fsai_sim-docker/install/eufs_msgs/share/eufs_msgs/msg/WheelOdometryErr.idl\n'}
[177.345567] (-) TimerEvent: {}
[177.354223] (eufs_msgs) StdoutLine: {'line': b'-- Symlinking: /bristol_fsai_sim-docker/install/eufs_msgs/share/eufs_msgs/msg/WheelSpeeds.idl\n'}
[177.375736] (eufs_msgs) StdoutLine: {'line': b'-- Symlinking: /bristol_fsai_sim-docker/install/eufs_msgs/share/eufs_msgs/msg/WheelSpeedsStamped.idl\n'}
[177.399373] (eufs_msgs) StdoutLine: {'line': b'-- Symlinking: /bristol_fsai_sim-docker/install/eufs_msgs/share/eufs_msgs/action/CheckForObjects.idl\n'}
[177.424144] (eufs_msgs) StdoutLine: {'line': b'-- Symlinking: /bristol_fsai_sim-docker/install/eufs_msgs/share/eufs_msgs/srv/RecordStart.idl\n'}
[177.441107] (eufs_msgs) StdoutLine: {'line': b'-- Symlinking: /bristol_fsai_sim-docker/install/eufs_msgs/share/eufs_msgs/srv/RecordStop.idl\n'}
[177.445685] (-) TimerEvent: {}
[177.461219] (eufs_msgs) StdoutLine: {'line': b'-- Symlinking: /bristol_fsai_sim-docker/install/eufs_msgs/share/eufs_msgs/srv/Register.idl\n'}
[177.484510] (eufs_msgs) StdoutLine: {'line': b'-- Symlinking: /bristol_fsai_sim-docker/install/eufs_msgs/share/eufs_msgs/srv/SetCanState.idl\n'}
[177.505609] (eufs_msgs) StdoutLine: {'line': b'-- Symlinking: /bristol_fsai_sim-docker/install/eufs_msgs/share/eufs_msgs/srv/SetString.idl\n'}
[177.523633] (eufs_msgs) StdoutLine: {'line': b'-- Symlinking: /bristol_fsai_sim-docker/install/eufs_msgs/share/eufs_msgs/srv/SetTrack.idl\n'}
[177.544207] (eufs_msgs) StdoutLine: {'line': b'-- Symlinking: /bristol_fsai_sim-docker/install/eufs_msgs/share/eufs_msgs/srv/SetMission.idl\n'}
[177.545777] (-) TimerEvent: {}
[177.564222] (eufs_msgs) StdoutLine: {'line': b'-- Symlinking: /bristol_fsai_sim-docker/install/eufs_msgs/share/eufs_msgs/srv/GetMap.idl\n'}
[177.586644] (eufs_msgs) StdoutLine: {'line': b'-- Symlinking: /bristol_fsai_sim-docker/install/eufs_msgs/share/eufs_msgs/msg/BoundingBox.msg\n'}
[177.607615] (eufs_msgs) StdoutLine: {'line': b'-- Symlinking: /bristol_fsai_sim-docker/install/eufs_msgs/share/eufs_msgs/msg/BoundingBoxes.msg\n'}
[177.627348] (eufs_msgs) StdoutLine: {'line': b'-- Symlinking: /bristol_fsai_sim-docker/install/eufs_msgs/share/eufs_msgs/msg/CanState.msg\n'}
[177.644783] (eufs_msgs) StdoutLine: {'line': b'-- Symlinking: /bristol_fsai_sim-docker/install/eufs_msgs/share/eufs_msgs/msg/CarForces.msg\n'}
[177.645875] (-) TimerEvent: {}
[177.665260] (eufs_msgs) StdoutLine: {'line': b'-- Symlinking: /bristol_fsai_sim-docker/install/eufs_msgs/share/eufs_msgs/msg/CarState.msg\n'}
[177.686736] (eufs_msgs) StdoutLine: {'line': b'-- Symlinking: /bristol_fsai_sim-docker/install/eufs_msgs/share/eufs_msgs/msg/ChassisCommand.msg\n'}
[177.708502] (eufs_msgs) StdoutLine: {'line': b'-- Symlinking: /bristol_fsai_sim-docker/install/eufs_msgs/share/eufs_msgs/msg/ChassisState.msg\n'}
[177.726656] (eufs_msgs) StdoutLine: {'line': b'-- Symlinking: /bristol_fsai_sim-docker/install/eufs_msgs/share/eufs_msgs/msg/ConeArray.msg\n'}
[177.744031] (eufs_msgs) StdoutLine: {'line': b'-- Symlinking: /bristol_fsai_sim-docker/install/eufs_msgs/share/eufs_msgs/msg/ConeArrayWithCovariance.msg\n'}
[177.745994] (-) TimerEvent: {}
[177.763381] (eufs_msgs) StdoutLine: {'line': b'-- Symlinking: /bristol_fsai_sim-docker/install/eufs_msgs/share/eufs_msgs/msg/ConeArrayWithCovariancePlus.msg\n'}
[177.785984] (eufs_msgs) StdoutLine: {'line': b'-- Symlinking: /bristol_fsai_sim-docker/install/eufs_msgs/share/eufs_msgs/msg/ConeWithCovariance.msg\n'}
[177.808139] (eufs_msgs) StdoutLine: {'line': b'-- Symlinking: /bristol_fsai_sim-docker/install/eufs_msgs/share/eufs_msgs/msg/ConeWithCovariancePlus.msg\n'}
[177.826744] (eufs_msgs) StdoutLine: {'line': b'-- Symlinking: /bristol_fsai_sim-docker/install/eufs_msgs/share/eufs_msgs/msg/ConeAssociation.msg\n'}
[177.843565] (eufs_msgs) StdoutLine: {'line': b'-- Symlinking: /bristol_fsai_sim-docker/install/eufs_msgs/share/eufs_msgs/msg/ConeAssociationArray.msg\n'}
[177.846089] (-) TimerEvent: {}
[177.864386] (eufs_msgs) StdoutLine: {'line': b'-- Symlinking: /bristol_fsai_sim-docker/install/eufs_msgs/share/eufs_msgs/msg/ConeAssociationArrayArrayStamped.msg\n'}
[177.885492] (eufs_msgs) StdoutLine: {'line': b'-- Symlinking: /bristol_fsai_sim-docker/install/eufs_msgs/share/eufs_msgs/msg/ConeAssociationArrayStamped.msg\n'}
[177.907426] (eufs_msgs) StdoutLine: {'line': b'-- Symlinking: /bristol_fsai_sim-docker/install/eufs_msgs/share/eufs_msgs/msg/Costmap.msg\n'}
[177.926638] (eufs_msgs) StdoutLine: {'line': b'-- Symlinking: /bristol_fsai_sim-docker/install/eufs_msgs/share/eufs_msgs/msg/CpuStatus.msg\n'}
[177.943665] (eufs_msgs) StdoutLine: {'line': b'-- Symlinking: /bristol_fsai_sim-docker/install/eufs_msgs/share/eufs_msgs/msg/CpuUsage.msg\n'}
[177.946214] (-) TimerEvent: {}
[177.963466] (eufs_msgs) StdoutLine: {'line': b'-- Symlinking: /bristol_fsai_sim-docker/install/eufs_msgs/share/eufs_msgs/msg/EKFErr.msg\n'}
[177.985722] (eufs_msgs) StdoutLine: {'line': b'-- Symlinking: /bristol_fsai_sim-docker/install/eufs_msgs/share/eufs_msgs/msg/EKFState.msg\n'}
[178.007185] (eufs_msgs) StdoutLine: {'line': b'-- Symlinking: /bristol_fsai_sim-docker/install/eufs_msgs/share/eufs_msgs/msg/FullState.msg\n'}
[178.025413] (eufs_msgs) StdoutLine: {'line': b'-- Symlinking: /bristol_fsai_sim-docker/install/eufs_msgs/share/eufs_msgs/msg/Heartbeat.msg\n'}
[178.044411] (eufs_msgs) StdoutLine: {'line': b'-- Symlinking: /bristol_fsai_sim-docker/install/eufs_msgs/share/eufs_msgs/msg/IntegrationErr.msg\n'}
[178.046307] (-) TimerEvent: {}
[178.067055] (eufs_msgs) StdoutLine: {'line': b'-- Symlinking: /bristol_fsai_sim-docker/install/eufs_msgs/share/eufs_msgs/msg/LapStats.msg\n'}
[178.090303] (eufs_msgs) StdoutLine: {'line': b'-- Symlinking: /bristol_fsai_sim-docker/install/eufs_msgs/share/eufs_msgs/msg/MPCState.msg\n'}
[178.110964] (eufs_msgs) StdoutLine: {'line': b'-- Symlinking: /bristol_fsai_sim-docker/install/eufs_msgs/share/eufs_msgs/msg/NodeState.msg\n'}
[178.129752] (eufs_msgs) StdoutLine: {'line': b'-- Symlinking: /bristol_fsai_sim-docker/install/eufs_msgs/share/eufs_msgs/msg/NodeStateArray.msg\n'}
[178.146491] (eufs_msgs) StdoutLine: {'line': b'-- Symlinking: /bristol_fsai_sim-docker/install/eufs_msgs/share/eufs_msgs/msg/OSS.msg\n'}
[178.146779] (-) TimerEvent: {}
[178.165537] (eufs_msgs) StdoutLine: {'line': b'-- Symlinking: /bristol_fsai_sim-docker/install/eufs_msgs/share/eufs_msgs/msg/Particle.msg\n'}
[178.190012] (eufs_msgs) StdoutLine: {'line': b'-- Symlinking: /bristol_fsai_sim-docker/install/eufs_msgs/share/eufs_msgs/msg/ParticleSLAM.msg\n'}
[178.214962] (eufs_msgs) StdoutLine: {'line': b'-- Symlinking: /bristol_fsai_sim-docker/install/eufs_msgs/share/eufs_msgs/msg/ParticleSLAMStamped.msg\n'}
[178.233500] (eufs_msgs) StdoutLine: {'line': b'-- Symlinking: /bristol_fsai_sim-docker/install/eufs_msgs/share/eufs_msgs/msg/ParticleStamped.msg\n'}
[178.246941] (-) TimerEvent: {}
[178.250855] (eufs_msgs) StdoutLine: {'line': b'-- Symlinking: /bristol_fsai_sim-docker/install/eufs_msgs/share/eufs_msgs/msg/PathIntegralParams.msg\n'}
[178.272756] (eufs_msgs) StdoutLine: {'line': b'-- Symlinking: /bristol_fsai_sim-docker/install/eufs_msgs/share/eufs_msgs/msg/PathIntegralStats.msg\n'}
[178.295260] (eufs_msgs) StdoutLine: {'line': b'-- Symlinking: /bristol_fsai_sim-docker/install/eufs_msgs/share/eufs_msgs/msg/PathIntegralStatus.msg\n'}
[178.315276] (eufs_msgs) StdoutLine: {'line': b'-- Symlinking: /bristol_fsai_sim-docker/install/eufs_msgs/share/eufs_msgs/msg/PathIntegralTiming.msg\n'}
[178.333242] (eufs_msgs) StdoutLine: {'line': b'-- Symlinking: /bristol_fsai_sim-docker/install/eufs_msgs/share/eufs_msgs/msg/PlanningMode.msg\n'}
[178.347087] (-) TimerEvent: {}
[178.351070] (eufs_msgs) StdoutLine: {'line': b'-- Symlinking: /bristol_fsai_sim-docker/install/eufs_msgs/share/eufs_msgs/msg/PointArray.msg\n'}
[178.373573] (eufs_msgs) StdoutLine: {'line': b'-- Symlinking: /bristol_fsai_sim-docker/install/eufs_msgs/share/eufs_msgs/msg/PointArrayStamped.msg\n'}
[178.396722] (eufs_msgs) StdoutLine: {'line': b'-- Symlinking: /bristol_fsai_sim-docker/install/eufs_msgs/share/eufs_msgs/msg/PurePursuitCheckpoint.msg\n'}
[178.416615] (eufs_msgs) StdoutLine: {'line': b'-- Symlinking: /bristol_fsai_sim-docker/install/eufs_msgs/share/eufs_msgs/msg/PurePursuitCheckpointArrayStamped.msg\n'}
[178.433933] (eufs_msgs) StdoutLine: {'line': b'-- Symlinking: /bristol_fsai_sim-docker/install/eufs_msgs/share/eufs_msgs/msg/Runstop.msg\n'}
[178.447233] (-) TimerEvent: {}
[178.451388] (eufs_msgs) StdoutLine: {'line': b'-- Symlinking: /bristol_fsai_sim-docker/install/eufs_msgs/share/eufs_msgs/msg/SLAMErr.msg\n'}
[178.473585] (eufs_msgs) StdoutLine: {'line': b'-- Symlinking: /bristol_fsai_sim-docker/install/eufs_msgs/share/eufs_msgs/msg/SLAMState.msg\n'}
[178.495367] (eufs_msgs) StdoutLine: {'line': b'-- Symlinking: /bristol_fsai_sim-docker/install/eufs_msgs/share/eufs_msgs/msg/StateMachineState.msg\n'}
[178.517080] (eufs_msgs) StdoutLine: {'line': b'-- Symlinking: /bristol_fsai_sim-docker/install/eufs_msgs/share/eufs_msgs/msg/StereoImage.msg\n'}
[178.535523] (eufs_msgs) StdoutLine: {'line': b'-- Symlinking: /bristol_fsai_sim-docker/install/eufs_msgs/share/eufs_msgs/msg/SystemStatus.msg\n'}
[178.547397] (-) TimerEvent: {}
[178.553932] (eufs_msgs) StdoutLine: {'line': b'-- Symlinking: /bristol_fsai_sim-docker/install/eufs_msgs/share/eufs_msgs/msg/TopicStatus.msg\n'}
[178.576467] (eufs_msgs) StdoutLine: {'line': b'-- Symlinking: /bristol_fsai_sim-docker/install/eufs_msgs/share/eufs_msgs/msg/VehicleCommands.msg\n'}
[178.599753] (eufs_msgs) StdoutLine: {'line': b'-- Symlinking: /bristol_fsai_sim-docker/install/eufs_msgs/share/eufs_msgs/msg/VehicleCommandsStamped.msg\n'}
[178.619519] (eufs_msgs) StdoutLine: {'line': b'-- Symlinking: /bristol_fsai_sim-docker/install/eufs_msgs/share/eufs_msgs/msg/Waypoint.msg\n'}
[178.636976] (eufs_msgs) StdoutLine: {'line': b'-- Symlinking: /bristol_fsai_sim-docker/install/eufs_msgs/share/eufs_msgs/msg/WaypointArrayStamped.msg\n'}
[178.647540] (-) TimerEvent: {}
[178.654368] (eufs_msgs) StdoutLine: {'line': b'-- Symlinking: /bristol_fsai_sim-docker/install/eufs_msgs/share/eufs_msgs/msg/WheelOdometryErr.msg\n'}
[178.677449] (eufs_msgs) StdoutLine: {'line': b'-- Symlinking: /bristol_fsai_sim-docker/install/eufs_msgs/share/eufs_msgs/msg/WheelSpeeds.msg\n'}
[178.701216] (eufs_msgs) StdoutLine: {'line': b'-- Symlinking: /bristol_fsai_sim-docker/install/eufs_msgs/share/eufs_msgs/msg/WheelSpeedsStamped.msg\n'}
[178.721353] (eufs_msgs) StdoutLine: {'line': b'-- Symlinking: /bristol_fsai_sim-docker/install/eufs_msgs/share/eufs_msgs/action/CheckForObjects.action\n'}
[178.738927] (eufs_msgs) StdoutLine: {'line': b'-- Symlinking: /bristol_fsai_sim-docker/install/eufs_msgs/share/eufs_msgs/srv/RecordStart.srv\n'}
[178.747749] (-) TimerEvent: {}
[178.755928] (eufs_msgs) StdoutLine: {'line': b'-- Symlinking: /bristol_fsai_sim-docker/install/eufs_msgs/share/eufs_msgs/srv/RecordStart_Request.msg\n'}
[178.779001] (eufs_msgs) StdoutLine: {'line': b'-- Symlinking: /bristol_fsai_sim-docker/install/eufs_msgs/share/eufs_msgs/srv/RecordStart_Response.msg\n'}
[178.801800] (eufs_msgs) StdoutLine: {'line': b'-- Symlinking: /bristol_fsai_sim-docker/install/eufs_msgs/share/eufs_msgs/srv/RecordStop.srv\n'}
[178.820440] (eufs_msgs) StdoutLine: {'line': b'-- Symlinking: /bristol_fsai_sim-docker/install/eufs_msgs/share/eufs_msgs/srv/RecordStop_Request.msg\n'}
[178.837835] (eufs_msgs) StdoutLine: {'line': b'-- Symlinking: /bristol_fsai_sim-docker/install/eufs_msgs/share/eufs_msgs/srv/RecordStop_Response.msg\n'}
[178.847891] (-) TimerEvent: {}
[178.854984] (eufs_msgs) StdoutLine: {'line': b'-- Symlinking: /bristol_fsai_sim-docker/install/eufs_msgs/share/eufs_msgs/srv/Register.srv\n'}
[178.878732] (eufs_msgs) StdoutLine: {'line': b'-- Symlinking: /bristol_fsai_sim-docker/install/eufs_msgs/share/eufs_msgs/srv/Register_Request.msg\n'}
[178.901762] (eufs_msgs) StdoutLine: {'line': b'-- Symlinking: /bristol_fsai_sim-docker/install/eufs_msgs/share/eufs_msgs/srv/Register_Response.msg\n'}
[178.919388] (eufs_msgs) StdoutLine: {'line': b'-- Symlinking: /bristol_fsai_sim-docker/install/eufs_msgs/share/eufs_msgs/srv/SetCanState.srv\n'}
[178.936062] (eufs_msgs) StdoutLine: {'line': b'-- Symlinking: /bristol_fsai_sim-docker/install/eufs_msgs/share/eufs_msgs/srv/SetCanState_Request.msg\n'}
[178.948098] (-) TimerEvent: {}
[178.953130] (eufs_msgs) StdoutLine: {'line': b'-- Symlinking: /bristol_fsai_sim-docker/install/eufs_msgs/share/eufs_msgs/srv/SetCanState_Response.msg\n'}
[178.975243] (eufs_msgs) StdoutLine: {'line': b'-- Symlinking: /bristol_fsai_sim-docker/install/eufs_msgs/share/eufs_msgs/srv/SetString.srv\n'}
[178.997254] (eufs_msgs) StdoutLine: {'line': b'-- Symlinking: /bristol_fsai_sim-docker/install/eufs_msgs/share/eufs_msgs/srv/SetString_Request.msg\n'}
[179.015936] (eufs_msgs) StdoutLine: {'line': b'-- Symlinking: /bristol_fsai_sim-docker/install/eufs_msgs/share/eufs_msgs/srv/SetString_Response.msg\n'}
[179.035425] (eufs_msgs) StdoutLine: {'line': b'-- Symlinking: /bristol_fsai_sim-docker/install/eufs_msgs/share/eufs_msgs/srv/SetTrack.srv\n'}
[179.048327] (-) TimerEvent: {}
[179.053315] (eufs_msgs) StdoutLine: {'line': b'-- Symlinking: /bristol_fsai_sim-docker/install/eufs_msgs/share/eufs_msgs/srv/SetTrack_Request.msg\n'}
[179.075198] (eufs_msgs) StdoutLine: {'line': b'-- Symlinking: /bristol_fsai_sim-docker/install/eufs_msgs/share/eufs_msgs/srv/SetTrack_Response.msg\n'}
[179.097495] (eufs_msgs) StdoutLine: {'line': b'-- Symlinking: /bristol_fsai_sim-docker/install/eufs_msgs/share/eufs_msgs/srv/SetMission.srv\n'}
[179.117821] (eufs_msgs) StdoutLine: {'line': b'-- Symlinking: /bristol_fsai_sim-docker/install/eufs_msgs/share/eufs_msgs/srv/SetMission_Request.msg\n'}
[179.134754] (eufs_msgs) StdoutLine: {'line': b'-- Symlinking: /bristol_fsai_sim-docker/install/eufs_msgs/share/eufs_msgs/srv/SetMission_Response.msg\n'}
[179.148464] (-) TimerEvent: {}
[179.151903] (eufs_msgs) StdoutLine: {'line': b'-- Symlinking: /bristol_fsai_sim-docker/install/eufs_msgs/share/eufs_msgs/srv/GetMap.srv\n'}
[179.173299] (eufs_msgs) StdoutLine: {'line': b'-- Symlinking: /bristol_fsai_sim-docker/install/eufs_msgs/share/eufs_msgs/srv/GetMap_Request.msg\n'}
[179.195385] (eufs_msgs) StdoutLine: {'line': b'-- Symlinking: /bristol_fsai_sim-docker/install/eufs_msgs/share/eufs_msgs/srv/GetMap_Response.msg\n'}
[179.215804] (eufs_msgs) StdoutLine: {'line': b'-- Symlinking: /bristol_fsai_sim-docker/install/eufs_msgs/share/ament_index/resource_index/package_run_dependencies/eufs_msgs\n'}
[179.235318] (eufs_msgs) StdoutLine: {'line': b'-- Symlinking: /bristol_fsai_sim-docker/install/eufs_msgs/share/ament_index/resource_index/parent_prefix_path/eufs_msgs\n'}
[179.248581] (-) TimerEvent: {}
[179.252424] (eufs_msgs) StdoutLine: {'line': b'-- Symlinking: /bristol_fsai_sim-docker/install/eufs_msgs/share/eufs_msgs/environment/ament_prefix_path.sh\n'}
[179.273580] (eufs_msgs) StdoutLine: {'line': b'-- Symlinking: /bristol_fsai_sim-docker/install/eufs_msgs/share/eufs_msgs/environment/ament_prefix_path.dsv\n'}
[179.296180] (eufs_msgs) StdoutLine: {'line': b'-- Symlinking: /bristol_fsai_sim-docker/install/eufs_msgs/share/eufs_msgs/environment/path.sh\n'}
[179.315738] (eufs_msgs) StdoutLine: {'line': b'-- Symlinking: /bristol_fsai_sim-docker/install/eufs_msgs/share/eufs_msgs/environment/path.dsv\n'}
[179.333084] (eufs_msgs) StdoutLine: {'line': b'-- Symlinking: /bristol_fsai_sim-docker/install/eufs_msgs/share/eufs_msgs/local_setup.bash\n'}
[179.348719] (-) TimerEvent: {}
[179.350082] (eufs_msgs) StdoutLine: {'line': b'-- Symlinking: /bristol_fsai_sim-docker/install/eufs_msgs/share/eufs_msgs/local_setup.sh\n'}
[179.371113] (eufs_msgs) StdoutLine: {'line': b'-- Symlinking: /bristol_fsai_sim-docker/install/eufs_msgs/share/eufs_msgs/local_setup.zsh\n'}
[179.392802] (eufs_msgs) StdoutLine: {'line': b'-- Symlinking: /bristol_fsai_sim-docker/install/eufs_msgs/share/eufs_msgs/local_setup.dsv\n'}
[179.413861] (eufs_msgs) StdoutLine: {'line': b'-- Symlinking: /bristol_fsai_sim-docker/install/eufs_msgs/share/eufs_msgs/package.dsv\n'}
[179.431221] (eufs_msgs) StdoutLine: {'line': b'-- Symlinking: /bristol_fsai_sim-docker/install/eufs_msgs/share/ament_index/resource_index/packages/eufs_msgs\n'}
[179.448561] (eufs_msgs) StdoutLine: {'line': b'-- Symlinking: /bristol_fsai_sim-docker/install/eufs_msgs/share/eufs_msgs/cmake/rosidl_cmake-extras.cmake\n'}
[179.448860] (-) TimerEvent: {}
[179.468258] (eufs_msgs) StdoutLine: {'line': b'-- Symlinking: /bristol_fsai_sim-docker/install/eufs_msgs/share/eufs_msgs/cmake/ament_cmake_export_dependencies-extras.cmake\n'}
[179.490186] (eufs_msgs) StdoutLine: {'line': b'-- Symlinking: /bristol_fsai_sim-docker/install/eufs_msgs/share/eufs_msgs/cmake/ament_cmake_export_libraries-extras.cmake\n'}
[179.512788] (eufs_msgs) StdoutLine: {'line': b'-- Symlinking: /bristol_fsai_sim-docker/install/eufs_msgs/share/eufs_msgs/cmake/ament_cmake_export_targets-extras.cmake\n'}
[179.532613] (eufs_msgs) StdoutLine: {'line': b'-- Symlinking: /bristol_fsai_sim-docker/install/eufs_msgs/share/eufs_msgs/cmake/ament_cmake_export_include_directories-extras.cmake\n'}
[179.549031] (-) TimerEvent: {}
[179.551080] (eufs_msgs) StdoutLine: {'line': b'-- Symlinking: /bristol_fsai_sim-docker/install/eufs_msgs/share/eufs_msgs/cmake/rosidl_cmake_export_typesupport_libraries-extras.cmake\n'}
[179.572621] (eufs_msgs) StdoutLine: {'line': b'-- Symlinking: /bristol_fsai_sim-docker/install/eufs_msgs/share/eufs_msgs/cmake/rosidl_cmake_export_typesupport_targets-extras.cmake\n'}
[179.596337] (eufs_msgs) StdoutLine: {'line': b'-- Symlinking: /bristol_fsai_sim-docker/install/eufs_msgs/share/eufs_msgs/cmake/eufs_msgsConfig.cmake\n'}
[179.616362] (eufs_msgs) StdoutLine: {'line': b'-- Symlinking: /bristol_fsai_sim-docker/install/eufs_msgs/share/eufs_msgs/cmake/eufs_msgsConfig-version.cmake\n'}
[179.634427] (eufs_msgs) StdoutLine: {'line': b'-- Symlinking: /bristol_fsai_sim-docker/install/eufs_msgs/share/eufs_msgs/package.xml\n'}
[179.649171] (-) TimerEvent: {}
[179.651987] (eufs_msgs) StdoutLine: {'line': b'-- Installing: /bristol_fsai_sim-docker/install/eufs_msgs/lib/libeufs_msgs__rosidl_generator_c.so\n'}
[179.653145] (eufs_msgs) StdoutLine: {'line': b'-- Set runtime path of "/bristol_fsai_sim-docker/install/eufs_msgs/lib/libeufs_msgs__rosidl_generator_c.so" to ""\n'}
[179.653395] (eufs_msgs) StdoutLine: {'line': b'-- Installing: /bristol_fsai_sim-docker/install/eufs_msgs/lib/libeufs_msgs__rosidl_typesupport_introspection_c.so\n'}
[179.654328] (eufs_msgs) StdoutLine: {'line': b'-- Set runtime path of "/bristol_fsai_sim-docker/install/eufs_msgs/lib/libeufs_msgs__rosidl_typesupport_introspection_c.so" to ""\n'}
[179.654548] (eufs_msgs) StdoutLine: {'line': b'-- Installing: /bristol_fsai_sim-docker/install/eufs_msgs/lib/libeufs_msgs__rosidl_typesupport_c.so\n'}
[179.655307] (eufs_msgs) StdoutLine: {'line': b'-- Set runtime path of "/bristol_fsai_sim-docker/install/eufs_msgs/lib/libeufs_msgs__rosidl_typesupport_c.so" to ""\n'}
[179.655636] (eufs_msgs) StdoutLine: {'line': b'-- Installing: /bristol_fsai_sim-docker/install/eufs_msgs/lib/libeufs_msgs__rosidl_typesupport_introspection_cpp.so\n'}
[179.657715] (eufs_msgs) StdoutLine: {'line': b'-- Set runtime path of "/bristol_fsai_sim-docker/install/eufs_msgs/lib/libeufs_msgs__rosidl_typesupport_introspection_cpp.so" to ""\n'}
[179.657939] (eufs_msgs) StdoutLine: {'line': b'-- Installing: /bristol_fsai_sim-docker/install/eufs_msgs/lib/libeufs_msgs__rosidl_typesupport_cpp.so\n'}
[179.658819] (eufs_msgs) StdoutLine: {'line': b'-- Set runtime path of "/bristol_fsai_sim-docker/install/eufs_msgs/lib/libeufs_msgs__rosidl_typesupport_cpp.so" to ""\n'}
[179.732525] (eufs_msgs) StdoutLine: {'line': b"Compiling '/bristol_fsai_sim-docker/install/eufs_msgs/lib/python3.8/site-packages/eufs_msgs/__init__.py'...\n"}
[179.739547] (eufs_msgs) StdoutLine: {'line': b'-- Installing: /bristol_fsai_sim-docker/install/eufs_msgs/share/eufs_msgs/cmake/eufs_msgs__rosidl_generator_cExport.cmake\n'}
[179.739925] (eufs_msgs) StdoutLine: {'line': b'-- Installing: /bristol_fsai_sim-docker/install/eufs_msgs/share/eufs_msgs/cmake/eufs_msgs__rosidl_generator_cExport-noconfig.cmake\n'}
[179.740139] (eufs_msgs) StdoutLine: {'line': b'-- Installing: /bristol_fsai_sim-docker/install/eufs_msgs/share/eufs_msgs/cmake/eufs_msgs__rosidl_typesupport_introspection_cExport.cmake\n'}
[179.740426] (eufs_msgs) StdoutLine: {'line': b'-- Installing: /bristol_fsai_sim-docker/install/eufs_msgs/share/eufs_msgs/cmake/eufs_msgs__rosidl_typesupport_introspection_cExport-noconfig.cmake\n'}
[179.740642] (eufs_msgs) StdoutLine: {'line': b'-- Installing: /bristol_fsai_sim-docker/install/eufs_msgs/share/eufs_msgs/cmake/eufs_msgs__rosidl_typesupport_cExport.cmake\n'}
[179.740836] (eufs_msgs) StdoutLine: {'line': b'-- Installing: /bristol_fsai_sim-docker/install/eufs_msgs/share/eufs_msgs/cmake/eufs_msgs__rosidl_typesupport_cExport-noconfig.cmake\n'}
[179.741022] (eufs_msgs) StdoutLine: {'line': b'-- Installing: /bristol_fsai_sim-docker/install/eufs_msgs/share/eufs_msgs/cmake/eufs_msgs__rosidl_generator_cppExport.cmake\n'}
[179.741320] (eufs_msgs) StdoutLine: {'line': b'-- Installing: /bristol_fsai_sim-docker/install/eufs_msgs/share/eufs_msgs/cmake/eufs_msgs__rosidl_typesupport_introspection_cppExport.cmake\n'}
[179.741543] (eufs_msgs) StdoutLine: {'line': b'-- Installing: /bristol_fsai_sim-docker/install/eufs_msgs/share/eufs_msgs/cmake/eufs_msgs__rosidl_typesupport_introspection_cppExport-noconfig.cmake\n'}
[179.741822] (eufs_msgs) StdoutLine: {'line': b'-- Installing: /bristol_fsai_sim-docker/install/eufs_msgs/share/eufs_msgs/cmake/eufs_msgs__rosidl_typesupport_cppExport.cmake\n'}
[179.742038] (eufs_msgs) StdoutLine: {'line': b'-- Installing: /bristol_fsai_sim-docker/install/eufs_msgs/share/eufs_msgs/cmake/eufs_msgs__rosidl_typesupport_cppExport-noconfig.cmake\n'}
[179.745975] (eufs_msgs) CommandEnded: {'returncode': 0}
[179.752738] (-) TimerEvent: {}
[179.853128] (-) TimerEvent: {}
[179.953997] (-) TimerEvent: {}
[180.054511] (-) TimerEvent: {}
[180.154920] (-) TimerEvent: {}
[180.255304] (-) TimerEvent: {}
[180.355730] (-) TimerEvent: {}
[180.456181] (-) TimerEvent: {}
[180.556647] (-) TimerEvent: {}
[180.657073] (-) TimerEvent: {}
[180.757771] (-) TimerEvent: {}
[180.858208] (-) TimerEvent: {}
[180.958616] (-) TimerEvent: {}
[181.059030] (-) TimerEvent: {}
[181.159487] (-) TimerEvent: {}
[181.259901] (-) TimerEvent: {}
[181.360327] (-) TimerEvent: {}
[181.460767] (-) TimerEvent: {}
[181.561340] (-) TimerEvent: {}
[181.661806] (-) TimerEvent: {}
[181.762157] (-) TimerEvent: {}
[181.862675] (-) TimerEvent: {}
[181.963164] (-) TimerEvent: {}
[182.063685] (-) TimerEvent: {}
[182.164095] (-) TimerEvent: {}
[182.264585] (-) TimerEvent: {}
[182.357302] (eufs_msgs) JobEnded: {'identifier': 'eufs_msgs', 'rc': 0}
[182.362805] (eufs_models) JobStarted: {'identifier': 'eufs_models'}
[182.364676] (-) TimerEvent: {}
[182.374195] (control_cpp) JobStarted: {'identifier': 'control_cpp'}
[182.397502] (eufs_rqt) JobStarted: {'identifier': 'eufs_rqt'}
[182.426690] (eufs_rviz_plugins) JobStarted: {'identifier': 'eufs_rviz_plugins'}
[182.451169] (ros_can) JobStarted: {'identifier': 'ros_can'}
[182.464838] (-) TimerEvent: {}
[182.490251] (eufs_models) JobProgress: {'identifier': 'eufs_models', 'progress': 'cmake'}
[182.496617] (eufs_models) Command: {'cmd': ['/usr/bin/cmake', '/bristol_fsai_sim-docker/eufs_sim/eufs_models', '-DAMENT_CMAKE_SYMLINK_INSTALL=1', '-DCMAKE_INSTALL_PREFIX=/bristol_fsai_sim-docker/install/eufs_models'], 'cwd': '/bristol_fsai_sim-docker/build/eufs_models', 'env': OrderedDict([('HOSTNAME', 'alan-Latitude-5420'), ('GIT_ASKPASS', '/vscode/vscode-server/bin/linux-x64/ac4cbdf48759c7d8c3eb91ffe6bb04316e263c57/extensions/git/dist/askpass.sh'), ('SHLVL', '2'), ('LD_LIBRARY_PATH', '/bristol_fsai_sim-docker/install/eufs_msgs/lib:/usr/lib/x86_64-linux-gnu/gazebo-11/plugins:/opt/ros/galactic/opt/yaml_cpp_vendor/lib:/opt/ros/galactic/opt/rviz_ogre_vendor/lib:/opt/ros/galactic/lib/x86_64-linux-gnu:/opt/ros/galactic/lib'), ('BROWSER', '/vscode/vscode-server/bin/linux-x64/ac4cbdf48759c7d8c3eb91ffe6bb04316e263c57/bin/helpers/browser.sh'), ('HOME', '/home/vscode'), ('TERM_PROGRAM_VERSION', '1.106.0'), ('VSCODE_IPC_HOOK_CLI', '/tmp/vscode-ipc-44527d33-f74a-4ad4-9e20-fd4db91b8445.sock'), ('ROS_PYTHON_VERSION', '3'), ('VSCODE_GIT_ASKPASS_MAIN', '/vscode/vscode-server/bin/linux-x64/ac4cbdf48759c7d8c3eb91ffe6bb04316e263c57/extensions/git/dist/askpass-main.js'), ('VSCODE_GIT_ASKPASS_NODE', '/vscode/vscode-server/bin/linux-x64/ac4cbdf48759c7d8c3eb91ffe6bb04316e263c57/node'), ('VSCODE_PYTHON_AUTOACTIVATE_GUARD', '1'), ('COLORTERM', 'truecolor'), ('REMOTE_CONTAINERS', 'true'), ('WAYLAND_DISPLAY', 'vscode-wayland-6ce7d0e9-5b6b-46b2-a2f1-5d3d5d4b2e7f.sock'), ('COLCON_PREFIX_PATH', '/bristol_fsai_sim-docker/install'), ('ROS_DISTRO', 'galactic'), ('REMOTE_CONTAINERS_IPC', '/tmp/vscode-remote-containers-ipc-8e75e97d-8e6f-4c26-880b-7a43c1d13b9e.sock'), ('EUFS_MASTER', '/bristol_fsai_sim-docker'), ('_', '/usr/bin/colcon'), ('ROS_VERSION', '2'), ('TERM', 'xterm-256color'), ('ROS_LOCALHOST_ONLY', '0'), ('PATH', '/vscode/vscode-server/bin/linux-x64/ac4cbdf48759c7d8c3eb91ffe6bb04316e263c57/bin/remote-cli:/opt/ros/galactic/bin:/usr/local/sbin:/usr/local/bin:/usr/sbin:/usr/bin:/sbin:/bin'), ('XDG_RUNTIME_DIR', '/tmp/user/1000'), ('REMOTE_CONTAINERS_SOCKETS', '["/tmp/vscode-ssh-auth-8e75e97d-8e6f-4c26-880b-7a43c1d13b9e.sock","/tmp/.X11-unix/X0","/home/vscode/.gnupg/S.gpg-agent"]'), ('DISPLAY', ':0'), ('LANG', 'C.UTF-8'), ('LS_COLORS', 'rs=0:di=01;34:ln=01;36:mh=00:pi=40;33:so=01;35:do=01;35:bd=40;33;01:cd=40;33;01:or=40;31;01:mi=00:su=37;41:sg=30;43:ca=30;41:tw=30;42:ow=34;42:st=37;44:ex=01;32:*.tar=01;31:*.tgz=01;31:*.arc=01;31:*.arj=01;31:*.taz=01;31:*.lha=01;31:*.lz4=01;31:*.lzh=01;31:*.lzma=01;31:*.tlz=01;31:*.txz=01;31:*.tzo=01;31:*.t7z=01;31:*.zip=01;31:*.z=01;31:*.dz=01;31:*.gz=01;31:*.lrz=01;31:*.lz=01;31:*.lzo=01;31:*.xz=01;31:*.zst=01;31:*.tzst=01;31:*.bz2=01;31:*.bz=01;31:*.tbz=01;31:*.tbz2=01;31:*.tz=01;31:*.deb=01;31:*.rpm=01;31:*.jar=01;31:*.war=01;31:*.ear=01;31:*.sar=01;31:*.rar=01;31:*.alz=01;31:*.ace=01;31:*.zoo=01;31:*.cpio=01;31:*.7z=01;31:*.rz=01;31:*.cab=01;31:*.wim=01;31:*.swm=01;31:*.dwm=01;31:*.esd=01;31:*.jpg=01;35:*.jpeg=01;35:*.mjpg=01;35:*.mjpeg=01;35:*.gif=01;35:*.bmp=01;35:*.pbm=01;35:*.pgm=01;35:*.ppm=01;35:*.tga=01;35:*.xbm=01;35:*.xpm=01;35:*.tif=01;35:*.tiff=01;35:*.png=01;35:*.svg=01;35:*.svgz=01;35:*.mng=01;35:*.pcx=01;35:*.mov=01;35:*.mpg=01;35:*.mpeg=01;35:*.m2v=01;35:*.mkv=01;35:*.webm=01;35:*.ogm=01;35:*.mp4=01;35:*.m4v=01;35:*.mp4v=01;35:*.vob=01;35:*.qt=01;35:*.nuv=01;35:*.wmv=01;35:*.asf=01;35:*.rm=01;35:*.rmvb=01;35:*.flc=01;35:*.avi=01;35:*.fli=01;35:*.flv=01;35:*.gl=01;35:*.dl=01;35:*.xcf=01;35:*.xwd=01;35:*.yuv=01;35:*.cgm=01;35:*.emf=01;35:*.ogv=01;35:*.ogx=01;35:*.aac=00;36:*.au=00;36:*.flac=00;36:*.m4a=00;36:*.mid=00;36:*.midi=00;36:*.mka=00;36:*.mp3=00;36:*.mpc=00;36:*.ogg=00;36:*.ra=00;36:*.wav=00;36:*.oga=00;36:*.opus=00;36:*.spx=00;36:*.xspf=00;36:'), ('VSCODE_GIT_IPC_HANDLE', '/tmp/user/1000/vscode-git-0b6b322ce0.sock'), ('TERM_PROGRAM', 'vscode'), ('SSH_AUTH_SOCK', '/tmp/vscode-ssh-auth-8e75e97d-8e6f-4c26-880b-7a43c1d13b9e.sock'), ('AMENT_PREFIX_PATH', '/bristol_fsai_sim-docker/install/eufs_msgs:/opt/ros/galactic'), ('REMOTE_CONTAINERS_DISPLAY_SOCK', '/tmp/.X11-unix/X0'), ('SHELL', '/bin/bash'), ('VSCODE_GIT_ASKPASS_EXTRA_ARGS', ''), ('PWD', '/bristol_fsai_sim-docker/build/eufs_models'), ('LC_ALL', 'C.UTF-8'), ('PYTHONPATH', '/bristol_fsai_sim-docker/install/eufs_msgs/lib/python3.8/site-packages:/opt/ros/galactic/lib/python3.8/site-packages'), ('COLCON', '1'), ('CMAKE_PREFIX_PATH', '/bristol_fsai_sim-docker/install/eufs_msgs:/opt/ros/galactic')]), 'shell': False}
[182.503460] (control_cpp) JobProgress: {'identifier': 'control_cpp', 'progress': 'cmake'}
[182.504700] (control_cpp) Command: {'cmd': ['/usr/bin/cmake', '/bristol_fsai_sim-docker/eufs_sim/control_cpp', '-DAMENT_CMAKE_SYMLINK_INSTALL=1', '-DCMAKE_INSTALL_PREFIX=/bristol_fsai_sim-docker/install/control_cpp'], 'cwd': '/bristol_fsai_sim-docker/build/control_cpp', 'env': OrderedDict([('HOSTNAME', 'alan-Latitude-5420'), ('GIT_ASKPASS', '/vscode/vscode-server/bin/linux-x64/ac4cbdf48759c7d8c3eb91ffe6bb04316e263c57/extensions/git/dist/askpass.sh'), ('SHLVL', '2'), ('LD_LIBRARY_PATH', '/bristol_fsai_sim-docker/install/eufs_msgs/lib:/usr/lib/x86_64-linux-gnu/gazebo-11/plugins:/opt/ros/galactic/opt/yaml_cpp_vendor/lib:/opt/ros/galactic/opt/rviz_ogre_vendor/lib:/opt/ros/galactic/lib/x86_64-linux-gnu:/opt/ros/galactic/lib'), ('BROWSER', '/vscode/vscode-server/bin/linux-x64/ac4cbdf48759c7d8c3eb91ffe6bb04316e263c57/bin/helpers/browser.sh'), ('HOME', '/home/vscode'), ('TERM_PROGRAM_VERSION', '1.106.0'), ('VSCODE_IPC_HOOK_CLI', '/tmp/vscode-ipc-44527d33-f74a-4ad4-9e20-fd4db91b8445.sock'), ('ROS_PYTHON_VERSION', '3'), ('VSCODE_GIT_ASKPASS_MAIN', '/vscode/vscode-server/bin/linux-x64/ac4cbdf48759c7d8c3eb91ffe6bb04316e263c57/extensions/git/dist/askpass-main.js'), ('VSCODE_GIT_ASKPASS_NODE', '/vscode/vscode-server/bin/linux-x64/ac4cbdf48759c7d8c3eb91ffe6bb04316e263c57/node'), ('VSCODE_PYTHON_AUTOACTIVATE_GUARD', '1'), ('COLORTERM', 'truecolor'), ('REMOTE_CONTAINERS', 'true'), ('WAYLAND_DISPLAY', 'vscode-wayland-6ce7d0e9-5b6b-46b2-a2f1-5d3d5d4b2e7f.sock'), ('COLCON_PREFIX_PATH', '/bristol_fsai_sim-docker/install'), ('ROS_DISTRO', 'galactic'), ('REMOTE_CONTAINERS_IPC', '/tmp/vscode-remote-containers-ipc-8e75e97d-8e6f-4c26-880b-7a43c1d13b9e.sock'), ('EUFS_MASTER', '/bristol_fsai_sim-docker'), ('_', '/usr/bin/colcon'), ('ROS_VERSION', '2'), ('TERM', 'xterm-256color'), ('ROS_LOCALHOST_ONLY', '0'), ('PATH', '/vscode/vscode-server/bin/linux-x64/ac4cbdf48759c7d8c3eb91ffe6bb04316e263c57/bin/remote-cli:/opt/ros/galactic/bin:/usr/local/sbin:/usr/local/bin:/usr/sbin:/usr/bin:/sbin:/bin'), ('XDG_RUNTIME_DIR', '/tmp/user/1000'), ('REMOTE_CONTAINERS_SOCKETS', '["/tmp/vscode-ssh-auth-8e75e97d-8e6f-4c26-880b-7a43c1d13b9e.sock","/tmp/.X11-unix/X0","/home/vscode/.gnupg/S.gpg-agent"]'), ('DISPLAY', ':0'), ('LANG', 'C.UTF-8'), ('LS_COLORS', 'rs=0:di=01;34:ln=01;36:mh=00:pi=40;33:so=01;35:do=01;35:bd=40;33;01:cd=40;33;01:or=40;31;01:mi=00:su=37;41:sg=30;43:ca=30;41:tw=30;42:ow=34;42:st=37;44:ex=01;32:*.tar=01;31:*.tgz=01;31:*.arc=01;31:*.arj=01;31:*.taz=01;31:*.lha=01;31:*.lz4=01;31:*.lzh=01;31:*.lzma=01;31:*.tlz=01;31:*.txz=01;31:*.tzo=01;31:*.t7z=01;31:*.zip=01;31:*.z=01;31:*.dz=01;31:*.gz=01;31:*.lrz=01;31:*.lz=01;31:*.lzo=01;31:*.xz=01;31:*.zst=01;31:*.tzst=01;31:*.bz2=01;31:*.bz=01;31:*.tbz=01;31:*.tbz2=01;31:*.tz=01;31:*.deb=01;31:*.rpm=01;31:*.jar=01;31:*.war=01;31:*.ear=01;31:*.sar=01;31:*.rar=01;31:*.alz=01;31:*.ace=01;31:*.zoo=01;31:*.cpio=01;31:*.7z=01;31:*.rz=01;31:*.cab=01;31:*.wim=01;31:*.swm=01;31:*.dwm=01;31:*.esd=01;31:*.jpg=01;35:*.jpeg=01;35:*.mjpg=01;35:*.mjpeg=01;35:*.gif=01;35:*.bmp=01;35:*.pbm=01;35:*.pgm=01;35:*.ppm=01;35:*.tga=01;35:*.xbm=01;35:*.xpm=01;35:*.tif=01;35:*.tiff=01;35:*.png=01;35:*.svg=01;35:*.svgz=01;35:*.mng=01;35:*.pcx=01;35:*.mov=01;35:*.mpg=01;35:*.mpeg=01;35:*.m2v=01;35:*.mkv=01;35:*.webm=01;35:*.ogm=01;35:*.mp4=01;35:*.m4v=01;35:*.mp4v=01;35:*.vob=01;35:*.qt=01;35:*.nuv=01;35:*.wmv=01;35:*.asf=01;35:*.rm=01;35:*.rmvb=01;35:*.flc=01;35:*.avi=01;35:*.fli=01;35:*.flv=01;35:*.gl=01;35:*.dl=01;35:*.xcf=01;35:*.xwd=01;35:*.yuv=01;35:*.cgm=01;35:*.emf=01;35:*.ogv=01;35:*.ogx=01;35:*.aac=00;36:*.au=00;36:*.flac=00;36:*.m4a=00;36:*.mid=00;36:*.midi=00;36:*.mka=00;36:*.mp3=00;36:*.mpc=00;36:*.ogg=00;36:*.ra=00;36:*.wav=00;36:*.oga=00;36:*.opus=00;36:*.spx=00;36:*.xspf=00;36:'), ('VSCODE_GIT_IPC_HANDLE', '/tmp/user/1000/vscode-git-0b6b322ce0.sock'), ('TERM_PROGRAM', 'vscode'), ('SSH_AUTH_SOCK', '/tmp/vscode-ssh-auth-8e75e97d-8e6f-4c26-880b-7a43c1d13b9e.sock'), ('AMENT_PREFIX_PATH', '/bristol_fsai_sim-docker/install/eufs_msgs:/opt/ros/galactic'), ('REMOTE_CONTAINERS_DISPLAY_SOCK', '/tmp/.X11-unix/X0'), ('SHELL', '/bin/bash'), ('VSCODE_GIT_ASKPASS_EXTRA_ARGS', ''), ('PWD', '/bristol_fsai_sim-docker/build/control_cpp'), ('LC_ALL', 'C.UTF-8'), ('PYTHONPATH', '/bristol_fsai_sim-docker/install/eufs_msgs/lib/python3.8/site-packages:/opt/ros/galactic/lib/python3.8/site-packages'), ('COLCON', '1'), ('CMAKE_PREFIX_PATH', '/bristol_fsai_sim-docker/install/eufs_msgs:/opt/ros/galactic')]), 'shell': False}
[182.565170] (-) TimerEvent: {}
[182.666111] (-) TimerEvent: {}
[182.766702] (-) TimerEvent: {}
[182.867146] (-) TimerEvent: {}
[182.967628] (-) TimerEvent: {}
[183.021439] (eufs_rviz_plugins) JobProgress: {'identifier': 'eufs_rviz_plugins', 'progress': 'cmake'}
[183.022382] (eufs_rviz_plugins) Command: {'cmd': ['/usr/bin/cmake', '/bristol_fsai_sim-docker/eufs_rviz_plugins', '-DAMENT_CMAKE_SYMLINK_INSTALL=1', '-DCMAKE_INSTALL_PREFIX=/bristol_fsai_sim-docker/install/eufs_rviz_plugins'], 'cwd': '/bristol_fsai_sim-docker/build/eufs_rviz_plugins', 'env': OrderedDict([('HOSTNAME', 'alan-Latitude-5420'), ('GIT_ASKPASS', '/vscode/vscode-server/bin/linux-x64/ac4cbdf48759c7d8c3eb91ffe6bb04316e263c57/extensions/git/dist/askpass.sh'), ('SHLVL', '2'), ('LD_LIBRARY_PATH', '/bristol_fsai_sim-docker/install/eufs_msgs/lib:/usr/lib/x86_64-linux-gnu/gazebo-11/plugins:/opt/ros/galactic/opt/yaml_cpp_vendor/lib:/opt/ros/galactic/opt/rviz_ogre_vendor/lib:/opt/ros/galactic/lib/x86_64-linux-gnu:/opt/ros/galactic/lib'), ('BROWSER', '/vscode/vscode-server/bin/linux-x64/ac4cbdf48759c7d8c3eb91ffe6bb04316e263c57/bin/helpers/browser.sh'), ('HOME', '/home/vscode'), ('TERM_PROGRAM_VERSION', '1.106.0'), ('VSCODE_IPC_HOOK_CLI', '/tmp/vscode-ipc-44527d33-f74a-4ad4-9e20-fd4db91b8445.sock'), ('ROS_PYTHON_VERSION', '3'), ('VSCODE_GIT_ASKPASS_MAIN', '/vscode/vscode-server/bin/linux-x64/ac4cbdf48759c7d8c3eb91ffe6bb04316e263c57/extensions/git/dist/askpass-main.js'), ('VSCODE_GIT_ASKPASS_NODE', '/vscode/vscode-server/bin/linux-x64/ac4cbdf48759c7d8c3eb91ffe6bb04316e263c57/node'), ('VSCODE_PYTHON_AUTOACTIVATE_GUARD', '1'), ('COLORTERM', 'truecolor'), ('REMOTE_CONTAINERS', 'true'), ('WAYLAND_DISPLAY', 'vscode-wayland-6ce7d0e9-5b6b-46b2-a2f1-5d3d5d4b2e7f.sock'), ('COLCON_PREFIX_PATH', '/bristol_fsai_sim-docker/install'), ('ROS_DISTRO', 'galactic'), ('REMOTE_CONTAINERS_IPC', '/tmp/vscode-remote-containers-ipc-8e75e97d-8e6f-4c26-880b-7a43c1d13b9e.sock'), ('EUFS_MASTER', '/bristol_fsai_sim-docker'), ('_', '/usr/bin/colcon'), ('ROS_VERSION', '2'), ('TERM', 'xterm-256color'), ('ROS_LOCALHOST_ONLY', '0'), ('PATH', '/vscode/vscode-server/bin/linux-x64/ac4cbdf48759c7d8c3eb91ffe6bb04316e263c57/bin/remote-cli:/opt/ros/galactic/bin:/usr/local/sbin:/usr/local/bin:/usr/sbin:/usr/bin:/sbin:/bin'), ('XDG_RUNTIME_DIR', '/tmp/user/1000'), ('REMOTE_CONTAINERS_SOCKETS', '["/tmp/vscode-ssh-auth-8e75e97d-8e6f-4c26-880b-7a43c1d13b9e.sock","/tmp/.X11-unix/X0","/home/vscode/.gnupg/S.gpg-agent"]'), ('DISPLAY', ':0'), ('LANG', 'C.UTF-8'), ('LS_COLORS', 'rs=0:di=01;34:ln=01;36:mh=00:pi=40;33:so=01;35:do=01;35:bd=40;33;01:cd=40;33;01:or=40;31;01:mi=00:su=37;41:sg=30;43:ca=30;41:tw=30;42:ow=34;42:st=37;44:ex=01;32:*.tar=01;31:*.tgz=01;31:*.arc=01;31:*.arj=01;31:*.taz=01;31:*.lha=01;31:*.lz4=01;31:*.lzh=01;31:*.lzma=01;31:*.tlz=01;31:*.txz=01;31:*.tzo=01;31:*.t7z=01;31:*.zip=01;31:*.z=01;31:*.dz=01;31:*.gz=01;31:*.lrz=01;31:*.lz=01;31:*.lzo=01;31:*.xz=01;31:*.zst=01;31:*.tzst=01;31:*.bz2=01;31:*.bz=01;31:*.tbz=01;31:*.tbz2=01;31:*.tz=01;31:*.deb=01;31:*.rpm=01;31:*.jar=01;31:*.war=01;31:*.ear=01;31:*.sar=01;31:*.rar=01;31:*.alz=01;31:*.ace=01;31:*.zoo=01;31:*.cpio=01;31:*.7z=01;31:*.rz=01;31:*.cab=01;31:*.wim=01;31:*.swm=01;31:*.dwm=01;31:*.esd=01;31:*.jpg=01;35:*.jpeg=01;35:*.mjpg=01;35:*.mjpeg=01;35:*.gif=01;35:*.bmp=01;35:*.pbm=01;35:*.pgm=01;35:*.ppm=01;35:*.tga=01;35:*.xbm=01;35:*.xpm=01;35:*.tif=01;35:*.tiff=01;35:*.png=01;35:*.svg=01;35:*.svgz=01;35:*.mng=01;35:*.pcx=01;35:*.mov=01;35:*.mpg=01;35:*.mpeg=01;35:*.m2v=01;35:*.mkv=01;35:*.webm=01;35:*.ogm=01;35:*.mp4=01;35:*.m4v=01;35:*.mp4v=01;35:*.vob=01;35:*.qt=01;35:*.nuv=01;35:*.wmv=01;35:*.asf=01;35:*.rm=01;35:*.rmvb=01;35:*.flc=01;35:*.avi=01;35:*.fli=01;35:*.flv=01;35:*.gl=01;35:*.dl=01;35:*.xcf=01;35:*.xwd=01;35:*.yuv=01;35:*.cgm=01;35:*.emf=01;35:*.ogv=01;35:*.ogx=01;35:*.aac=00;36:*.au=00;36:*.flac=00;36:*.m4a=00;36:*.mid=00;36:*.midi=00;36:*.mka=00;36:*.mp3=00;36:*.mpc=00;36:*.ogg=00;36:*.ra=00;36:*.wav=00;36:*.oga=00;36:*.opus=00;36:*.spx=00;36:*.xspf=00;36:'), ('VSCODE_GIT_IPC_HANDLE', '/tmp/user/1000/vscode-git-0b6b322ce0.sock'), ('TERM_PROGRAM', 'vscode'), ('SSH_AUTH_SOCK', '/tmp/vscode-ssh-auth-8e75e97d-8e6f-4c26-880b-7a43c1d13b9e.sock'), ('AMENT_PREFIX_PATH', '/bristol_fsai_sim-docker/install/eufs_msgs:/opt/ros/galactic'), ('REMOTE_CONTAINERS_DISPLAY_SOCK', '/tmp/.X11-unix/X0'), ('SHELL', '/bin/bash'), ('VSCODE_GIT_ASKPASS_EXTRA_ARGS', ''), ('PWD', '/bristol_fsai_sim-docker/build/eufs_rviz_plugins'), ('LC_ALL', 'C.UTF-8'), ('PYTHONPATH', '/bristol_fsai_sim-docker/install/eufs_msgs/lib/python3.8/site-packages:/opt/ros/galactic/lib/python3.8/site-packages'), ('COLCON', '1'), ('CMAKE_PREFIX_PATH', '/bristol_fsai_sim-docker/install/eufs_msgs:/opt/ros/galactic')]), 'shell': False}
[183.038828] (control_cpp) StdoutLine: {'line': b'-- The C compiler identification is GNU 9.4.0\n'}
[183.039903] (control_cpp) StdoutLine: {'line': b'-- The CXX compiler identification is GNU 9.4.0\n'}
[183.045482] (control_cpp) StdoutLine: {'line': b'-- Check for working C compiler: /usr/bin/cc\n'}
[183.046094] (control_cpp) StdoutLine: {'line': b'-- Check for working C compiler: /usr/bin/cc -- works\n'}
[183.046357] (control_cpp) StdoutLine: {'line': b'-- Detecting C compiler ABI info\n'}
[183.046588] (ros_can) JobProgress: {'identifier': 'ros_can', 'progress': 'cmake'}
[183.046716] (ros_can) Command: {'cmd': ['/usr/bin/cmake', '/bristol_fsai_sim-docker/ros_can', '-DAMENT_CMAKE_SYMLINK_INSTALL=1', '-DCMAKE_INSTALL_PREFIX=/bristol_fsai_sim-docker/install/ros_can'], 'cwd': '/bristol_fsai_sim-docker/build/ros_can', 'env': OrderedDict([('HOSTNAME', 'alan-Latitude-5420'), ('GIT_ASKPASS', '/vscode/vscode-server/bin/linux-x64/ac4cbdf48759c7d8c3eb91ffe6bb04316e263c57/extensions/git/dist/askpass.sh'), ('SHLVL', '2'), ('LD_LIBRARY_PATH', '/bristol_fsai_sim-docker/install/eufs_msgs/lib:/usr/lib/x86_64-linux-gnu/gazebo-11/plugins:/opt/ros/galactic/opt/yaml_cpp_vendor/lib:/opt/ros/galactic/opt/rviz_ogre_vendor/lib:/opt/ros/galactic/lib/x86_64-linux-gnu:/opt/ros/galactic/lib'), ('BROWSER', '/vscode/vscode-server/bin/linux-x64/ac4cbdf48759c7d8c3eb91ffe6bb04316e263c57/bin/helpers/browser.sh'), ('HOME', '/home/vscode'), ('TERM_PROGRAM_VERSION', '1.106.0'), ('VSCODE_IPC_HOOK_CLI', '/tmp/vscode-ipc-44527d33-f74a-4ad4-9e20-fd4db91b8445.sock'), ('ROS_PYTHON_VERSION', '3'), ('VSCODE_GIT_ASKPASS_MAIN', '/vscode/vscode-server/bin/linux-x64/ac4cbdf48759c7d8c3eb91ffe6bb04316e263c57/extensions/git/dist/askpass-main.js'), ('VSCODE_GIT_ASKPASS_NODE', '/vscode/vscode-server/bin/linux-x64/ac4cbdf48759c7d8c3eb91ffe6bb04316e263c57/node'), ('VSCODE_PYTHON_AUTOACTIVATE_GUARD', '1'), ('COLORTERM', 'truecolor'), ('REMOTE_CONTAINERS', 'true'), ('WAYLAND_DISPLAY', 'vscode-wayland-6ce7d0e9-5b6b-46b2-a2f1-5d3d5d4b2e7f.sock'), ('COLCON_PREFIX_PATH', '/bristol_fsai_sim-docker/install'), ('ROS_DISTRO', 'galactic'), ('REMOTE_CONTAINERS_IPC', '/tmp/vscode-remote-containers-ipc-8e75e97d-8e6f-4c26-880b-7a43c1d13b9e.sock'), ('EUFS_MASTER', '/bristol_fsai_sim-docker'), ('_', '/usr/bin/colcon'), ('ROS_VERSION', '2'), ('TERM', 'xterm-256color'), ('ROS_LOCALHOST_ONLY', '0'), ('PATH', '/vscode/vscode-server/bin/linux-x64/ac4cbdf48759c7d8c3eb91ffe6bb04316e263c57/bin/remote-cli:/opt/ros/galactic/bin:/usr/local/sbin:/usr/local/bin:/usr/sbin:/usr/bin:/sbin:/bin'), ('XDG_RUNTIME_DIR', '/tmp/user/1000'), ('REMOTE_CONTAINERS_SOCKETS', '["/tmp/vscode-ssh-auth-8e75e97d-8e6f-4c26-880b-7a43c1d13b9e.sock","/tmp/.X11-unix/X0","/home/vscode/.gnupg/S.gpg-agent"]'), ('DISPLAY', ':0'), ('LANG', 'C.UTF-8'), ('LS_COLORS', 'rs=0:di=01;34:ln=01;36:mh=00:pi=40;33:so=01;35:do=01;35:bd=40;33;01:cd=40;33;01:or=40;31;01:mi=00:su=37;41:sg=30;43:ca=30;41:tw=30;42:ow=34;42:st=37;44:ex=01;32:*.tar=01;31:*.tgz=01;31:*.arc=01;31:*.arj=01;31:*.taz=01;31:*.lha=01;31:*.lz4=01;31:*.lzh=01;31:*.lzma=01;31:*.tlz=01;31:*.txz=01;31:*.tzo=01;31:*.t7z=01;31:*.zip=01;31:*.z=01;31:*.dz=01;31:*.gz=01;31:*.lrz=01;31:*.lz=01;31:*.lzo=01;31:*.xz=01;31:*.zst=01;31:*.tzst=01;31:*.bz2=01;31:*.bz=01;31:*.tbz=01;31:*.tbz2=01;31:*.tz=01;31:*.deb=01;31:*.rpm=01;31:*.jar=01;31:*.war=01;31:*.ear=01;31:*.sar=01;31:*.rar=01;31:*.alz=01;31:*.ace=01;31:*.zoo=01;31:*.cpio=01;31:*.7z=01;31:*.rz=01;31:*.cab=01;31:*.wim=01;31:*.swm=01;31:*.dwm=01;31:*.esd=01;31:*.jpg=01;35:*.jpeg=01;35:*.mjpg=01;35:*.mjpeg=01;35:*.gif=01;35:*.bmp=01;35:*.pbm=01;35:*.pgm=01;35:*.ppm=01;35:*.tga=01;35:*.xbm=01;35:*.xpm=01;35:*.tif=01;35:*.tiff=01;35:*.png=01;35:*.svg=01;35:*.svgz=01;35:*.mng=01;35:*.pcx=01;35:*.mov=01;35:*.mpg=01;35:*.mpeg=01;35:*.m2v=01;35:*.mkv=01;35:*.webm=01;35:*.ogm=01;35:*.mp4=01;35:*.m4v=01;35:*.mp4v=01;35:*.vob=01;35:*.qt=01;35:*.nuv=01;35:*.wmv=01;35:*.asf=01;35:*.rm=01;35:*.rmvb=01;35:*.flc=01;35:*.avi=01;35:*.fli=01;35:*.flv=01;35:*.gl=01;35:*.dl=01;35:*.xcf=01;35:*.xwd=01;35:*.yuv=01;35:*.cgm=01;35:*.emf=01;35:*.ogv=01;35:*.ogx=01;35:*.aac=00;36:*.au=00;36:*.flac=00;36:*.m4a=00;36:*.mid=00;36:*.midi=00;36:*.mka=00;36:*.mp3=00;36:*.mpc=00;36:*.ogg=00;36:*.ra=00;36:*.wav=00;36:*.oga=00;36:*.opus=00;36:*.spx=00;36:*.xspf=00;36:'), ('VSCODE_GIT_IPC_HANDLE', '/tmp/user/1000/vscode-git-0b6b322ce0.sock'), ('TERM_PROGRAM', 'vscode'), ('SSH_AUTH_SOCK', '/tmp/vscode-ssh-auth-8e75e97d-8e6f-4c26-880b-7a43c1d13b9e.sock'), ('AMENT_PREFIX_PATH', '/bristol_fsai_sim-docker/install/eufs_msgs:/opt/ros/galactic'), ('REMOTE_CONTAINERS_DISPLAY_SOCK', '/tmp/.X11-unix/X0'), ('SHELL', '/bin/bash'), ('VSCODE_GIT_ASKPASS_EXTRA_ARGS', ''), ('PWD', '/bristol_fsai_sim-docker/build/ros_can'), ('LC_ALL', 'C.UTF-8'), ('PYTHONPATH', '/bristol_fsai_sim-docker/install/eufs_msgs/lib/python3.8/site-packages:/opt/ros/galactic/lib/python3.8/site-packages'), ('COLCON', '1'), ('CMAKE_PREFIX_PATH', '/bristol_fsai_sim-docker/install/eufs_msgs:/opt/ros/galactic')]), 'shell': False}
[183.055456] (eufs_models) StdoutLine: {'line': b'-- The C compiler identification is GNU 9.4.0\n'}
[183.061584] (eufs_models) StdoutLine: {'line': b'-- The CXX compiler identification is GNU 9.4.0\n'}
[183.062540] (eufs_models) StdoutLine: {'line': b'-- Check for working C compiler: /usr/bin/cc\n'}
[183.062742] (eufs_models) StdoutLine: {'line': b'-- Check for working C compiler: /usr/bin/cc -- works\n'}
[183.062899] (eufs_models) StdoutLine: {'line': b'-- Detecting C compiler ABI info\n'}
[183.068431] (-) TimerEvent: {}
[183.147463] (eufs_models) StdoutLine: {'line': b'-- Detecting C compiler ABI info - done\n'}
[183.168624] (-) TimerEvent: {}
[183.172629] (control_cpp) StdoutLine: {'line': b'-- Detecting C compiler ABI info - done\n'}
[183.198407] (eufs_rviz_plugins) StdoutLine: {'line': b'-- The C compiler identification is GNU 9.4.0\n'}
[183.205825] (control_cpp) StdoutLine: {'line': b'-- Detecting C compile features\n'}
[183.210061] (control_cpp) StdoutLine: {'line': b'-- Detecting C compile features - done\n'}
[183.214589] (eufs_models) StdoutLine: {'line': b'-- Detecting C compile features\n'}
[183.215137] (control_cpp) StdoutLine: {'line': b'-- Check for working CXX compiler: /usr/bin/c++\n'}
[183.216668] (ros_can) StdoutLine: {'line': b'-- The C compiler identification is GNU 9.4.0\n'}
[183.221358] (eufs_models) StdoutLine: {'line': b'-- Detecting C compile features - done\n'}
[183.225784] (eufs_models) StdoutLine: {'line': b'-- Check for working CXX compiler: /usr/bin/c++\n'}
[183.268734] (-) TimerEvent: {}
[183.369311] (-) TimerEvent: {}
[183.374024] (ros_can) StdoutLine: {'line': b'-- The CXX compiler identification is GNU 9.4.0\n'}
[183.382315] (eufs_rviz_plugins) StdoutLine: {'line': b'-- The CXX compiler identification is GNU 9.4.0\n'}
[183.388513] (ros_can) StdoutLine: {'line': b'-- Check for working C compiler: /usr/bin/cc\n'}
[183.394049] (eufs_rviz_plugins) StdoutLine: {'line': b'-- Check for working C compiler: /usr/bin/cc\n'}
[183.455820] (control_cpp) StdoutLine: {'line': b'-- Check for working CXX compiler: /usr/bin/c++ -- works\n'}
[183.465114] (control_cpp) StdoutLine: {'line': b'-- Detecting CXX compiler ABI info\n'}
[183.469579] (-) TimerEvent: {}
[183.479929] (eufs_models) StdoutLine: {'line': b'-- Check for working CXX compiler: /usr/bin/c++ -- works\n'}
[183.486311] (eufs_models) StdoutLine: {'line': b'-- Detecting CXX compiler ABI info\n'}
[183.569719] (-) TimerEvent: {}
[183.602407] (ros_can) StdoutLine: {'line': b'-- Check for working C compiler: /usr/bin/cc -- works\n'}
[183.605020] (ros_can) StdoutLine: {'line': b'-- Detecting C compiler ABI info\n'}
[183.634919] (eufs_rviz_plugins) StdoutLine: {'line': b'-- Check for working C compiler: /usr/bin/cc -- works\n'}
[183.641310] (eufs_rviz_plugins) StdoutLine: {'line': b'-- Detecting C compiler ABI info\n'}
[183.669851] (-) TimerEvent: {}
[183.719983] (eufs_models) StdoutLine: {'line': b'-- Detecting CXX compiler ABI info - done\n'}
[183.730342] (control_cpp) StdoutLine: {'line': b'-- Detecting CXX compiler ABI info - done\n'}
[183.760239] (eufs_models) StdoutLine: {'line': b'-- Detecting CXX compile features\n'}
[183.760814] (eufs_models) StdoutLine: {'line': b'-- Detecting CXX compile features - done\n'}
[183.768227] (eufs_models) StdoutLine: {'line': b'-- Found ament_cmake: 1.1.6 (/opt/ros/galactic/share/ament_cmake/cmake)\n'}
[183.769953] (-) TimerEvent: {}
[183.776190] (control_cpp) StdoutLine: {'line': b'-- Detecting CXX compile features\n'}
[183.778464] (control_cpp) StdoutLine: {'line': b'-- Detecting CXX compile features - done\n'}
[183.784045] (control_cpp) StdoutLine: {'line': b'-- Found ament_cmake: 1.1.6 (/opt/ros/galactic/share/ament_cmake/cmake)\n'}
[183.838475] (eufs_models) StdoutLine: {'line': b'-- Found PythonInterp: /usr/bin/python3 (found suitable version "3.8.10", minimum required is "3") \n'}
[183.838964] (eufs_models) StdoutLine: {'line': b'-- Using PYTHON_EXECUTABLE: /usr/bin/python3\n'}
[183.844067] (eufs_rviz_plugins) StdoutLine: {'line': b'-- Detecting C compiler ABI info - done\n'}
[183.851356] (control_cpp) StdoutLine: {'line': b'-- Found PythonInterp: /usr/bin/python3 (found suitable version "3.8.10", minimum required is "3") \n'}
[183.851739] (control_cpp) StdoutLine: {'line': b'-- Using PYTHON_EXECUTABLE: /usr/bin/python3\n'}
[183.867409] (ros_can) StdoutLine: {'line': b'-- Detecting C compiler ABI info - done\n'}
[183.872101] (-) TimerEvent: {}
[183.887375] (eufs_rviz_plugins) StdoutLine: {'line': b'-- Detecting C compile features\n'}
[183.888219] (eufs_rviz_plugins) StdoutLine: {'line': b'-- Detecting C compile features - done\n'}
[183.894951] (eufs_rviz_plugins) StdoutLine: {'line': b'-- Check for working CXX compiler: /usr/bin/c++\n'}
[183.917272] (ros_can) StdoutLine: {'line': b'-- Detecting C compile features\n'}
[183.919712] (ros_can) StdoutLine: {'line': b'-- Detecting C compile features - done\n'}
[183.930044] (ros_can) StdoutLine: {'line': b'-- Check for working CXX compiler: /usr/bin/c++\n'}
[183.972245] (-) TimerEvent: {}
[184.002662] (eufs_models) StdoutLine: {'line': b'-- Override CMake install command with custom implementation using symlinks instead of copying resources\n'}
[184.036943] (control_cpp) StdoutLine: {'line': b'-- Override CMake install command with custom implementation using symlinks instead of copying resources\n'}
[184.072362] (-) TimerEvent: {}
[184.081904] (eufs_rqt) Command: {'cmd': ['/usr/bin/python3', 'setup.py', 'develop', '--editable', '--build-directory', '/bristol_fsai_sim-docker/build/eufs_rqt/build', '--no-deps', 'install_data'], 'cwd': '/bristol_fsai_sim-docker/build/eufs_rqt', 'env': {'HOSTNAME': 'alan-Latitude-5420', 'GIT_ASKPASS': '/vscode/vscode-server/bin/linux-x64/ac4cbdf48759c7d8c3eb91ffe6bb04316e263c57/extensions/git/dist/askpass.sh', 'SHLVL': '2', 'LD_LIBRARY_PATH': '/bristol_fsai_sim-docker/install/eufs_msgs/lib:/usr/lib/x86_64-linux-gnu/gazebo-11/plugins:/opt/ros/galactic/opt/yaml_cpp_vendor/lib:/opt/ros/galactic/opt/rviz_ogre_vendor/lib:/opt/ros/galactic/lib/x86_64-linux-gnu:/opt/ros/galactic/lib', 'BROWSER': '/vscode/vscode-server/bin/linux-x64/ac4cbdf48759c7d8c3eb91ffe6bb04316e263c57/bin/helpers/browser.sh', 'HOME': '/home/vscode', 'TERM_PROGRAM_VERSION': '1.106.0', 'VSCODE_IPC_HOOK_CLI': '/tmp/vscode-ipc-44527d33-f74a-4ad4-9e20-fd4db91b8445.sock', 'ROS_PYTHON_VERSION': '3', 'VSCODE_GIT_ASKPASS_MAIN': '/vscode/vscode-server/bin/linux-x64/ac4cbdf48759c7d8c3eb91ffe6bb04316e263c57/extensions/git/dist/askpass-main.js', 'VSCODE_GIT_ASKPASS_NODE': '/vscode/vscode-server/bin/linux-x64/ac4cbdf48759c7d8c3eb91ffe6bb04316e263c57/node', 'VSCODE_PYTHON_AUTOACTIVATE_GUARD': '1', 'COLORTERM': 'truecolor', 'REMOTE_CONTAINERS': 'true', 'WAYLAND_DISPLAY': 'vscode-wayland-6ce7d0e9-5b6b-46b2-a2f1-5d3d5d4b2e7f.sock', 'COLCON_PREFIX_PATH': '/bristol_fsai_sim-docker/install', 'ROS_DISTRO': 'galactic', 'REMOTE_CONTAINERS_IPC': '/tmp/vscode-remote-containers-ipc-8e75e97d-8e6f-4c26-880b-7a43c1d13b9e.sock', 'EUFS_MASTER': '/bristol_fsai_sim-docker', '_': '/usr/bin/colcon', 'ROS_VERSION': '2', 'TERM': 'xterm-256color', 'ROS_LOCALHOST_ONLY': '0', 'PATH': '/vscode/vscode-server/bin/linux-x64/ac4cbdf48759c7d8c3eb91ffe6bb04316e263c57/bin/remote-cli:/opt/ros/galactic/bin:/usr/local/sbin:/usr/local/bin:/usr/sbin:/usr/bin:/sbin:/bin', 'XDG_RUNTIME_DIR': '/tmp/user/1000', 'REMOTE_CONTAINERS_SOCKETS': '["/tmp/vscode-ssh-auth-8e75e97d-8e6f-4c26-880b-7a43c1d13b9e.sock","/tmp/.X11-unix/X0","/home/vscode/.gnupg/S.gpg-agent"]', 'DISPLAY': ':0', 'LANG': 'C.UTF-8', 'LS_COLORS': 'rs=0:di=01;34:ln=01;36:mh=00:pi=40;33:so=01;35:do=01;35:bd=40;33;01:cd=40;33;01:or=40;31;01:mi=00:su=37;41:sg=30;43:ca=30;41:tw=30;42:ow=34;42:st=37;44:ex=01;32:*.tar=01;31:*.tgz=01;31:*.arc=01;31:*.arj=01;31:*.taz=01;31:*.lha=01;31:*.lz4=01;31:*.lzh=01;31:*.lzma=01;31:*.tlz=01;31:*.txz=01;31:*.tzo=01;31:*.t7z=01;31:*.zip=01;31:*.z=01;31:*.dz=01;31:*.gz=01;31:*.lrz=01;31:*.lz=01;31:*.lzo=01;31:*.xz=01;31:*.zst=01;31:*.tzst=01;31:*.bz2=01;31:*.bz=01;31:*.tbz=01;31:*.tbz2=01;31:*.tz=01;31:*.deb=01;31:*.rpm=01;31:*.jar=01;31:*.war=01;31:*.ear=01;31:*.sar=01;31:*.rar=01;31:*.alz=01;31:*.ace=01;31:*.zoo=01;31:*.cpio=01;31:*.7z=01;31:*.rz=01;31:*.cab=01;31:*.wim=01;31:*.swm=01;31:*.dwm=01;31:*.esd=01;31:*.jpg=01;35:*.jpeg=01;35:*.mjpg=01;35:*.mjpeg=01;35:*.gif=01;35:*.bmp=01;35:*.pbm=01;35:*.pgm=01;35:*.ppm=01;35:*.tga=01;35:*.xbm=01;35:*.xpm=01;35:*.tif=01;35:*.tiff=01;35:*.png=01;35:*.svg=01;35:*.svgz=01;35:*.mng=01;35:*.pcx=01;35:*.mov=01;35:*.mpg=01;35:*.mpeg=01;35:*.m2v=01;35:*.mkv=01;35:*.webm=01;35:*.ogm=01;35:*.mp4=01;35:*.m4v=01;35:*.mp4v=01;35:*.vob=01;35:*.qt=01;35:*.nuv=01;35:*.wmv=01;35:*.asf=01;35:*.rm=01;35:*.rmvb=01;35:*.flc=01;35:*.avi=01;35:*.fli=01;35:*.flv=01;35:*.gl=01;35:*.dl=01;35:*.xcf=01;35:*.xwd=01;35:*.yuv=01;35:*.cgm=01;35:*.emf=01;35:*.ogv=01;35:*.ogx=01;35:*.aac=00;36:*.au=00;36:*.flac=00;36:*.m4a=00;36:*.mid=00;36:*.midi=00;36:*.mka=00;36:*.mp3=00;36:*.mpc=00;36:*.ogg=00;36:*.ra=00;36:*.wav=00;36:*.oga=00;36:*.opus=00;36:*.spx=00;36:*.xspf=00;36:', 'VSCODE_GIT_IPC_HANDLE': '/tmp/user/1000/vscode-git-0b6b322ce0.sock', 'TERM_PROGRAM': 'vscode', 'SSH_AUTH_SOCK': '/tmp/vscode-ssh-auth-8e75e97d-8e6f-4c26-880b-7a43c1d13b9e.sock', 'AMENT_PREFIX_PATH': '/bristol_fsai_sim-docker/install/eufs_msgs:/opt/ros/galactic', 'REMOTE_CONTAINERS_DISPLAY_SOCK': '/tmp/.X11-unix/X0', 'SHELL': '/bin/bash', 'VSCODE_GIT_ASKPASS_EXTRA_ARGS': '', 'PWD': '/bristol_fsai_sim-docker/build/eufs_rqt', 'LC_ALL': 'C.UTF-8', 'PYTHONPATH': '/bristol_fsai_sim-docker/build/eufs_rqt/prefix_override:/bristol_fsai_sim-docker/install/eufs_rqt/lib/python3.8/site-packages:/bristol_fsai_sim-docker/install/eufs_msgs/lib/python3.8/site-packages:/opt/ros/galactic/lib/python3.8/site-packages', 'COLCON': '1', 'CMAKE_PREFIX_PATH': '/bristol_fsai_sim-docker/install/eufs_msgs'}, 'shell': False}
[184.116874] (eufs_models) StdoutLine: {'line': b'-- Found eufs_msgs: 2.0.0 (/bristol_fsai_sim-docker/install/eufs_msgs/share/eufs_msgs/cmake)\n'}
[184.133726] (control_cpp) StdoutLine: {'line': b'-- Found rclcpp: 9.2.2 (/opt/ros/galactic/share/rclcpp/cmake)\n'}
[184.139301] (eufs_rviz_plugins) StdoutLine: {'line': b'-- Check for working CXX compiler: /usr/bin/c++ -- works\n'}
[184.142763] (eufs_rviz_plugins) StdoutLine: {'line': b'-- Detecting CXX compiler ABI info\n'}
[184.172492] (-) TimerEvent: {}
[184.189788] (ros_can) StdoutLine: {'line': b'-- Check for working CXX compiler: /usr/bin/c++ -- works\n'}
[184.193045] (ros_can) StdoutLine: {'line': b'-- Detecting CXX compiler ABI info\n'}
[184.253957] (eufs_models) StdoutLine: {'line': b'-- Using all available rosidl_typesupport_c: rosidl_typesupport_fastrtps_c;rosidl_typesupport_introspection_c\n'}
[184.272647] (-) TimerEvent: {}
[184.275443] (eufs_models) StdoutLine: {'line': b'-- Found rosidl_adapter: 2.2.3 (/opt/ros/galactic/share/rosidl_adapter/cmake)\n'}
[184.355246] (control_cpp) StdoutLine: {'line': b'-- Using all available rosidl_typesupport_c: rosidl_typesupport_fastrtps_c;rosidl_typesupport_introspection_c\n'}
[184.372841] (-) TimerEvent: {}
[184.387991] (eufs_rviz_plugins) StdoutLine: {'line': b'-- Detecting CXX compiler ABI info - done\n'}
[184.390470] (control_cpp) StdoutLine: {'line': b'-- Found rosidl_adapter: 2.2.3 (/opt/ros/galactic/share/rosidl_adapter/cmake)\n'}
[184.427656] (eufs_rviz_plugins) StdoutLine: {'line': b'-- Detecting CXX compile features\n'}
[184.428852] (eufs_rviz_plugins) StdoutLine: {'line': b'-- Detecting CXX compile features - done\n'}
[184.432382] (ros_can) StdoutLine: {'line': b'-- Detecting CXX compiler ABI info - done\n'}
[184.445258] (eufs_rviz_plugins) StdoutLine: {'line': b'-- Found ament_cmake: 1.1.6 (/opt/ros/galactic/share/ament_cmake/cmake)\n'}
[184.472234] (ros_can) StdoutLine: {'line': b'-- Detecting CXX compile features\n'}
[184.472589] (ros_can) StdoutLine: {'line': b'-- Detecting CXX compile features - done\n'}
[184.472912] (-) TimerEvent: {}
[184.481045] (ros_can) StdoutLine: {'line': b'-- Found ament_cmake: 1.1.6 (/opt/ros/galactic/share/ament_cmake/cmake)\n'}
[184.513808] (eufs_rviz_plugins) StdoutLine: {'line': b'-- Found PythonInterp: /usr/bin/python3 (found suitable version "3.8.10", minimum required is "3") \n'}
[184.518232] (eufs_rviz_plugins) StdoutLine: {'line': b'-- Using PYTHON_EXECUTABLE: /usr/bin/python3\n'}
[184.555257] (ros_can) StdoutLine: {'line': b'-- Found PythonInterp: /usr/bin/python3 (found suitable version "3.8.10", minimum required is "3") \n'}
[184.555993] (ros_can) StdoutLine: {'line': b'-- Using PYTHON_EXECUTABLE: /usr/bin/python3\n'}
[184.573296] (eufs_models) StdoutLine: {'line': b'-- Found OpenSSL: /usr/lib/x86_64-linux-gnu/libcrypto.so (found version "1.1.1f")  \n'}
[184.573692] (-) TimerEvent: {}
[184.674715] (-) TimerEvent: {}
[184.687354] (eufs_rviz_plugins) StdoutLine: {'line': b'-- Override CMake install command with custom implementation using symlinks instead of copying resources\n'}
[184.699381] (eufs_rqt) StdoutLine: {'line': b'running develop\n'}
[184.709291] (control_cpp) StdoutLine: {'line': b'-- Found OpenSSL: /usr/lib/x86_64-linux-gnu/libcrypto.so (found version "1.1.1f")  \n'}
[184.709825] (eufs_models) StdoutLine: {'line': b'-- Found FastRTPS: /opt/ros/galactic/include  \n'}
[184.713319] (ros_can) StdoutLine: {'line': b'-- Override CMake install command with custom implementation using symlinks instead of copying resources\n'}
[184.775098] (-) TimerEvent: {}
[184.798726] (eufs_rviz_plugins) StdoutLine: {'line': b'-- Found eigen3_cmake_module: 0.1.1 (/opt/ros/galactic/share/eigen3_cmake_module/cmake)\n'}
[184.806617] (control_cpp) StdoutLine: {'line': b'-- Found FastRTPS: /opt/ros/galactic/include  \n'}
[184.810342] (eufs_rviz_plugins) StdoutLine: {'line': b'-- Found pluginlib: 5.0.1 (/opt/ros/galactic/share/pluginlib/cmake)\n'}
[184.815954] (ros_can) StdoutLine: {'line': b'-- Found rclcpp: 9.2.2 (/opt/ros/galactic/share/rclcpp/cmake)\n'}
[184.875250] (-) TimerEvent: {}
[184.976550] (-) TimerEvent: {}
[184.997936] (eufs_rqt) StdoutLine: {'line': b'running egg_info\n'}
[184.999021] (eufs_rqt) StdoutLine: {'line': b'creating src/eufs_rqt.egg-info\n'}
[184.999231] (eufs_rqt) StdoutLine: {'line': b'writing src/eufs_rqt.egg-info/PKG-INFO\n'}
[184.999501] (eufs_rqt) StdoutLine: {'line': b'writing dependency_links to src/eufs_rqt.egg-info/dependency_links.txt\n'}
[184.999713] (eufs_rqt) StdoutLine: {'line': b'writing requirements to src/eufs_rqt.egg-info/requires.txt\n'}
[184.999873] (eufs_rqt) StdoutLine: {'line': b'writing top-level names to src/eufs_rqt.egg-info/top_level.txt\n'}
[185.003139] (eufs_rqt) StdoutLine: {'line': b"writing manifest file 'src/eufs_rqt.egg-info/SOURCES.txt'\n"}
[185.006488] (eufs_models) StdoutLine: {'line': b'-- Using all available rosidl_typesupport_cpp: rosidl_typesupport_fastrtps_cpp;rosidl_typesupport_introspection_cpp\n'}
[185.073252] (ros_can) StdoutLine: {'line': b'-- Using all available rosidl_typesupport_c: rosidl_typesupport_fastrtps_c;rosidl_typesupport_introspection_c\n'}
[185.077254] (-) TimerEvent: {}
[185.093296] (ros_can) StdoutLine: {'line': b'-- Found rosidl_adapter: 2.2.3 (/opt/ros/galactic/share/rosidl_adapter/cmake)\n'}
[185.100305] (eufs_rqt) StdoutLine: {'line': b"reading manifest file 'src/eufs_rqt.egg-info/SOURCES.txt'\n"}
[185.101217] (eufs_rqt) StdoutLine: {'line': b"writing manifest file 'src/eufs_rqt.egg-info/SOURCES.txt'\n"}
[185.108132] (eufs_rviz_plugins) StdoutLine: {'line': b'-- Found rviz_common: 8.5.2 (/opt/ros/galactic/share/rviz_common/cmake)\n'}
[185.177395] (-) TimerEvent: {}
[185.191864] (control_cpp) StdoutLine: {'line': b'-- Using all available rosidl_typesupport_cpp: rosidl_typesupport_fastrtps_cpp;rosidl_typesupport_introspection_cpp\n'}
[185.202567] (eufs_rqt) StdoutLine: {'line': b'running build_ext\n'}
[185.203294] (eufs_rqt) StdoutLine: {'line': b'Creating /bristol_fsai_sim-docker/install/eufs_rqt/lib/python3.8/site-packages/site.py\n'}
[185.209068] (eufs_rqt) StdoutLine: {'line': b'Creating /bristol_fsai_sim-docker/install/eufs_rqt/lib/python3.8/site-packages/eufs-rqt.egg-link (link to src)\n'}
[185.218540] (eufs_rqt) StdoutLine: {'line': b'Installing eufs_robot_steering_gui script to /bristol_fsai_sim-docker/install/eufs_rqt/lib/eufs_rqt\n'}
[185.218895] (eufs_rqt) StdoutLine: {'line': b'Installing mission_control_gui script to /bristol_fsai_sim-docker/install/eufs_rqt/lib/eufs_rqt\n'}
[185.219068] (eufs_rqt) StdoutLine: {'line': b'\n'}
[185.219269] (eufs_rqt) StdoutLine: {'line': b'Installed /bristol_fsai_sim-docker/build/eufs_rqt/src\n'}
[185.223931] (eufs_rqt) StdoutLine: {'line': b'running install_data\n'}
[185.224273] (eufs_rqt) StdoutLine: {'line': b'creating /bristol_fsai_sim-docker/install/eufs_rqt/share/eufs_rqt/config\n'}
[185.224512] (eufs_rqt) StdoutLine: {'line': b'copying config/eufs_sim.perspective -> /bristol_fsai_sim-docker/install/eufs_rqt/share/eufs_rqt/config\n'}
[185.224664] (eufs_rqt) StdoutLine: {'line': b'copying config/topics_frequency.perspective -> /bristol_fsai_sim-docker/install/eufs_rqt/share/eufs_rqt/config\n'}
[185.224823] (eufs_rqt) StdoutLine: {'line': b'copying config/topics_frequency_config.yaml -> /bristol_fsai_sim-docker/install/eufs_rqt/share/eufs_rqt/config\n'}
[185.226746] (eufs_rqt) StdoutLine: {'line': b'creating /bristol_fsai_sim-docker/install/eufs_rqt/share/eufs_rqt/resource\n'}
[185.226941] (eufs_rqt) StdoutLine: {'line': b'copying resource/EUFSRobotSteeringGUI.ui -> /bristol_fsai_sim-docker/install/eufs_rqt/share/eufs_rqt/resource\n'}
[185.227115] (eufs_rqt) StdoutLine: {'line': b'copying resource/MissionControlGUI.ui -> /bristol_fsai_sim-docker/install/eufs_rqt/share/eufs_rqt/resource\n'}
[185.227296] (eufs_rqt) StdoutLine: {'line': b'copying plugin.xml -> /bristol_fsai_sim-docker/install/eufs_rqt/share/eufs_rqt\n'}
[185.227453] (eufs_rqt) StdoutLine: {'line': b'creating /bristol_fsai_sim-docker/install/eufs_rqt/share/ament_index\n'}
[185.227620] (eufs_rqt) StdoutLine: {'line': b'creating /bristol_fsai_sim-docker/install/eufs_rqt/share/ament_index/resource_index\n'}
[185.227781] (eufs_rqt) StdoutLine: {'line': b'creating /bristol_fsai_sim-docker/install/eufs_rqt/share/ament_index/resource_index/packages\n'}
[185.227945] (eufs_rqt) StdoutLine: {'line': b'copying resource/eufs_rqt -> /bristol_fsai_sim-docker/install/eufs_rqt/share/ament_index/resource_index/packages\n'}
[185.228105] (eufs_rqt) StdoutLine: {'line': b'copying package.xml -> /bristol_fsai_sim-docker/install/eufs_rqt/share/eufs_rqt\n'}
[185.229830] (eufs_rviz_plugins) StdoutLine: {'line': b"-- Setting OGRE_DIR to: '/opt/ros/galactic/share/rviz_ogre_vendor/cmake/../../../opt/rviz_ogre_vendor/lib/OGRE/cmake'\n"}
[185.240880] (eufs_rviz_plugins) StdoutLine: {'line': b'-- Found OGRE\n'}
[185.243349] (eufs_rviz_plugins) StdoutLine: {'line': b'--   static     : OFF\n'}
[185.243672] (eufs_rviz_plugins) StdoutLine: {'line': b'--   components : HLMS;MeshLodGenerator;Overlay;Paging;Property;RTShaderSystem;Terrain;Volume\n'}
[185.243867] (eufs_rviz_plugins) StdoutLine: {'line': b'--   plugins    : Plugin_BSPSceneManager;Plugin_OctreeSceneManager;Plugin_PCZSceneManager;Plugin_ParticleFX;RenderSystem_GL;RenderSystem_GL3Plus;Codec_STBI\n'}
[185.244072] (eufs_rviz_plugins) StdoutLine: {'line': b'--   media      : /opt/ros/galactic/opt/rviz_ogre_vendor/share/OGRE/Media\n'}
[185.244690] (eufs_rviz_plugins) StdoutLine: {'line': b'-- OGRE_LIBRARIES: OgreHLMS;OgreMeshLodGenerator;OgreOverlay;OgrePaging;OgreProperty;OgreRTShaderSystem;OgreTerrain;OgreVolume;OgreMain\n'}
[185.244922] (eufs_rviz_plugins) StdoutLine: {'line': b'-- OGRE_LIBRARY_DIRS: /opt/ros/galactic/opt/rviz_ogre_vendor/lib\n'}
[185.245107] (eufs_rviz_plugins) StdoutLine: {'line': b'-- OGRE_PLUGINS: Plugin_BSPSceneManager;Plugin_OctreeSceneManager;Plugin_PCZSceneManager;Plugin_ParticleFX;RenderSystem_GL;RenderSystem_GL3Plus;Codec_STBI\n'}
[185.245305] (eufs_rviz_plugins) StdoutLine: {'line': b'-- OGRE_PLUGIN_DIR: /opt/ros/galactic/opt/rviz_ogre_vendor/lib/OGRE\n'}
[185.247301] (eufs_rviz_plugins) StdoutLine: {'line': b'-- rviz_ogre_vendor::OgreOverlay for IMPORTED_LOCATION_RELEASE: /opt/ros/galactic/opt/rviz_ogre_vendor/lib/libOgreOverlay.so\n'}
[185.247581] (eufs_rviz_plugins) StdoutLine: {'line': b'-- rviz_ogre_vendor::OgreOverlay for IMPORTED_LOCATION_DEBUG: /opt/ros/galactic/opt/rviz_ogre_vendor/lib/libOgreOverlay.so\n'}
[185.248079] (eufs_rviz_plugins) StdoutLine: {'line': b'-- rviz_ogre_vendor::OgreMain for IMPORTED_LOCATION_RELEASE: /opt/ros/galactic/opt/rviz_ogre_vendor/lib/libOgreMain.so\n'}
[185.248460] (eufs_rviz_plugins) StdoutLine: {'line': b'-- rviz_ogre_vendor::OgreMain for IMPORTED_LOCATION_DEBUG: /opt/ros/galactic/opt/rviz_ogre_vendor/lib/libOgreMain.so\n'}
[185.275821] (eufs_rqt) CommandEnded: {'returncode': 0}
[185.281324] (-) TimerEvent: {}
[185.316065] (eufs_rqt) JobEnded: {'identifier': 'eufs_rqt', 'rc': 0}
[185.319831] (eufs_rviz_plugins) StdoutLine: {'line': b'-- Found ZLIB: /usr/lib/x86_64-linux-gnu/libz.so (found version "1.2.11") \n'}
[185.335910] (eufs_rviz_plugins) StdoutLine: {'line': b'-- Found OpenGL: /usr/lib/x86_64-linux-gnu/libOpenGL.so   \n'}
[185.381496] (-) TimerEvent: {}
[185.386730] (control_cpp) StdoutLine: {'line': b'-- Found rmw_implementation_cmake: 3.3.1 (/opt/ros/galactic/share/rmw_implementation_cmake/cmake)\n'}
[185.387811] (ros_can) StdoutLine: {'line': b'-- Found OpenSSL: /usr/lib/x86_64-linux-gnu/libcrypto.so (found version "1.1.1f")  \n'}
[185.399558] (control_cpp) StdoutLine: {'line': b'-- Found rmw_cyclonedds_cpp: 0.22.6 (/opt/ros/galactic/share/rmw_cyclonedds_cpp/cmake)\n'}
[185.462982] (control_cpp) StdoutLine: {'line': b"-- Using RMW implementation 'rmw_cyclonedds_cpp' as default\n"}
[185.465381] (control_cpp) StdoutLine: {'line': b'-- Looking for pthread.h\n'}
[185.483886] (-) TimerEvent: {}
[185.494039] (ros_can) StdoutLine: {'line': b'-- Found FastRTPS: /opt/ros/galactic/include  \n'}
[185.584043] (-) TimerEvent: {}
[185.617229] (eufs_rviz_plugins) StdoutLine: {'line': b'-- Found X11: /usr/include   \n'}
[185.621813] (eufs_rviz_plugins) StdoutLine: {'line': b'-- Looking for XOpenDisplay in /usr/lib/x86_64-linux-gnu/libX11.so;/usr/lib/x86_64-linux-gnu/libXext.so\n'}
[185.673288] (control_cpp) StdoutLine: {'line': b'-- Looking for pthread.h - found\n'}
[185.675214] (control_cpp) StdoutLine: {'line': b'-- Performing Test CMAKE_HAVE_LIBC_PTHREAD\n'}
[185.684160] (-) TimerEvent: {}
[185.768888] (ros_can) StdoutLine: {'line': b'-- Using all available rosidl_typesupport_cpp: rosidl_typesupport_fastrtps_cpp;rosidl_typesupport_introspection_cpp\n'}
[185.784295] (-) TimerEvent: {}
[185.856952] (eufs_rviz_plugins) StdoutLine: {'line': b'-- Looking for XOpenDisplay in /usr/lib/x86_64-linux-gnu/libX11.so;/usr/lib/x86_64-linux-gnu/libXext.so - found\n'}
[185.857403] (eufs_rviz_plugins) StdoutLine: {'line': b'-- Looking for gethostbyname\n'}
[185.884428] (-) TimerEvent: {}
[185.896409] (control_cpp) StdoutLine: {'line': b'-- Performing Test CMAKE_HAVE_LIBC_PTHREAD - Failed\n'}
[185.897340] (control_cpp) StdoutLine: {'line': b'-- Looking for pthread_create in pthreads\n'}
[185.938575] (ros_can) StdoutLine: {'line': b'-- Found rmw_implementation_cmake: 3.3.1 (/opt/ros/galactic/share/rmw_implementation_cmake/cmake)\n'}
[185.948216] (ros_can) StdoutLine: {'line': b'-- Found rmw_cyclonedds_cpp: 0.22.6 (/opt/ros/galactic/share/rmw_cyclonedds_cpp/cmake)\n'}
[185.985283] (-) TimerEvent: {}
[186.006605] (ros_can) StdoutLine: {'line': b"-- Using RMW implementation 'rmw_cyclonedds_cpp' as default\n"}
[186.008252] (ros_can) StdoutLine: {'line': b'-- Looking for pthread.h\n'}
[186.057256] (eufs_rviz_plugins) StdoutLine: {'line': b'-- Looking for gethostbyname - found\n'}
[186.057666] (eufs_rviz_plugins) StdoutLine: {'line': b'-- Looking for connect\n'}
[186.072451] (control_cpp) StdoutLine: {'line': b'-- Looking for pthread_create in pthreads - not found\n'}
[186.072860] (control_cpp) StdoutLine: {'line': b'-- Looking for pthread_create in pthread\n'}
[186.085435] (-) TimerEvent: {}
[186.186014] (-) TimerEvent: {}
[186.207243] (ros_can) StdoutLine: {'line': b'-- Looking for pthread.h - found\n'}
[186.207630] (ros_can) StdoutLine: {'line': b'-- Performing Test CMAKE_HAVE_LIBC_PTHREAD\n'}
[186.280277] (eufs_rviz_plugins) StdoutLine: {'line': b'-- Looking for connect - found\n'}
[186.280997] (eufs_rviz_plugins) StdoutLine: {'line': b'-- Looking for remove\n'}
[186.281391] (control_cpp) StdoutLine: {'line': b'-- Looking for pthread_create in pthread - found\n'}
[186.284475] (control_cpp) StdoutLine: {'line': b'-- Found Threads: TRUE  \n'}
[186.286099] (-) TimerEvent: {}
[186.386637] (-) TimerEvent: {}
[186.472407] (ros_can) StdoutLine: {'line': b'-- Performing Test CMAKE_HAVE_LIBC_PTHREAD - Failed\n'}
[186.472815] (ros_can) StdoutLine: {'line': b'-- Looking for pthread_create in pthreads\n'}
[186.478916] (eufs_rviz_plugins) StdoutLine: {'line': b'-- Looking for remove - found\n'}
[186.480196] (eufs_rviz_plugins) StdoutLine: {'line': b'-- Looking for shmat\n'}
[186.486790] (-) TimerEvent: {}
[186.491449] (eufs_models) StdoutLine: {'line': b'-- Configuring done\n'}
[186.513415] (eufs_models) StdoutLine: {'line': b'-- Generating done\n'}
[186.517751] (eufs_models) StdoutLine: {'line': b'-- Build files have been written to: /bristol_fsai_sim-docker/build/eufs_models\n'}
[186.533616] (eufs_models) CommandEnded: {'returncode': 0}
[186.541026] (eufs_models) JobProgress: {'identifier': 'eufs_models', 'progress': 'build'}
[186.541788] (eufs_models) Command: {'cmd': ['/usr/bin/cmake', '--build', '/bristol_fsai_sim-docker/build/eufs_models', '--', '-j8', '-l8'], 'cwd': '/bristol_fsai_sim-docker/build/eufs_models', 'env': OrderedDict([('HOSTNAME', 'alan-Latitude-5420'), ('GIT_ASKPASS', '/vscode/vscode-server/bin/linux-x64/ac4cbdf48759c7d8c3eb91ffe6bb04316e263c57/extensions/git/dist/askpass.sh'), ('SHLVL', '2'), ('LD_LIBRARY_PATH', '/bristol_fsai_sim-docker/install/eufs_msgs/lib:/usr/lib/x86_64-linux-gnu/gazebo-11/plugins:/opt/ros/galactic/opt/yaml_cpp_vendor/lib:/opt/ros/galactic/opt/rviz_ogre_vendor/lib:/opt/ros/galactic/lib/x86_64-linux-gnu:/opt/ros/galactic/lib'), ('BROWSER', '/vscode/vscode-server/bin/linux-x64/ac4cbdf48759c7d8c3eb91ffe6bb04316e263c57/bin/helpers/browser.sh'), ('HOME', '/home/vscode'), ('TERM_PROGRAM_VERSION', '1.106.0'), ('VSCODE_IPC_HOOK_CLI', '/tmp/vscode-ipc-44527d33-f74a-4ad4-9e20-fd4db91b8445.sock'), ('ROS_PYTHON_VERSION', '3'), ('VSCODE_GIT_ASKPASS_MAIN', '/vscode/vscode-server/bin/linux-x64/ac4cbdf48759c7d8c3eb91ffe6bb04316e263c57/extensions/git/dist/askpass-main.js'), ('VSCODE_GIT_ASKPASS_NODE', '/vscode/vscode-server/bin/linux-x64/ac4cbdf48759c7d8c3eb91ffe6bb04316e263c57/node'), ('VSCODE_PYTHON_AUTOACTIVATE_GUARD', '1'), ('COLORTERM', 'truecolor'), ('REMOTE_CONTAINERS', 'true'), ('WAYLAND_DISPLAY', 'vscode-wayland-6ce7d0e9-5b6b-46b2-a2f1-5d3d5d4b2e7f.sock'), ('COLCON_PREFIX_PATH', '/bristol_fsai_sim-docker/install'), ('ROS_DISTRO', 'galactic'), ('REMOTE_CONTAINERS_IPC', '/tmp/vscode-remote-containers-ipc-8e75e97d-8e6f-4c26-880b-7a43c1d13b9e.sock'), ('EUFS_MASTER', '/bristol_fsai_sim-docker'), ('_', '/usr/bin/colcon'), ('ROS_VERSION', '2'), ('TERM', 'xterm-256color'), ('ROS_LOCALHOST_ONLY', '0'), ('PATH', '/vscode/vscode-server/bin/linux-x64/ac4cbdf48759c7d8c3eb91ffe6bb04316e263c57/bin/remote-cli:/opt/ros/galactic/bin:/usr/local/sbin:/usr/local/bin:/usr/sbin:/usr/bin:/sbin:/bin'), ('XDG_RUNTIME_DIR', '/tmp/user/1000'), ('REMOTE_CONTAINERS_SOCKETS', '["/tmp/vscode-ssh-auth-8e75e97d-8e6f-4c26-880b-7a43c1d13b9e.sock","/tmp/.X11-unix/X0","/home/vscode/.gnupg/S.gpg-agent"]'), ('DISPLAY', ':0'), ('LANG', 'C.UTF-8'), ('LS_COLORS', 'rs=0:di=01;34:ln=01;36:mh=00:pi=40;33:so=01;35:do=01;35:bd=40;33;01:cd=40;33;01:or=40;31;01:mi=00:su=37;41:sg=30;43:ca=30;41:tw=30;42:ow=34;42:st=37;44:ex=01;32:*.tar=01;31:*.tgz=01;31:*.arc=01;31:*.arj=01;31:*.taz=01;31:*.lha=01;31:*.lz4=01;31:*.lzh=01;31:*.lzma=01;31:*.tlz=01;31:*.txz=01;31:*.tzo=01;31:*.t7z=01;31:*.zip=01;31:*.z=01;31:*.dz=01;31:*.gz=01;31:*.lrz=01;31:*.lz=01;31:*.lzo=01;31:*.xz=01;31:*.zst=01;31:*.tzst=01;31:*.bz2=01;31:*.bz=01;31:*.tbz=01;31:*.tbz2=01;31:*.tz=01;31:*.deb=01;31:*.rpm=01;31:*.jar=01;31:*.war=01;31:*.ear=01;31:*.sar=01;31:*.rar=01;31:*.alz=01;31:*.ace=01;31:*.zoo=01;31:*.cpio=01;31:*.7z=01;31:*.rz=01;31:*.cab=01;31:*.wim=01;31:*.swm=01;31:*.dwm=01;31:*.esd=01;31:*.jpg=01;35:*.jpeg=01;35:*.mjpg=01;35:*.mjpeg=01;35:*.gif=01;35:*.bmp=01;35:*.pbm=01;35:*.pgm=01;35:*.ppm=01;35:*.tga=01;35:*.xbm=01;35:*.xpm=01;35:*.tif=01;35:*.tiff=01;35:*.png=01;35:*.svg=01;35:*.svgz=01;35:*.mng=01;35:*.pcx=01;35:*.mov=01;35:*.mpg=01;35:*.mpeg=01;35:*.m2v=01;35:*.mkv=01;35:*.webm=01;35:*.ogm=01;35:*.mp4=01;35:*.m4v=01;35:*.mp4v=01;35:*.vob=01;35:*.qt=01;35:*.nuv=01;35:*.wmv=01;35:*.asf=01;35:*.rm=01;35:*.rmvb=01;35:*.flc=01;35:*.avi=01;35:*.fli=01;35:*.flv=01;35:*.gl=01;35:*.dl=01;35:*.xcf=01;35:*.xwd=01;35:*.yuv=01;35:*.cgm=01;35:*.emf=01;35:*.ogv=01;35:*.ogx=01;35:*.aac=00;36:*.au=00;36:*.flac=00;36:*.m4a=00;36:*.mid=00;36:*.midi=00;36:*.mka=00;36:*.mp3=00;36:*.mpc=00;36:*.ogg=00;36:*.ra=00;36:*.wav=00;36:*.oga=00;36:*.opus=00;36:*.spx=00;36:*.xspf=00;36:'), ('VSCODE_GIT_IPC_HANDLE', '/tmp/user/1000/vscode-git-0b6b322ce0.sock'), ('TERM_PROGRAM', 'vscode'), ('SSH_AUTH_SOCK', '/tmp/vscode-ssh-auth-8e75e97d-8e6f-4c26-880b-7a43c1d13b9e.sock'), ('AMENT_PREFIX_PATH', '/bristol_fsai_sim-docker/install/eufs_msgs:/opt/ros/galactic'), ('REMOTE_CONTAINERS_DISPLAY_SOCK', '/tmp/.X11-unix/X0'), ('SHELL', '/bin/bash'), ('VSCODE_GIT_ASKPASS_EXTRA_ARGS', ''), ('PWD', '/bristol_fsai_sim-docker/build/eufs_models'), ('LC_ALL', 'C.UTF-8'), ('PYTHONPATH', '/bristol_fsai_sim-docker/install/eufs_msgs/lib/python3.8/site-packages:/opt/ros/galactic/lib/python3.8/site-packages'), ('COLCON', '1'), ('CMAKE_PREFIX_PATH', '/bristol_fsai_sim-docker/install/eufs_msgs:/opt/ros/galactic')]), 'shell': False}
[186.586937] (-) TimerEvent: {}
[186.656573] (ros_can) StdoutLine: {'line': b'-- Looking for pthread_create in pthreads - not found\n'}
[186.657052] (ros_can) StdoutLine: {'line': b'-- Looking for pthread_create in pthread\n'}
[186.677565] (eufs_rviz_plugins) StdoutLine: {'line': b'-- Looking for shmat - found\n'}
[186.678050] (eufs_rviz_plugins) StdoutLine: {'line': b'-- Looking for IceConnectionNumber in ICE\n'}
[186.680167] (eufs_models) StdoutLine: {'line': b'\x1b[35m\x1b[1mScanning dependencies of target eufs_models\x1b[0m\n'}
[186.687845] (-) TimerEvent: {}
[186.717233] (eufs_models) StdoutLine: {'line': b'[ 25%] \x1b[32mBuilding CXX object CMakeFiles/eufs_models.dir/src/point_mass.cpp.o\x1b[0m\n'}
[186.719099] (eufs_models) StdoutLine: {'line': b'[ 50%] \x1b[32mBuilding CXX object CMakeFiles/eufs_models.dir/src/dynamic_bicycle.cpp.o\x1b[0m\n'}
[186.720600] (eufs_models) StdoutLine: {'line': b'[ 75%] \x1b[32mBuilding CXX object CMakeFiles/eufs_models.dir/src/vehicle_model.cpp.o\x1b[0m\n'}
[186.759969] (control_cpp) StdoutLine: {'line': b'-- Found eufs_msgs: 2.0.0 (/bristol_fsai_sim-docker/install/eufs_msgs/share/eufs_msgs/cmake)\n'}
[186.787984] (-) TimerEvent: {}
[186.890743] (-) TimerEvent: {}
[186.923338] (eufs_rviz_plugins) StdoutLine: {'line': b'-- Looking for IceConnectionNumber in ICE - found\n'}
[186.928212] (eufs_rviz_plugins) StdoutLine: {'line': b'-- rviz_ogre_vendor::RenderSystem_GL for IMPORTED_LOCATION_RELEASE: _render_system_gl_static_library_abs-NOTFOUND\n'}
[186.928593] (eufs_rviz_plugins) StdoutLine: {'line': b'-- rviz_ogre_vendor::RenderSystem_GL for IMPORTED_LOCATION_DEBUG: _render_system_gl_static_library_abs-NOTFOUND\n'}
[186.954622] (eufs_rviz_plugins) StdoutLine: {'line': b'-- library: libassimp.so.5\n'}
[186.977324] (ros_can) StdoutLine: {'line': b'-- Looking for pthread_create in pthread - found\n'}
[186.979854] (ros_can) StdoutLine: {'line': b'-- Found Threads: TRUE  \n'}
[187.000241] (-) TimerEvent: {}
[187.115406] (-) TimerEvent: {}
[187.216262] (-) TimerEvent: {}
[187.282348] (eufs_rviz_plugins) StdoutLine: {'line': b'-- library: /usr/lib/x86_64-linux-gnu/libcurl.so\n'}
[187.317335] (-) TimerEvent: {}
[187.364912] (eufs_rviz_plugins) StdoutLine: {'line': b'-- Using all available rosidl_typesupport_c: rosidl_typesupport_fastrtps_c;rosidl_typesupport_introspection_c\n'}
[187.395957] (eufs_rviz_plugins) StdoutLine: {'line': b'-- Found rosidl_adapter: 2.2.3 (/opt/ros/galactic/share/rosidl_adapter/cmake)\n'}
[187.418066] (-) TimerEvent: {}
[187.519676] (ros_can) StdoutLine: {'line': b'-- Found tf2: 0.17.5 (/opt/ros/galactic/share/tf2/cmake)\n'}
[187.520122] (-) TimerEvent: {}
[187.622405] (-) TimerEvent: {}
[187.734270] (-) TimerEvent: {}
[187.749585] (ros_can) StdoutLine: {'line': b'-- Found tf2_ros: 0.17.5 (/opt/ros/galactic/share/tf2_ros/cmake)\n'}
[187.824267] (eufs_rviz_plugins) StdoutLine: {'line': b'-- Found OpenSSL: /usr/lib/x86_64-linux-gnu/libcrypto.so (found version "1.1.1f")  \n'}
[187.834415] (-) TimerEvent: {}
[187.935042] (-) TimerEvent: {}
[187.969241] (eufs_rviz_plugins) StdoutLine: {'line': b'-- Found FastRTPS: /opt/ros/galactic/include  \n'}
[187.974192] (control_cpp) StdoutLine: {'line': b'-- Found ackermann_msgs: 2.0.2 (/opt/ros/galactic/share/ackermann_msgs/cmake)\n'}
[188.046684] (-) TimerEvent: {}
[188.148192] (-) TimerEvent: {}
[188.223349] (control_cpp) StdoutLine: {'line': b'-- Found visualization_msgs: 2.2.4 (/opt/ros/galactic/share/visualization_msgs/cmake)\n'}
[188.256026] (-) TimerEvent: {}
[188.322356] (eufs_rviz_plugins) StdoutLine: {'line': b'-- Using all available rosidl_typesupport_cpp: rosidl_typesupport_fastrtps_cpp;rosidl_typesupport_introspection_cpp\n'}
[188.356569] (-) TimerEvent: {}
[188.459821] (-) TimerEvent: {}
[188.562360] (-) TimerEvent: {}
[188.597390] (control_cpp) StdoutLine: {'line': b'-- Found std_srvs: 2.2.4 (/opt/ros/galactic/share/std_srvs/cmake)\n'}
[188.647147] (control_cpp) StdoutLine: {'line': b'-- Found tf2: 0.17.5 (/opt/ros/galactic/share/tf2/cmake)\n'}
[188.663279] (-) TimerEvent: {}
[188.690617] (control_cpp) StdoutLine: {'line': b'-- Found tf2_ros: 0.17.5 (/opt/ros/galactic/share/tf2_ros/cmake)\n'}
[188.764261] (-) TimerEvent: {}
[188.845255] (eufs_rviz_plugins) StdoutLine: {'line': b'-- Found rmw_implementation_cmake: 3.3.1 (/opt/ros/galactic/share/rmw_implementation_cmake/cmake)\n'}
[188.853168] (eufs_rviz_plugins) StdoutLine: {'line': b'-- Found rmw_cyclonedds_cpp: 0.22.6 (/opt/ros/galactic/share/rmw_cyclonedds_cpp/cmake)\n'}
[188.864420] (-) TimerEvent: {}
[188.910712] (eufs_rviz_plugins) StdoutLine: {'line': b"-- Using RMW implementation 'rmw_cyclonedds_cpp' as default\n"}
[188.913438] (eufs_rviz_plugins) StdoutLine: {'line': b'-- Looking for pthread.h\n'}
[188.965273] (-) TimerEvent: {}
[189.066659] (-) TimerEvent: {}
[189.091378] (ros_can) StdoutLine: {'line': b'-- Found std_srvs: 2.2.4 (/opt/ros/galactic/share/std_srvs/cmake)\n'}
[189.118326] (eufs_rviz_plugins) StdoutLine: {'line': b'-- Looking for pthread.h - found\n'}
[189.119069] (eufs_rviz_plugins) StdoutLine: {'line': b'-- Performing Test CMAKE_HAVE_LIBC_PTHREAD\n'}
[189.121210] (ros_can) StdoutLine: {'line': b'-- Found sensor_msgs: 2.2.4 (/opt/ros/galactic/share/sensor_msgs/cmake)\n'}
[189.166809] (-) TimerEvent: {}
[189.238341] (eufs_models) StdoutLine: {'line': b'[100%] \x1b[32m\x1b[1mLinking CXX static library libeufs_models.a\x1b[0m\n'}
[189.266965] (-) TimerEvent: {}
[189.301523] (ros_can) StdoutLine: {'line': b'-- Found ackermann_msgs: 2.0.2 (/opt/ros/galactic/share/ackermann_msgs/cmake)\n'}
[189.314557] (eufs_rviz_plugins) StdoutLine: {'line': b'-- Performing Test CMAKE_HAVE_LIBC_PTHREAD - Failed\n'}
[189.314982] (eufs_rviz_plugins) StdoutLine: {'line': b'-- Looking for pthread_create in pthreads\n'}
[189.340877] (eufs_models) StdoutLine: {'line': b'[100%] Built target eufs_models\n'}
[189.364921] (eufs_models) CommandEnded: {'returncode': 0}
[189.370058] (-) TimerEvent: {}
[189.388447] (ros_can) StdoutLine: {'line': b'-- Found eufs_msgs: 2.0.0 (/bristol_fsai_sim-docker/install/eufs_msgs/share/eufs_msgs/cmake)\n'}
[189.452511] (eufs_models) JobProgress: {'identifier': 'eufs_models', 'progress': 'install'}
[189.453777] (eufs_models) Command: {'cmd': ['/usr/bin/cmake', '--install', '/bristol_fsai_sim-docker/build/eufs_models'], 'cwd': '/bristol_fsai_sim-docker/build/eufs_models', 'env': OrderedDict([('HOSTNAME', 'alan-Latitude-5420'), ('GIT_ASKPASS', '/vscode/vscode-server/bin/linux-x64/ac4cbdf48759c7d8c3eb91ffe6bb04316e263c57/extensions/git/dist/askpass.sh'), ('SHLVL', '2'), ('LD_LIBRARY_PATH', '/bristol_fsai_sim-docker/install/eufs_msgs/lib:/usr/lib/x86_64-linux-gnu/gazebo-11/plugins:/opt/ros/galactic/opt/yaml_cpp_vendor/lib:/opt/ros/galactic/opt/rviz_ogre_vendor/lib:/opt/ros/galactic/lib/x86_64-linux-gnu:/opt/ros/galactic/lib'), ('BROWSER', '/vscode/vscode-server/bin/linux-x64/ac4cbdf48759c7d8c3eb91ffe6bb04316e263c57/bin/helpers/browser.sh'), ('HOME', '/home/vscode'), ('TERM_PROGRAM_VERSION', '1.106.0'), ('VSCODE_IPC_HOOK_CLI', '/tmp/vscode-ipc-44527d33-f74a-4ad4-9e20-fd4db91b8445.sock'), ('ROS_PYTHON_VERSION', '3'), ('VSCODE_GIT_ASKPASS_MAIN', '/vscode/vscode-server/bin/linux-x64/ac4cbdf48759c7d8c3eb91ffe6bb04316e263c57/extensions/git/dist/askpass-main.js'), ('VSCODE_GIT_ASKPASS_NODE', '/vscode/vscode-server/bin/linux-x64/ac4cbdf48759c7d8c3eb91ffe6bb04316e263c57/node'), ('VSCODE_PYTHON_AUTOACTIVATE_GUARD', '1'), ('COLORTERM', 'truecolor'), ('REMOTE_CONTAINERS', 'true'), ('WAYLAND_DISPLAY', 'vscode-wayland-6ce7d0e9-5b6b-46b2-a2f1-5d3d5d4b2e7f.sock'), ('COLCON_PREFIX_PATH', '/bristol_fsai_sim-docker/install'), ('ROS_DISTRO', 'galactic'), ('REMOTE_CONTAINERS_IPC', '/tmp/vscode-remote-containers-ipc-8e75e97d-8e6f-4c26-880b-7a43c1d13b9e.sock'), ('EUFS_MASTER', '/bristol_fsai_sim-docker'), ('_', '/usr/bin/colcon'), ('ROS_VERSION', '2'), ('TERM', 'xterm-256color'), ('ROS_LOCALHOST_ONLY', '0'), ('PATH', '/vscode/vscode-server/bin/linux-x64/ac4cbdf48759c7d8c3eb91ffe6bb04316e263c57/bin/remote-cli:/opt/ros/galactic/bin:/usr/local/sbin:/usr/local/bin:/usr/sbin:/usr/bin:/sbin:/bin'), ('XDG_RUNTIME_DIR', '/tmp/user/1000'), ('REMOTE_CONTAINERS_SOCKETS', '["/tmp/vscode-ssh-auth-8e75e97d-8e6f-4c26-880b-7a43c1d13b9e.sock","/tmp/.X11-unix/X0","/home/vscode/.gnupg/S.gpg-agent"]'), ('DISPLAY', ':0'), ('LANG', 'C.UTF-8'), ('LS_COLORS', 'rs=0:di=01;34:ln=01;36:mh=00:pi=40;33:so=01;35:do=01;35:bd=40;33;01:cd=40;33;01:or=40;31;01:mi=00:su=37;41:sg=30;43:ca=30;41:tw=30;42:ow=34;42:st=37;44:ex=01;32:*.tar=01;31:*.tgz=01;31:*.arc=01;31:*.arj=01;31:*.taz=01;31:*.lha=01;31:*.lz4=01;31:*.lzh=01;31:*.lzma=01;31:*.tlz=01;31:*.txz=01;31:*.tzo=01;31:*.t7z=01;31:*.zip=01;31:*.z=01;31:*.dz=01;31:*.gz=01;31:*.lrz=01;31:*.lz=01;31:*.lzo=01;31:*.xz=01;31:*.zst=01;31:*.tzst=01;31:*.bz2=01;31:*.bz=01;31:*.tbz=01;31:*.tbz2=01;31:*.tz=01;31:*.deb=01;31:*.rpm=01;31:*.jar=01;31:*.war=01;31:*.ear=01;31:*.sar=01;31:*.rar=01;31:*.alz=01;31:*.ace=01;31:*.zoo=01;31:*.cpio=01;31:*.7z=01;31:*.rz=01;31:*.cab=01;31:*.wim=01;31:*.swm=01;31:*.dwm=01;31:*.esd=01;31:*.jpg=01;35:*.jpeg=01;35:*.mjpg=01;35:*.mjpeg=01;35:*.gif=01;35:*.bmp=01;35:*.pbm=01;35:*.pgm=01;35:*.ppm=01;35:*.tga=01;35:*.xbm=01;35:*.xpm=01;35:*.tif=01;35:*.tiff=01;35:*.png=01;35:*.svg=01;35:*.svgz=01;35:*.mng=01;35:*.pcx=01;35:*.mov=01;35:*.mpg=01;35:*.mpeg=01;35:*.m2v=01;35:*.mkv=01;35:*.webm=01;35:*.ogm=01;35:*.mp4=01;35:*.m4v=01;35:*.mp4v=01;35:*.vob=01;35:*.qt=01;35:*.nuv=01;35:*.wmv=01;35:*.asf=01;35:*.rm=01;35:*.rmvb=01;35:*.flc=01;35:*.avi=01;35:*.fli=01;35:*.flv=01;35:*.gl=01;35:*.dl=01;35:*.xcf=01;35:*.xwd=01;35:*.yuv=01;35:*.cgm=01;35:*.emf=01;35:*.ogv=01;35:*.ogx=01;35:*.aac=00;36:*.au=00;36:*.flac=00;36:*.m4a=00;36:*.mid=00;36:*.midi=00;36:*.mka=00;36:*.mp3=00;36:*.mpc=00;36:*.ogg=00;36:*.ra=00;36:*.wav=00;36:*.oga=00;36:*.opus=00;36:*.spx=00;36:*.xspf=00;36:'), ('VSCODE_GIT_IPC_HANDLE', '/tmp/user/1000/vscode-git-0b6b322ce0.sock'), ('TERM_PROGRAM', 'vscode'), ('SSH_AUTH_SOCK', '/tmp/vscode-ssh-auth-8e75e97d-8e6f-4c26-880b-7a43c1d13b9e.sock'), ('AMENT_PREFIX_PATH', '/bristol_fsai_sim-docker/install/eufs_msgs:/opt/ros/galactic'), ('REMOTE_CONTAINERS_DISPLAY_SOCK', '/tmp/.X11-unix/X0'), ('SHELL', '/bin/bash'), ('VSCODE_GIT_ASKPASS_EXTRA_ARGS', ''), ('PWD', '/bristol_fsai_sim-docker/build/eufs_models'), ('LC_ALL', 'C.UTF-8'), ('PYTHONPATH', '/bristol_fsai_sim-docker/install/eufs_msgs/lib/python3.8/site-packages:/opt/ros/galactic/lib/python3.8/site-packages'), ('COLCON', '1'), ('CMAKE_PREFIX_PATH', '/bristol_fsai_sim-docker/install/eufs_msgs:/opt/ros/galactic')]), 'shell': False}
[189.466998] (eufs_rviz_plugins) StdoutLine: {'line': b'-- Looking for pthread_create in pthreads - not found\n'}
[189.467442] (eufs_rviz_plugins) StdoutLine: {'line': b'-- Looking for pthread_create in pthread\n'}
[189.470039] (-) TimerEvent: {}
[189.481884] (eufs_models) StdoutLine: {'line': b'-- Install configuration: ""\n'}
[189.483341] (eufs_models) StdoutLine: {'line': b'-- Execute custom install script\n'}
[189.484347] (eufs_models) StdoutLine: {'line': b'-- Symlinking: /bristol_fsai_sim-docker/install/eufs_models/share/eufs_models/environment/library_path.sh\n'}
[189.513462] (eufs_models) StdoutLine: {'line': b'-- Symlinking: /bristol_fsai_sim-docker/install/eufs_models/share/eufs_models/environment/library_path.dsv\n'}
[189.538654] (eufs_models) StdoutLine: {'line': b'-- Symlinking: /bristol_fsai_sim-docker/install/eufs_models/include/eufs_models/dynamic_bicycle.hpp\n'}
[189.558463] (control_cpp) StdoutLine: {'line': b'-- Found ament_lint_auto: 0.10.7 (/opt/ros/galactic/share/ament_lint_auto/cmake)\n'}
[189.563374] (eufs_models) StdoutLine: {'line': b'-- Symlinking: /bristol_fsai_sim-docker/install/eufs_models/include/eufs_models/eufs_models.hpp\n'}
[189.570193] (-) TimerEvent: {}
[189.583044] (eufs_models) StdoutLine: {'line': b'-- Symlinking: /bristol_fsai_sim-docker/install/eufs_models/include/eufs_models/noise.hpp\n'}
[189.608307] (eufs_models) StdoutLine: {'line': b'-- Symlinking: /bristol_fsai_sim-docker/install/eufs_models/include/eufs_models/point_mass.hpp\n'}
[189.636272] (eufs_models) StdoutLine: {'line': b'-- Symlinking: /bristol_fsai_sim-docker/install/eufs_models/include/eufs_models/vehicle_input.hpp\n'}
[189.652902] (eufs_rviz_plugins) StdoutLine: {'line': b'-- Looking for pthread_create in pthread - found\n'}
[189.656348] (eufs_rviz_plugins) StdoutLine: {'line': b'-- Found Threads: TRUE  \n'}
[189.665256] (eufs_models) StdoutLine: {'line': b'-- Symlinking: /bristol_fsai_sim-docker/install/eufs_models/include/eufs_models/vehicle_model.hpp\n'}
[189.670334] (-) TimerEvent: {}
[189.687651] (eufs_models) StdoutLine: {'line': b'-- Symlinking: /bristol_fsai_sim-docker/install/eufs_models/include/eufs_models/vehicle_param.hpp\n'}
[189.706082] (eufs_models) StdoutLine: {'line': b'-- Symlinking: /bristol_fsai_sim-docker/install/eufs_models/include/eufs_models/vehicle_state.hpp\n'}
[189.731241] (eufs_models) StdoutLine: {'line': b'-- Symlinking: /bristol_fsai_sim-docker/install/eufs_models/share/ament_index/resource_index/package_run_dependencies/eufs_models\n'}
[189.756468] (eufs_models) StdoutLine: {'line': b'-- Symlinking: /bristol_fsai_sim-docker/install/eufs_models/share/ament_index/resource_index/parent_prefix_path/eufs_models\n'}
[189.770472] (-) TimerEvent: {}
[189.776006] (control_cpp) StdoutLine: {'line': b"-- Added test 'copyright' to check source files copyright and LICENSE\n"}
[189.779576] (control_cpp) StdoutLine: {'line': b"-- Added test 'cppcheck' to perform static code analysis on C / C++ code\n"}
[189.780510] (control_cpp) StdoutLine: {'line': b'-- Configured cppcheck include dirs: /bristol_fsai_sim-docker/eufs_sim/control_cpp/include\n'}
[189.780773] (control_cpp) StdoutLine: {'line': b'-- Configured cppcheck exclude dirs and/or files: \n'}
[189.782728] (control_cpp) StdoutLine: {'line': b"-- Added test 'cpplint' to check C / C++ code against the Google style\n"}
[189.783029] (control_cpp) StdoutLine: {'line': b'-- Configured cpplint exclude dirs and/or files: \n'}
[189.784555] (control_cpp) StdoutLine: {'line': b"-- Added test 'lint_cmake' to check CMake code style\n"}
[189.786616] (control_cpp) StdoutLine: {'line': b"-- Added test 'uncrustify' to check C / C++ code style\n"}
[189.786915] (control_cpp) StdoutLine: {'line': b'-- Configured uncrustify additional arguments: \n'}
[189.787251] (eufs_models) StdoutLine: {'line': b'-- Symlinking: /bristol_fsai_sim-docker/install/eufs_models/share/eufs_models/environment/ament_prefix_path.sh\n'}
[189.787569] (control_cpp) StdoutLine: {'line': b"-- Added test 'xmllint' to check XML markup files\n"}
[189.799323] (control_cpp) StdoutLine: {'line': b'-- Configuring done\n'}
[189.816417] (eufs_models) StdoutLine: {'line': b'-- Symlinking: /bristol_fsai_sim-docker/install/eufs_models/share/eufs_models/environment/ament_prefix_path.dsv\n'}
[189.846396] (eufs_models) StdoutLine: {'line': b'-- Symlinking: /bristol_fsai_sim-docker/install/eufs_models/share/eufs_models/environment/path.sh\n'}
[189.857330] (control_cpp) StdoutLine: {'line': b'-- Generating done\n'}
[189.860643] (control_cpp) StdoutLine: {'line': b'-- Build files have been written to: /bristol_fsai_sim-docker/build/control_cpp\n'}
[189.869306] (eufs_models) StdoutLine: {'line': b'-- Symlinking: /bristol_fsai_sim-docker/install/eufs_models/share/eufs_models/environment/path.dsv\n'}
[189.870554] (-) TimerEvent: {}
[189.876133] (control_cpp) CommandEnded: {'returncode': 0}
[189.877517] (control_cpp) JobProgress: {'identifier': 'control_cpp', 'progress': 'build'}
[189.881770] (control_cpp) Command: {'cmd': ['/usr/bin/cmake', '--build', '/bristol_fsai_sim-docker/build/control_cpp', '--', '-j8', '-l8'], 'cwd': '/bristol_fsai_sim-docker/build/control_cpp', 'env': OrderedDict([('HOSTNAME', 'alan-Latitude-5420'), ('GIT_ASKPASS', '/vscode/vscode-server/bin/linux-x64/ac4cbdf48759c7d8c3eb91ffe6bb04316e263c57/extensions/git/dist/askpass.sh'), ('SHLVL', '2'), ('LD_LIBRARY_PATH', '/bristol_fsai_sim-docker/install/eufs_msgs/lib:/usr/lib/x86_64-linux-gnu/gazebo-11/plugins:/opt/ros/galactic/opt/yaml_cpp_vendor/lib:/opt/ros/galactic/opt/rviz_ogre_vendor/lib:/opt/ros/galactic/lib/x86_64-linux-gnu:/opt/ros/galactic/lib'), ('BROWSER', '/vscode/vscode-server/bin/linux-x64/ac4cbdf48759c7d8c3eb91ffe6bb04316e263c57/bin/helpers/browser.sh'), ('HOME', '/home/vscode'), ('TERM_PROGRAM_VERSION', '1.106.0'), ('VSCODE_IPC_HOOK_CLI', '/tmp/vscode-ipc-44527d33-f74a-4ad4-9e20-fd4db91b8445.sock'), ('ROS_PYTHON_VERSION', '3'), ('VSCODE_GIT_ASKPASS_MAIN', '/vscode/vscode-server/bin/linux-x64/ac4cbdf48759c7d8c3eb91ffe6bb04316e263c57/extensions/git/dist/askpass-main.js'), ('VSCODE_GIT_ASKPASS_NODE', '/vscode/vscode-server/bin/linux-x64/ac4cbdf48759c7d8c3eb91ffe6bb04316e263c57/node'), ('VSCODE_PYTHON_AUTOACTIVATE_GUARD', '1'), ('COLORTERM', 'truecolor'), ('REMOTE_CONTAINERS', 'true'), ('WAYLAND_DISPLAY', 'vscode-wayland-6ce7d0e9-5b6b-46b2-a2f1-5d3d5d4b2e7f.sock'), ('COLCON_PREFIX_PATH', '/bristol_fsai_sim-docker/install'), ('ROS_DISTRO', 'galactic'), ('REMOTE_CONTAINERS_IPC', '/tmp/vscode-remote-containers-ipc-8e75e97d-8e6f-4c26-880b-7a43c1d13b9e.sock'), ('EUFS_MASTER', '/bristol_fsai_sim-docker'), ('_', '/usr/bin/colcon'), ('ROS_VERSION', '2'), ('TERM', 'xterm-256color'), ('ROS_LOCALHOST_ONLY', '0'), ('PATH', '/vscode/vscode-server/bin/linux-x64/ac4cbdf48759c7d8c3eb91ffe6bb04316e263c57/bin/remote-cli:/opt/ros/galactic/bin:/usr/local/sbin:/usr/local/bin:/usr/sbin:/usr/bin:/sbin:/bin'), ('XDG_RUNTIME_DIR', '/tmp/user/1000'), ('REMOTE_CONTAINERS_SOCKETS', '["/tmp/vscode-ssh-auth-8e75e97d-8e6f-4c26-880b-7a43c1d13b9e.sock","/tmp/.X11-unix/X0","/home/vscode/.gnupg/S.gpg-agent"]'), ('DISPLAY', ':0'), ('LANG', 'C.UTF-8'), ('LS_COLORS', 'rs=0:di=01;34:ln=01;36:mh=00:pi=40;33:so=01;35:do=01;35:bd=40;33;01:cd=40;33;01:or=40;31;01:mi=00:su=37;41:sg=30;43:ca=30;41:tw=30;42:ow=34;42:st=37;44:ex=01;32:*.tar=01;31:*.tgz=01;31:*.arc=01;31:*.arj=01;31:*.taz=01;31:*.lha=01;31:*.lz4=01;31:*.lzh=01;31:*.lzma=01;31:*.tlz=01;31:*.txz=01;31:*.tzo=01;31:*.t7z=01;31:*.zip=01;31:*.z=01;31:*.dz=01;31:*.gz=01;31:*.lrz=01;31:*.lz=01;31:*.lzo=01;31:*.xz=01;31:*.zst=01;31:*.tzst=01;31:*.bz2=01;31:*.bz=01;31:*.tbz=01;31:*.tbz2=01;31:*.tz=01;31:*.deb=01;31:*.rpm=01;31:*.jar=01;31:*.war=01;31:*.ear=01;31:*.sar=01;31:*.rar=01;31:*.alz=01;31:*.ace=01;31:*.zoo=01;31:*.cpio=01;31:*.7z=01;31:*.rz=01;31:*.cab=01;31:*.wim=01;31:*.swm=01;31:*.dwm=01;31:*.esd=01;31:*.jpg=01;35:*.jpeg=01;35:*.mjpg=01;35:*.mjpeg=01;35:*.gif=01;35:*.bmp=01;35:*.pbm=01;35:*.pgm=01;35:*.ppm=01;35:*.tga=01;35:*.xbm=01;35:*.xpm=01;35:*.tif=01;35:*.tiff=01;35:*.png=01;35:*.svg=01;35:*.svgz=01;35:*.mng=01;35:*.pcx=01;35:*.mov=01;35:*.mpg=01;35:*.mpeg=01;35:*.m2v=01;35:*.mkv=01;35:*.webm=01;35:*.ogm=01;35:*.mp4=01;35:*.m4v=01;35:*.mp4v=01;35:*.vob=01;35:*.qt=01;35:*.nuv=01;35:*.wmv=01;35:*.asf=01;35:*.rm=01;35:*.rmvb=01;35:*.flc=01;35:*.avi=01;35:*.fli=01;35:*.flv=01;35:*.gl=01;35:*.dl=01;35:*.xcf=01;35:*.xwd=01;35:*.yuv=01;35:*.cgm=01;35:*.emf=01;35:*.ogv=01;35:*.ogx=01;35:*.aac=00;36:*.au=00;36:*.flac=00;36:*.m4a=00;36:*.mid=00;36:*.midi=00;36:*.mka=00;36:*.mp3=00;36:*.mpc=00;36:*.ogg=00;36:*.ra=00;36:*.wav=00;36:*.oga=00;36:*.opus=00;36:*.spx=00;36:*.xspf=00;36:'), ('VSCODE_GIT_IPC_HANDLE', '/tmp/user/1000/vscode-git-0b6b322ce0.sock'), ('TERM_PROGRAM', 'vscode'), ('SSH_AUTH_SOCK', '/tmp/vscode-ssh-auth-8e75e97d-8e6f-4c26-880b-7a43c1d13b9e.sock'), ('AMENT_PREFIX_PATH', '/bristol_fsai_sim-docker/install/eufs_msgs:/opt/ros/galactic'), ('REMOTE_CONTAINERS_DISPLAY_SOCK', '/tmp/.X11-unix/X0'), ('SHELL', '/bin/bash'), ('VSCODE_GIT_ASKPASS_EXTRA_ARGS', ''), ('PWD', '/bristol_fsai_sim-docker/build/control_cpp'), ('LC_ALL', 'C.UTF-8'), ('PYTHONPATH', '/bristol_fsai_sim-docker/install/eufs_msgs/lib/python3.8/site-packages:/opt/ros/galactic/lib/python3.8/site-packages'), ('COLCON', '1'), ('CMAKE_PREFIX_PATH', '/bristol_fsai_sim-docker/install/eufs_msgs:/opt/ros/galactic')]), 'shell': False}
[189.893227] (eufs_models) StdoutLine: {'line': b'-- Symlinking: /bristol_fsai_sim-docker/install/eufs_models/share/eufs_models/local_setup.bash\n'}
[189.917387] (eufs_models) StdoutLine: {'line': b'-- Symlinking: /bristol_fsai_sim-docker/install/eufs_models/share/eufs_models/local_setup.sh\n'}
[189.942160] (eufs_models) StdoutLine: {'line': b'-- Symlinking: /bristol_fsai_sim-docker/install/eufs_models/share/eufs_models/local_setup.zsh\n'}
[189.968111] (eufs_models) StdoutLine: {'line': b'-- Symlinking: /bristol_fsai_sim-docker/install/eufs_models/share/eufs_models/local_setup.dsv\n'}
[189.970695] (-) TimerEvent: {}
[189.988368] (control_cpp) StdoutLine: {'line': b'\x1b[35m\x1b[1mScanning dependencies of target control_cpp\x1b[0m\n'}
[189.995530] (eufs_models) StdoutLine: {'line': b'-- Symlinking: /bristol_fsai_sim-docker/install/eufs_models/share/eufs_models/package.dsv\n'}
[189.996723] (control_cpp) StdoutLine: {'line': b'\x1b[35m\x1b[1mScanning dependencies of target odometry_to_twist_converter\x1b[0m\n'}
[190.021546] (eufs_models) StdoutLine: {'line': b'-- Symlinking: /bristol_fsai_sim-docker/install/eufs_models/share/ament_index/resource_index/packages/eufs_models\n'}
[190.046165] (eufs_models) StdoutLine: {'line': b'-- Symlinking: /bristol_fsai_sim-docker/install/eufs_models/share/eufs_models/cmake/ament_cmake_export_include_directories-extras.cmake\n'}
[190.070852] (-) TimerEvent: {}
[190.071848] (eufs_models) StdoutLine: {'line': b'-- Symlinking: /bristol_fsai_sim-docker/install/eufs_models/share/eufs_models/cmake/ament_cmake_export_libraries-extras.cmake\n'}
[190.098997] (eufs_models) StdoutLine: {'line': b'-- Symlinking: /bristol_fsai_sim-docker/install/eufs_models/share/eufs_models/cmake/ament_cmake_export_targets-extras.cmake\n'}
[190.128649] (eufs_models) StdoutLine: {'line': b'-- Symlinking: /bristol_fsai_sim-docker/install/eufs_models/share/eufs_models/cmake/ament_cmake_export_dependencies-extras.cmake\n'}
[190.131651] (ros_can) StdoutLine: {'line': b'-- Configuring done\n'}
[190.151220] (eufs_models) StdoutLine: {'line': b'-- Symlinking: /bristol_fsai_sim-docker/install/eufs_models/share/eufs_models/cmake/eufs_modelsConfig.cmake\n'}
[190.170983] (-) TimerEvent: {}
[190.174290] (control_cpp) StdoutLine: {'line': b'[ 20%] \x1b[32mBuilding CXX object CMakeFiles/control_cpp.dir/src/control.cpp.o\x1b[0m\n'}
[190.174817] (control_cpp) StdoutLine: {'line': b'[ 40%] \x1b[32mBuilding CXX object CMakeFiles/odometry_to_twist_converter.dir/src/odometry_to_twist_converter.cpp.o\x1b[0m\n'}
[190.175251] (eufs_models) StdoutLine: {'line': b'-- Symlinking: /bristol_fsai_sim-docker/install/eufs_models/share/eufs_models/cmake/eufs_modelsConfig-version.cmake\n'}
[190.175489] (control_cpp) StdoutLine: {'line': b'[ 60%] \x1b[32mBuilding CXX object CMakeFiles/control_cpp.dir/src/cone.cpp.o\x1b[0m\n'}
[190.198385] (ros_can) StdoutLine: {'line': b'-- Generating done\n'}
[190.198776] (ros_can) StdoutLine: {'line': b'-- Build files have been written to: /bristol_fsai_sim-docker/build/ros_can\n'}
[190.206242] (eufs_models) StdoutLine: {'line': b'-- Symlinking: /bristol_fsai_sim-docker/install/eufs_models/share/eufs_models/package.xml\n'}
[190.241528] (eufs_models) StdoutLine: {'line': b'-- Symlinking: /bristol_fsai_sim-docker/install/eufs_models/share/eufs_models/models/models.txt\n'}
[190.242921] (ros_can) CommandEnded: {'returncode': 0}
[190.248462] (ros_can) JobProgress: {'identifier': 'ros_can', 'progress': 'build'}
[190.248950] (ros_can) Command: {'cmd': ['/usr/bin/cmake', '--build', '/bristol_fsai_sim-docker/build/ros_can', '--', '-j8', '-l8'], 'cwd': '/bristol_fsai_sim-docker/build/ros_can', 'env': OrderedDict([('HOSTNAME', 'alan-Latitude-5420'), ('GIT_ASKPASS', '/vscode/vscode-server/bin/linux-x64/ac4cbdf48759c7d8c3eb91ffe6bb04316e263c57/extensions/git/dist/askpass.sh'), ('SHLVL', '2'), ('LD_LIBRARY_PATH', '/bristol_fsai_sim-docker/install/eufs_msgs/lib:/usr/lib/x86_64-linux-gnu/gazebo-11/plugins:/opt/ros/galactic/opt/yaml_cpp_vendor/lib:/opt/ros/galactic/opt/rviz_ogre_vendor/lib:/opt/ros/galactic/lib/x86_64-linux-gnu:/opt/ros/galactic/lib'), ('BROWSER', '/vscode/vscode-server/bin/linux-x64/ac4cbdf48759c7d8c3eb91ffe6bb04316e263c57/bin/helpers/browser.sh'), ('HOME', '/home/vscode'), ('TERM_PROGRAM_VERSION', '1.106.0'), ('VSCODE_IPC_HOOK_CLI', '/tmp/vscode-ipc-44527d33-f74a-4ad4-9e20-fd4db91b8445.sock'), ('ROS_PYTHON_VERSION', '3'), ('VSCODE_GIT_ASKPASS_MAIN', '/vscode/vscode-server/bin/linux-x64/ac4cbdf48759c7d8c3eb91ffe6bb04316e263c57/extensions/git/dist/askpass-main.js'), ('VSCODE_GIT_ASKPASS_NODE', '/vscode/vscode-server/bin/linux-x64/ac4cbdf48759c7d8c3eb91ffe6bb04316e263c57/node'), ('VSCODE_PYTHON_AUTOACTIVATE_GUARD', '1'), ('COLORTERM', 'truecolor'), ('REMOTE_CONTAINERS', 'true'), ('WAYLAND_DISPLAY', 'vscode-wayland-6ce7d0e9-5b6b-46b2-a2f1-5d3d5d4b2e7f.sock'), ('COLCON_PREFIX_PATH', '/bristol_fsai_sim-docker/install'), ('ROS_DISTRO', 'galactic'), ('REMOTE_CONTAINERS_IPC', '/tmp/vscode-remote-containers-ipc-8e75e97d-8e6f-4c26-880b-7a43c1d13b9e.sock'), ('EUFS_MASTER', '/bristol_fsai_sim-docker'), ('_', '/usr/bin/colcon'), ('ROS_VERSION', '2'), ('TERM', 'xterm-256color'), ('ROS_LOCALHOST_ONLY', '0'), ('PATH', '/vscode/vscode-server/bin/linux-x64/ac4cbdf48759c7d8c3eb91ffe6bb04316e263c57/bin/remote-cli:/opt/ros/galactic/bin:/usr/local/sbin:/usr/local/bin:/usr/sbin:/usr/bin:/sbin:/bin'), ('XDG_RUNTIME_DIR', '/tmp/user/1000'), ('REMOTE_CONTAINERS_SOCKETS', '["/tmp/vscode-ssh-auth-8e75e97d-8e6f-4c26-880b-7a43c1d13b9e.sock","/tmp/.X11-unix/X0","/home/vscode/.gnupg/S.gpg-agent"]'), ('DISPLAY', ':0'), ('LANG', 'C.UTF-8'), ('LS_COLORS', 'rs=0:di=01;34:ln=01;36:mh=00:pi=40;33:so=01;35:do=01;35:bd=40;33;01:cd=40;33;01:or=40;31;01:mi=00:su=37;41:sg=30;43:ca=30;41:tw=30;42:ow=34;42:st=37;44:ex=01;32:*.tar=01;31:*.tgz=01;31:*.arc=01;31:*.arj=01;31:*.taz=01;31:*.lha=01;31:*.lz4=01;31:*.lzh=01;31:*.lzma=01;31:*.tlz=01;31:*.txz=01;31:*.tzo=01;31:*.t7z=01;31:*.zip=01;31:*.z=01;31:*.dz=01;31:*.gz=01;31:*.lrz=01;31:*.lz=01;31:*.lzo=01;31:*.xz=01;31:*.zst=01;31:*.tzst=01;31:*.bz2=01;31:*.bz=01;31:*.tbz=01;31:*.tbz2=01;31:*.tz=01;31:*.deb=01;31:*.rpm=01;31:*.jar=01;31:*.war=01;31:*.ear=01;31:*.sar=01;31:*.rar=01;31:*.alz=01;31:*.ace=01;31:*.zoo=01;31:*.cpio=01;31:*.7z=01;31:*.rz=01;31:*.cab=01;31:*.wim=01;31:*.swm=01;31:*.dwm=01;31:*.esd=01;31:*.jpg=01;35:*.jpeg=01;35:*.mjpg=01;35:*.mjpeg=01;35:*.gif=01;35:*.bmp=01;35:*.pbm=01;35:*.pgm=01;35:*.ppm=01;35:*.tga=01;35:*.xbm=01;35:*.xpm=01;35:*.tif=01;35:*.tiff=01;35:*.png=01;35:*.svg=01;35:*.svgz=01;35:*.mng=01;35:*.pcx=01;35:*.mov=01;35:*.mpg=01;35:*.mpeg=01;35:*.m2v=01;35:*.mkv=01;35:*.webm=01;35:*.ogm=01;35:*.mp4=01;35:*.m4v=01;35:*.mp4v=01;35:*.vob=01;35:*.qt=01;35:*.nuv=01;35:*.wmv=01;35:*.asf=01;35:*.rm=01;35:*.rmvb=01;35:*.flc=01;35:*.avi=01;35:*.fli=01;35:*.flv=01;35:*.gl=01;35:*.dl=01;35:*.xcf=01;35:*.xwd=01;35:*.yuv=01;35:*.cgm=01;35:*.emf=01;35:*.ogv=01;35:*.ogx=01;35:*.aac=00;36:*.au=00;36:*.flac=00;36:*.m4a=00;36:*.mid=00;36:*.midi=00;36:*.mka=00;36:*.mp3=00;36:*.mpc=00;36:*.ogg=00;36:*.ra=00;36:*.wav=00;36:*.oga=00;36:*.opus=00;36:*.spx=00;36:*.xspf=00;36:'), ('VSCODE_GIT_IPC_HANDLE', '/tmp/user/1000/vscode-git-0b6b322ce0.sock'), ('TERM_PROGRAM', 'vscode'), ('SSH_AUTH_SOCK', '/tmp/vscode-ssh-auth-8e75e97d-8e6f-4c26-880b-7a43c1d13b9e.sock'), ('AMENT_PREFIX_PATH', '/bristol_fsai_sim-docker/install/eufs_msgs:/opt/ros/galactic'), ('REMOTE_CONTAINERS_DISPLAY_SOCK', '/tmp/.X11-unix/X0'), ('SHELL', '/bin/bash'), ('VSCODE_GIT_ASKPASS_EXTRA_ARGS', ''), ('PWD', '/bristol_fsai_sim-docker/build/ros_can'), ('LC_ALL', 'C.UTF-8'), ('PYTHONPATH', '/bristol_fsai_sim-docker/install/eufs_msgs/lib/python3.8/site-packages:/opt/ros/galactic/lib/python3.8/site-packages'), ('COLCON', '1'), ('CMAKE_PREFIX_PATH', '/bristol_fsai_sim-docker/install/eufs_msgs:/opt/ros/galactic')]), 'shell': False}
[190.263673] (eufs_models) StdoutLine: {'line': b'-- Symlinking: /bristol_fsai_sim-docker/install/eufs_models/share/eufs_models/config/noise.yaml\n'}
[190.271120] (-) TimerEvent: {}
[190.285320] (eufs_models) StdoutLine: {'line': b'-- Installing: /bristol_fsai_sim-docker/install/eufs_models/lib/libeufs_models.a\n'}
[190.286885] (eufs_models) StdoutLine: {'line': b'-- Installing: /bristol_fsai_sim-docker/install/eufs_models/share/eufs_models/cmake/export_eufs_modelsExport.cmake\n'}
[190.288206] (eufs_models) StdoutLine: {'line': b'-- Installing: /bristol_fsai_sim-docker/install/eufs_models/share/eufs_models/cmake/export_eufs_modelsExport-noconfig.cmake\n'}
[190.292441] (eufs_models) CommandEnded: {'returncode': 0}
[190.371431] (-) TimerEvent: {}
[190.457121] (ros_can) StdoutLine: {'line': b'\x1b[35m\x1b[1mScanning dependencies of target fs-ai-api\x1b[0m\n'}
[190.464106] (eufs_models) JobEnded: {'identifier': 'eufs_models', 'rc': 0}
[190.469385] (eufs_plugins) JobStarted: {'identifier': 'eufs_plugins'}
[190.478278] (eufs_rviz_plugins) StdoutLine: {'line': b'-- Found Eigen3: TRUE (found version "3.3.7") \n'}
[190.478642] (-) TimerEvent: {}
[190.523087] (eufs_plugins) JobProgress: {'identifier': 'eufs_plugins', 'progress': 'cmake'}
[190.528970] (eufs_plugins) Command: {'cmd': ['/usr/bin/cmake', '/bristol_fsai_sim-docker/eufs_sim/eufs_plugins', '-DAMENT_CMAKE_SYMLINK_INSTALL=1', '-DCMAKE_INSTALL_PREFIX=/bristol_fsai_sim-docker/install/eufs_plugins'], 'cwd': '/bristol_fsai_sim-docker/build/eufs_plugins', 'env': OrderedDict([('HOSTNAME', 'alan-Latitude-5420'), ('GIT_ASKPASS', '/vscode/vscode-server/bin/linux-x64/ac4cbdf48759c7d8c3eb91ffe6bb04316e263c57/extensions/git/dist/askpass.sh'), ('SHLVL', '2'), ('LD_LIBRARY_PATH', '/bristol_fsai_sim-docker/install/eufs_models/lib:/bristol_fsai_sim-docker/install/eufs_msgs/lib:/usr/lib/x86_64-linux-gnu/gazebo-11/plugins:/opt/ros/galactic/opt/yaml_cpp_vendor/lib:/opt/ros/galactic/opt/rviz_ogre_vendor/lib:/opt/ros/galactic/lib/x86_64-linux-gnu:/opt/ros/galactic/lib'), ('BROWSER', '/vscode/vscode-server/bin/linux-x64/ac4cbdf48759c7d8c3eb91ffe6bb04316e263c57/bin/helpers/browser.sh'), ('HOME', '/home/vscode'), ('TERM_PROGRAM_VERSION', '1.106.0'), ('VSCODE_IPC_HOOK_CLI', '/tmp/vscode-ipc-44527d33-f74a-4ad4-9e20-fd4db91b8445.sock'), ('ROS_PYTHON_VERSION', '3'), ('VSCODE_GIT_ASKPASS_MAIN', '/vscode/vscode-server/bin/linux-x64/ac4cbdf48759c7d8c3eb91ffe6bb04316e263c57/extensions/git/dist/askpass-main.js'), ('VSCODE_GIT_ASKPASS_NODE', '/vscode/vscode-server/bin/linux-x64/ac4cbdf48759c7d8c3eb91ffe6bb04316e263c57/node'), ('VSCODE_PYTHON_AUTOACTIVATE_GUARD', '1'), ('COLORTERM', 'truecolor'), ('REMOTE_CONTAINERS', 'true'), ('WAYLAND_DISPLAY', 'vscode-wayland-6ce7d0e9-5b6b-46b2-a2f1-5d3d5d4b2e7f.sock'), ('COLCON_PREFIX_PATH', '/bristol_fsai_sim-docker/install'), ('ROS_DISTRO', 'galactic'), ('REMOTE_CONTAINERS_IPC', '/tmp/vscode-remote-containers-ipc-8e75e97d-8e6f-4c26-880b-7a43c1d13b9e.sock'), ('EUFS_MASTER', '/bristol_fsai_sim-docker'), ('_', '/usr/bin/colcon'), ('ROS_VERSION', '2'), ('TERM', 'xterm-256color'), ('ROS_LOCALHOST_ONLY', '0'), ('PATH', '/vscode/vscode-server/bin/linux-x64/ac4cbdf48759c7d8c3eb91ffe6bb04316e263c57/bin/remote-cli:/opt/ros/galactic/bin:/usr/local/sbin:/usr/local/bin:/usr/sbin:/usr/bin:/sbin:/bin'), ('XDG_RUNTIME_DIR', '/tmp/user/1000'), ('REMOTE_CONTAINERS_SOCKETS', '["/tmp/vscode-ssh-auth-8e75e97d-8e6f-4c26-880b-7a43c1d13b9e.sock","/tmp/.X11-unix/X0","/home/vscode/.gnupg/S.gpg-agent"]'), ('DISPLAY', ':0'), ('LANG', 'C.UTF-8'), ('LS_COLORS', 'rs=0:di=01;34:ln=01;36:mh=00:pi=40;33:so=01;35:do=01;35:bd=40;33;01:cd=40;33;01:or=40;31;01:mi=00:su=37;41:sg=30;43:ca=30;41:tw=30;42:ow=34;42:st=37;44:ex=01;32:*.tar=01;31:*.tgz=01;31:*.arc=01;31:*.arj=01;31:*.taz=01;31:*.lha=01;31:*.lz4=01;31:*.lzh=01;31:*.lzma=01;31:*.tlz=01;31:*.txz=01;31:*.tzo=01;31:*.t7z=01;31:*.zip=01;31:*.z=01;31:*.dz=01;31:*.gz=01;31:*.lrz=01;31:*.lz=01;31:*.lzo=01;31:*.xz=01;31:*.zst=01;31:*.tzst=01;31:*.bz2=01;31:*.bz=01;31:*.tbz=01;31:*.tbz2=01;31:*.tz=01;31:*.deb=01;31:*.rpm=01;31:*.jar=01;31:*.war=01;31:*.ear=01;31:*.sar=01;31:*.rar=01;31:*.alz=01;31:*.ace=01;31:*.zoo=01;31:*.cpio=01;31:*.7z=01;31:*.rz=01;31:*.cab=01;31:*.wim=01;31:*.swm=01;31:*.dwm=01;31:*.esd=01;31:*.jpg=01;35:*.jpeg=01;35:*.mjpg=01;35:*.mjpeg=01;35:*.gif=01;35:*.bmp=01;35:*.pbm=01;35:*.pgm=01;35:*.ppm=01;35:*.tga=01;35:*.xbm=01;35:*.xpm=01;35:*.tif=01;35:*.tiff=01;35:*.png=01;35:*.svg=01;35:*.svgz=01;35:*.mng=01;35:*.pcx=01;35:*.mov=01;35:*.mpg=01;35:*.mpeg=01;35:*.m2v=01;35:*.mkv=01;35:*.webm=01;35:*.ogm=01;35:*.mp4=01;35:*.m4v=01;35:*.mp4v=01;35:*.vob=01;35:*.qt=01;35:*.nuv=01;35:*.wmv=01;35:*.asf=01;35:*.rm=01;35:*.rmvb=01;35:*.flc=01;35:*.avi=01;35:*.fli=01;35:*.flv=01;35:*.gl=01;35:*.dl=01;35:*.xcf=01;35:*.xwd=01;35:*.yuv=01;35:*.cgm=01;35:*.emf=01;35:*.ogv=01;35:*.ogx=01;35:*.aac=00;36:*.au=00;36:*.flac=00;36:*.m4a=00;36:*.mid=00;36:*.midi=00;36:*.mka=00;36:*.mp3=00;36:*.mpc=00;36:*.ogg=00;36:*.ra=00;36:*.wav=00;36:*.oga=00;36:*.opus=00;36:*.spx=00;36:*.xspf=00;36:'), ('VSCODE_GIT_IPC_HANDLE', '/tmp/user/1000/vscode-git-0b6b322ce0.sock'), ('TERM_PROGRAM', 'vscode'), ('SSH_AUTH_SOCK', '/tmp/vscode-ssh-auth-8e75e97d-8e6f-4c26-880b-7a43c1d13b9e.sock'), ('AMENT_PREFIX_PATH', '/bristol_fsai_sim-docker/install/eufs_models:/bristol_fsai_sim-docker/install/eufs_msgs:/opt/ros/galactic'), ('REMOTE_CONTAINERS_DISPLAY_SOCK', '/tmp/.X11-unix/X0'), ('SHELL', '/bin/bash'), ('VSCODE_GIT_ASKPASS_EXTRA_ARGS', ''), ('PWD', '/bristol_fsai_sim-docker/build/eufs_plugins'), ('LC_ALL', 'C.UTF-8'), ('PYTHONPATH', '/bristol_fsai_sim-docker/install/eufs_msgs/lib/python3.8/site-packages:/opt/ros/galactic/lib/python3.8/site-packages'), ('COLCON', '1'), ('CMAKE_PREFIX_PATH', '/bristol_fsai_sim-docker/install/eufs_models:/bristol_fsai_sim-docker/install/eufs_msgs:/opt/ros/galactic')]), 'shell': False}
[190.579087] (-) TimerEvent: {}
[190.701462] (-) TimerEvent: {}
[190.710575] (ros_can) StderrLine: {'line': b'ar: creating fs-ai_api.a\n'}
[190.728469] (eufs_plugins) StdoutLine: {'line': b'-- The C compiler identification is GNU 9.4.0\n'}
[190.748555] (ros_can) StdoutLine: {'line': b'[  0%] Built target fs-ai-api\n'}
[190.781735] (ros_can) StdoutLine: {'line': b'\x1b[35m\x1b[1mScanning dependencies of target ros_can_node\x1b[0m\n'}
[190.805311] (-) TimerEvent: {}
[190.907259] (-) TimerEvent: {}
[190.943344] (ros_can) StdoutLine: {'line': b'[ 50%] \x1b[32mBuilding CXX object CMakeFiles/ros_can_node.dir/src/ros_can.cpp.o\x1b[0m\n'}
[190.987265] (eufs_plugins) StdoutLine: {'line': b'-- The CXX compiler identification is GNU 9.4.0\n'}
[191.001493] (eufs_plugins) StdoutLine: {'line': b'-- Check for working C compiler: /usr/bin/cc\n'}
[191.007383] (-) TimerEvent: {}
[191.119343] (-) TimerEvent: {}
[191.220274] (-) TimerEvent: {}
[191.223784] (eufs_plugins) StdoutLine: {'line': b'-- Check for working C compiler: /usr/bin/cc -- works\n'}
[191.231359] (eufs_plugins) StdoutLine: {'line': b'-- Detecting C compiler ABI info\n'}
[191.320423] (-) TimerEvent: {}
[191.421072] (-) TimerEvent: {}
[191.522266] (-) TimerEvent: {}
[191.544088] (eufs_plugins) StdoutLine: {'line': b'-- Detecting C compiler ABI info - done\n'}
[191.623263] (-) TimerEvent: {}
[191.644735] (eufs_plugins) StdoutLine: {'line': b'-- Detecting C compile features\n'}
[191.645344] (eufs_plugins) StdoutLine: {'line': b'-- Detecting C compile features - done\n'}
[191.654577] (eufs_plugins) StdoutLine: {'line': b'-- Check for working CXX compiler: /usr/bin/c++\n'}
[191.723511] (-) TimerEvent: {}
[191.825320] (-) TimerEvent: {}
[191.925268] (eufs_plugins) StdoutLine: {'line': b'-- Check for working CXX compiler: /usr/bin/c++ -- works\n'}
[191.925637] (-) TimerEvent: {}
[191.929687] (eufs_plugins) StdoutLine: {'line': b'-- Detecting CXX compiler ABI info\n'}
[192.025828] (-) TimerEvent: {}
[192.129280] (-) TimerEvent: {}
[192.172916] (eufs_rviz_plugins) StdoutLine: {'line': b'-- Found rviz_default_plugins: 8.5.2 (/opt/ros/galactic/share/rviz_default_plugins/cmake)\n'}
[192.229453] (-) TimerEvent: {}
[192.266317] (eufs_plugins) StdoutLine: {'line': b'-- Detecting CXX compiler ABI info - done\n'}
[192.315283] (eufs_plugins) StdoutLine: {'line': b'-- Detecting CXX compile features\n'}
[192.319688] (eufs_plugins) StdoutLine: {'line': b'-- Detecting CXX compile features - done\n'}
[192.329607] (-) TimerEvent: {}
[192.330820] (eufs_plugins) StdoutLine: {'line': b'-- Found ament_cmake: 1.1.6 (/opt/ros/galactic/share/ament_cmake/cmake)\n'}
[192.417812] (eufs_plugins) StdoutLine: {'line': b'-- Found PythonInterp: /usr/bin/python3 (found suitable version "3.8.10", minimum required is "3") \n'}
[192.419753] (eufs_plugins) StdoutLine: {'line': b'-- Using PYTHON_EXECUTABLE: /usr/bin/python3\n'}
[192.429756] (-) TimerEvent: {}
[192.530322] (-) TimerEvent: {}
[192.589560] (eufs_plugins) StdoutLine: {'line': b'-- Override CMake install command with custom implementation using symlinks instead of copying resources\n'}
[192.630993] (-) TimerEvent: {}
[192.732089] (-) TimerEvent: {}
[192.755309] (eufs_plugins) StdoutLine: {'line': b'-- Found gazebo_dev: 3.5.2 (/opt/ros/galactic/share/gazebo_dev/cmake)\n'}
[192.806620] (eufs_plugins) StdoutLine: {'line': b'-- Found PkgConfig: /usr/bin/pkg-config (found version "0.29.1") \n'}
[192.826434] (eufs_plugins) StdoutLine: {'line': b"-- Checking for module 'bullet>=2.82'\n"}
[192.832213] (-) TimerEvent: {}
[192.913711] (eufs_plugins) StdoutLine: {'line': b'--   Found bullet, version 2.88\n'}
[192.933273] (-) TimerEvent: {}
[193.034273] (-) TimerEvent: {}
[193.137357] (-) TimerEvent: {}
[193.240188] (-) TimerEvent: {}
[193.341827] (-) TimerEvent: {}
[193.435717] (eufs_plugins) StdoutLine: {'line': b'-- Found ccd: /usr/include (found suitable version "2.0", minimum required is "2.0") \n'}
[193.442287] (-) TimerEvent: {}
[193.546332] (-) TimerEvent: {}
[193.646963] (-) TimerEvent: {}
[193.671258] (eufs_plugins) StdoutLine: {'line': b'-- Found fcl: /usr/include (found suitable version "0.5.0", minimum required is "0.3.2") \n'}
[193.747125] (-) TimerEvent: {}
[193.851830] (-) TimerEvent: {}
[193.922916] (eufs_plugins) StdoutLine: {'line': b'-- Found assimp: /usr/include (found version "5.0.0") \n'}
[193.959811] (-) TimerEvent: {}
[194.063347] (-) TimerEvent: {}
[194.125862] (eufs_plugins) StdoutLine: {'line': b'-- Found DART: /usr/include (Required is at least version "6.6") found components: dart \n'}
[194.163622] (-) TimerEvent: {}
[194.266268] (-) TimerEvent: {}
[194.293057] (eufs_rviz_plugins) StdoutLine: {'line': b'-- Found eufs_msgs: 2.0.0 (/bristol_fsai_sim-docker/install/eufs_msgs/share/eufs_msgs/cmake)\n'}
[194.367177] (-) TimerEvent: {}
[194.468663] (-) TimerEvent: {}
[194.572226] (-) TimerEvent: {}
[194.672933] (-) TimerEvent: {}
[194.773554] (-) TimerEvent: {}
[194.874200] (-) TimerEvent: {}
[194.974777] (-) TimerEvent: {}
[195.014252] (eufs_rviz_plugins) StdoutLine: {'line': b'-- Found ament_lint_auto: 0.10.7 (/opt/ros/galactic/share/ament_lint_auto/cmake)\n'}
[195.074921] (-) TimerEvent: {}
[195.175503] (-) TimerEvent: {}
[195.278905] (-) TimerEvent: {}
[195.288041] (eufs_rviz_plugins) StdoutLine: {'line': b'-- Configuring done\n'}
[195.379075] (-) TimerEvent: {}
[195.383852] (eufs_rviz_plugins) StdoutLine: {'line': b'-- Generating done\n'}
[195.386089] (eufs_rviz_plugins) StdoutLine: {'line': b'-- Build files have been written to: /bristol_fsai_sim-docker/build/eufs_rviz_plugins\n'}
[195.419265] (eufs_rviz_plugins) CommandEnded: {'returncode': 0}
[195.420479] (eufs_rviz_plugins) JobProgress: {'identifier': 'eufs_rviz_plugins', 'progress': 'build'}
[195.420582] (eufs_rviz_plugins) Command: {'cmd': ['/usr/bin/cmake', '--build', '/bristol_fsai_sim-docker/build/eufs_rviz_plugins', '--', '-j8', '-l8'], 'cwd': '/bristol_fsai_sim-docker/build/eufs_rviz_plugins', 'env': OrderedDict([('HOSTNAME', 'alan-Latitude-5420'), ('GIT_ASKPASS', '/vscode/vscode-server/bin/linux-x64/ac4cbdf48759c7d8c3eb91ffe6bb04316e263c57/extensions/git/dist/askpass.sh'), ('SHLVL', '2'), ('LD_LIBRARY_PATH', '/bristol_fsai_sim-docker/install/eufs_msgs/lib:/usr/lib/x86_64-linux-gnu/gazebo-11/plugins:/opt/ros/galactic/opt/yaml_cpp_vendor/lib:/opt/ros/galactic/opt/rviz_ogre_vendor/lib:/opt/ros/galactic/lib/x86_64-linux-gnu:/opt/ros/galactic/lib'), ('BROWSER', '/vscode/vscode-server/bin/linux-x64/ac4cbdf48759c7d8c3eb91ffe6bb04316e263c57/bin/helpers/browser.sh'), ('HOME', '/home/vscode'), ('TERM_PROGRAM_VERSION', '1.106.0'), ('VSCODE_IPC_HOOK_CLI', '/tmp/vscode-ipc-44527d33-f74a-4ad4-9e20-fd4db91b8445.sock'), ('ROS_PYTHON_VERSION', '3'), ('VSCODE_GIT_ASKPASS_MAIN', '/vscode/vscode-server/bin/linux-x64/ac4cbdf48759c7d8c3eb91ffe6bb04316e263c57/extensions/git/dist/askpass-main.js'), ('VSCODE_GIT_ASKPASS_NODE', '/vscode/vscode-server/bin/linux-x64/ac4cbdf48759c7d8c3eb91ffe6bb04316e263c57/node'), ('VSCODE_PYTHON_AUTOACTIVATE_GUARD', '1'), ('COLORTERM', 'truecolor'), ('REMOTE_CONTAINERS', 'true'), ('WAYLAND_DISPLAY', 'vscode-wayland-6ce7d0e9-5b6b-46b2-a2f1-5d3d5d4b2e7f.sock'), ('COLCON_PREFIX_PATH', '/bristol_fsai_sim-docker/install'), ('ROS_DISTRO', 'galactic'), ('REMOTE_CONTAINERS_IPC', '/tmp/vscode-remote-containers-ipc-8e75e97d-8e6f-4c26-880b-7a43c1d13b9e.sock'), ('EUFS_MASTER', '/bristol_fsai_sim-docker'), ('_', '/usr/bin/colcon'), ('ROS_VERSION', '2'), ('TERM', 'xterm-256color'), ('ROS_LOCALHOST_ONLY', '0'), ('PATH', '/vscode/vscode-server/bin/linux-x64/ac4cbdf48759c7d8c3eb91ffe6bb04316e263c57/bin/remote-cli:/opt/ros/galactic/bin:/usr/local/sbin:/usr/local/bin:/usr/sbin:/usr/bin:/sbin:/bin'), ('XDG_RUNTIME_DIR', '/tmp/user/1000'), ('REMOTE_CONTAINERS_SOCKETS', '["/tmp/vscode-ssh-auth-8e75e97d-8e6f-4c26-880b-7a43c1d13b9e.sock","/tmp/.X11-unix/X0","/home/vscode/.gnupg/S.gpg-agent"]'), ('DISPLAY', ':0'), ('LANG', 'C.UTF-8'), ('LS_COLORS', 'rs=0:di=01;34:ln=01;36:mh=00:pi=40;33:so=01;35:do=01;35:bd=40;33;01:cd=40;33;01:or=40;31;01:mi=00:su=37;41:sg=30;43:ca=30;41:tw=30;42:ow=34;42:st=37;44:ex=01;32:*.tar=01;31:*.tgz=01;31:*.arc=01;31:*.arj=01;31:*.taz=01;31:*.lha=01;31:*.lz4=01;31:*.lzh=01;31:*.lzma=01;31:*.tlz=01;31:*.txz=01;31:*.tzo=01;31:*.t7z=01;31:*.zip=01;31:*.z=01;31:*.dz=01;31:*.gz=01;31:*.lrz=01;31:*.lz=01;31:*.lzo=01;31:*.xz=01;31:*.zst=01;31:*.tzst=01;31:*.bz2=01;31:*.bz=01;31:*.tbz=01;31:*.tbz2=01;31:*.tz=01;31:*.deb=01;31:*.rpm=01;31:*.jar=01;31:*.war=01;31:*.ear=01;31:*.sar=01;31:*.rar=01;31:*.alz=01;31:*.ace=01;31:*.zoo=01;31:*.cpio=01;31:*.7z=01;31:*.rz=01;31:*.cab=01;31:*.wim=01;31:*.swm=01;31:*.dwm=01;31:*.esd=01;31:*.jpg=01;35:*.jpeg=01;35:*.mjpg=01;35:*.mjpeg=01;35:*.gif=01;35:*.bmp=01;35:*.pbm=01;35:*.pgm=01;35:*.ppm=01;35:*.tga=01;35:*.xbm=01;35:*.xpm=01;35:*.tif=01;35:*.tiff=01;35:*.png=01;35:*.svg=01;35:*.svgz=01;35:*.mng=01;35:*.pcx=01;35:*.mov=01;35:*.mpg=01;35:*.mpeg=01;35:*.m2v=01;35:*.mkv=01;35:*.webm=01;35:*.ogm=01;35:*.mp4=01;35:*.m4v=01;35:*.mp4v=01;35:*.vob=01;35:*.qt=01;35:*.nuv=01;35:*.wmv=01;35:*.asf=01;35:*.rm=01;35:*.rmvb=01;35:*.flc=01;35:*.avi=01;35:*.fli=01;35:*.flv=01;35:*.gl=01;35:*.dl=01;35:*.xcf=01;35:*.xwd=01;35:*.yuv=01;35:*.cgm=01;35:*.emf=01;35:*.ogv=01;35:*.ogx=01;35:*.aac=00;36:*.au=00;36:*.flac=00;36:*.m4a=00;36:*.mid=00;36:*.midi=00;36:*.mka=00;36:*.mp3=00;36:*.mpc=00;36:*.ogg=00;36:*.ra=00;36:*.wav=00;36:*.oga=00;36:*.opus=00;36:*.spx=00;36:*.xspf=00;36:'), ('VSCODE_GIT_IPC_HANDLE', '/tmp/user/1000/vscode-git-0b6b322ce0.sock'), ('TERM_PROGRAM', 'vscode'), ('SSH_AUTH_SOCK', '/tmp/vscode-ssh-auth-8e75e97d-8e6f-4c26-880b-7a43c1d13b9e.sock'), ('AMENT_PREFIX_PATH', '/bristol_fsai_sim-docker/install/eufs_msgs:/opt/ros/galactic'), ('REMOTE_CONTAINERS_DISPLAY_SOCK', '/tmp/.X11-unix/X0'), ('SHELL', '/bin/bash'), ('VSCODE_GIT_ASKPASS_EXTRA_ARGS', ''), ('PWD', '/bristol_fsai_sim-docker/build/eufs_rviz_plugins'), ('LC_ALL', 'C.UTF-8'), ('PYTHONPATH', '/bristol_fsai_sim-docker/install/eufs_msgs/lib/python3.8/site-packages:/opt/ros/galactic/lib/python3.8/site-packages'), ('COLCON', '1'), ('CMAKE_PREFIX_PATH', '/bristol_fsai_sim-docker/install/eufs_msgs:/opt/ros/galactic')]), 'shell': False}
[195.479351] (-) TimerEvent: {}
[195.501045] (eufs_plugins) StdoutLine: {'line': b'-- Found Boost: /usr/lib/x86_64-linux-gnu/cmake/Boost-1.71.0/BoostConfig.cmake (found suitable version "1.71.0", minimum required is "1.40.0") found components: thread system filesystem program_options regex iostreams date_time \n'}
[195.581559] (-) TimerEvent: {}
[195.582453] (eufs_rviz_plugins) StdoutLine: {'line': b'[ 14%] \x1b[34m\x1b[1mGenerating include/eufs_rviz_plugins/displays/waypoint_array_stamped/moc_waypoint_array_stamped_display.cpp\x1b[0m\n'}
[195.591818] (eufs_rviz_plugins) StdoutLine: {'line': b'[ 28%] \x1b[34m\x1b[1mGenerating include/eufs_rviz_plugins/displays/cone_array_with_covariance/moc_cone_array_with_covariance_display.cpp\x1b[0m\n'}
[195.667450] (eufs_rviz_plugins) StdoutLine: {'line': b'\x1b[35m\x1b[1mScanning dependencies of target eufs_rviz_plugins\x1b[0m\n'}
[195.670216] (eufs_plugins) StdoutLine: {'line': b'-- Found Protobuf: /usr/lib/x86_64-linux-gnu/libprotobuf.so;-lpthread (found version "3.6.1") \n'}
[195.682107] (-) TimerEvent: {}
[195.691612] (eufs_plugins) StdoutLine: {'line': b'-- Looking for ignition-math6 -- found version 6.13.0\n'}
[195.737641] (eufs_plugins) StdoutLine: {'line': b'-- Searching for dependencies of ignition-math6\n'}
[195.756697] (eufs_plugins) StdoutLine: {'line': b'-- Looking for OGRE...\n'}
[195.771373] (eufs_plugins) StdoutLine: {'line': b'-- OGRE_PREFIX_WATCH changed.\n'}
[195.782258] (-) TimerEvent: {}
[195.798006] (eufs_plugins) StdoutLine: {'line': b"-- Checking for module 'OGRE'\n"}
[195.864264] (eufs_plugins) StdoutLine: {'line': b'--   Found OGRE, version 1.9.0\n'}
[195.882410] (-) TimerEvent: {}
[195.983041] (-) TimerEvent: {}
[196.033605] (eufs_plugins) StdoutLine: {'line': b'-- Found Ogre Ghadamon (1.9.0)\n'}
[196.083351] (-) TimerEvent: {}
[196.086951] (eufs_plugins) StdoutLine: {'line': b'-- Found OGRE: optimized;/usr/lib/x86_64-linux-gnu/libOgreMain.so;debug;/usr/lib/x86_64-linux-gnu/libOgreMain.so\n'}
[196.162310] (eufs_plugins) StdoutLine: {'line': b'-- Looking for OGRE_Paging...\n'}
[196.183889] (-) TimerEvent: {}
[196.205722] (eufs_plugins) StdoutLine: {'line': b'-- Found OGRE_Paging: optimized;/usr/lib/x86_64-linux-gnu/libOgrePaging.so;debug;/usr/lib/x86_64-linux-gnu/libOgrePaging.so\n'}
[196.207076] (eufs_plugins) StdoutLine: {'line': b'-- Looking for OGRE_Terrain...\n'}
[196.225510] (eufs_plugins) StdoutLine: {'line': b'-- Found OGRE_Terrain: optimized;/usr/lib/x86_64-linux-gnu/libOgreTerrain.so;debug;/usr/lib/x86_64-linux-gnu/libOgreTerrain.so\n'}
[196.226345] (eufs_plugins) StdoutLine: {'line': b'-- Looking for OGRE_Property...\n'}
[196.245535] (eufs_plugins) StdoutLine: {'line': b'-- Found OGRE_Property: optimized;/usr/lib/x86_64-linux-gnu/libOgreProperty.so;debug;/usr/lib/x86_64-linux-gnu/libOgreProperty.so\n'}
[196.247248] (eufs_plugins) StdoutLine: {'line': b'-- Looking for OGRE_RTShaderSystem...\n'}
[196.266492] (eufs_plugins) StdoutLine: {'line': b'-- Found OGRE_RTShaderSystem: optimized;/usr/lib/x86_64-linux-gnu/libOgreRTShaderSystem.so;debug;/usr/lib/x86_64-linux-gnu/libOgreRTShaderSystem.so\n'}
[196.267487] (eufs_plugins) StdoutLine: {'line': b'-- Looking for OGRE_Volume...\n'}
[196.284263] (-) TimerEvent: {}
[196.290815] (eufs_plugins) StdoutLine: {'line': b'-- Found OGRE_Volume: optimized;/usr/lib/x86_64-linux-gnu/libOgreVolume.so;debug;/usr/lib/x86_64-linux-gnu/libOgreVolume.so\n'}
[196.291767] (eufs_plugins) StdoutLine: {'line': b'-- Looking for OGRE_Overlay...\n'}
[196.314356] (eufs_plugins) StdoutLine: {'line': b'-- Found OGRE_Overlay: optimized;/usr/lib/x86_64-linux-gnu/libOgreOverlay.so;debug;/usr/lib/x86_64-linux-gnu/libOgreOverlay.so\n'}
[196.385290] (-) TimerEvent: {}
[196.486268] (-) TimerEvent: {}
[196.589627] (-) TimerEvent: {}
[196.690276] (-) TimerEvent: {}
[196.788764] (eufs_plugins) StdoutLine: {'line': b'-- Looking for ignition-math6 -- found version 6.13.0\n'}
[196.790394] (-) TimerEvent: {}
[196.806487] (eufs_plugins) StdoutLine: {'line': b'-- Looking for ignition-transport8 -- found version 8.3.0\n'}
[196.829237] (eufs_plugins) StdoutLine: {'line': b'-- Searching for dependencies of ignition-transport8\n'}
[196.888127] (eufs_rviz_plugins) StdoutLine: {'line': b'[ 42%] \x1b[32mBuilding CXX object CMakeFiles/eufs_rviz_plugins.dir/include/eufs_rviz_plugins/displays/cone_array_with_covariance/moc_cone_array_with_covariance_display.cpp.o\x1b[0m\n'}
[196.890698] (-) TimerEvent: {}
[196.893896] (eufs_rviz_plugins) StdoutLine: {'line': b'[ 57%] \x1b[32mBuilding CXX object CMakeFiles/eufs_rviz_plugins.dir/include/eufs_rviz_plugins/displays/waypoint_array_stamped/moc_waypoint_array_stamped_display.cpp.o\x1b[0m\n'}
[196.974476] (eufs_plugins) StdoutLine: {'line': b'-- Found Protobuf: /usr/lib/x86_64-linux-gnu/libprotobuf.so;-lpthread (found suitable version "3.6.1", minimum required is "3") \n'}
[196.991245] (-) TimerEvent: {}
[197.023285] (eufs_plugins) StdoutLine: {'line': b'-- Config-file not installed for ZeroMQ -- checking for pkg-config\n'}
[197.041039] (eufs_plugins) StdoutLine: {'line': b"-- Checking for module 'libzmq >= 4'\n"}
[197.093517] (-) TimerEvent: {}
[197.163397] (eufs_plugins) StdoutLine: {'line': b'--   Found libzmq , version 4.3.2\n'}
[197.193672] (-) TimerEvent: {}
[197.298287] (-) TimerEvent: {}
[197.399935] (-) TimerEvent: {}
[197.436959] (eufs_plugins) StdoutLine: {'line': b'-- Found ZeroMQ: TRUE (Required is at least version "4") \n'}
[197.491158] (eufs_plugins) StdoutLine: {'line': b"-- Checking for module 'uuid'\n"}
[197.500097] (-) TimerEvent: {}
[197.549995] (eufs_plugins) StdoutLine: {'line': b'--   Found uuid, version 2.34.0\n'}
[197.600265] (-) TimerEvent: {}
[197.700876] (-) TimerEvent: {}
[197.740265] (eufs_plugins) StdoutLine: {'line': b'-- Found UUID: TRUE  \n'}
[197.751765] (eufs_plugins) StdoutLine: {'line': b'-- Looking for ignition-msgs5 -- found version 5.10.0\n'}
[197.754543] (eufs_plugins) StdoutLine: {'line': b'-- Searching for dependencies of ignition-msgs5\n'}
[197.814751] (-) TimerEvent: {}
[197.933095] (-) TimerEvent: {}
[197.962685] (eufs_plugins) StdoutLine: {'line': b'-- Looking for ignition-math6 -- found version 6.13.0\n'}
[198.021228] (eufs_plugins) StdoutLine: {'line': b"-- Checking for module 'tinyxml2'\n"}
[198.033255] (-) TimerEvent: {}
[198.146995] (eufs_plugins) StdoutLine: {'line': b'--   Found tinyxml2, version 6.2.0\n'}
[198.147531] (-) TimerEvent: {}
[198.248028] (-) TimerEvent: {}
[198.357926] (-) TimerEvent: {}
[198.471096] (eufs_plugins) StdoutLine: {'line': b'-- Looking for ignition-msgs5 -- found version 5.10.0\n'}
[198.471543] (-) TimerEvent: {}
[198.487473] (eufs_plugins) StdoutLine: {'line': b'-- Looking for ignition-common3 -- found version 3.14.2\n'}
[198.489267] (eufs_plugins) StdoutLine: {'line': b'-- Searching for dependencies of ignition-common3\n'}
[198.497353] (eufs_plugins) StdoutLine: {'line': b'-- Looking for dlfcn.h - found\n'}
[198.502257] (eufs_plugins) StdoutLine: {'line': b'-- Looking for libdl - found\n'}
[198.524878] (eufs_plugins) StdoutLine: {'line': b'-- Found DL: TRUE  \n'}
[198.571731] (-) TimerEvent: {}
[198.587410] (eufs_plugins) StdoutLine: {'line': b'-- Searching for <ignition-common3> component [graphics]\n'}
[198.600094] (eufs_plugins) StdoutLine: {'line': b'-- Looking for ignition-common3-graphics -- found version 3.14.2\n'}
[198.600577] (eufs_plugins) StdoutLine: {'line': b'-- Searching for dependencies of ignition-common3-graphics\n'}
[198.600823] (eufs_plugins) StdoutLine: {'line': b'-- Looking for ignition-math6 -- found version 6.13.0\n'}
[198.624260] (eufs_plugins) StdoutLine: {'line': b'-- Looking for ignition-fuel_tools4 -- found version 4.6.0\n'}
[198.624836] (eufs_plugins) StdoutLine: {'line': b'-- Searching for dependencies of ignition-fuel_tools4\n'}
[198.671877] (-) TimerEvent: {}
[198.772548] (-) TimerEvent: {}
[198.873267] (-) TimerEvent: {}
[198.975277] (-) TimerEvent: {}
[199.076267] (-) TimerEvent: {}
[199.078530] (eufs_plugins) StdoutLine: {'line': b'-- Found CURL: /usr/lib/x86_64-linux-gnu/libcurl.so (found version "7.68.0")  \n'}
[199.176422] (-) TimerEvent: {}
[199.192292] (eufs_plugins) StdoutLine: {'line': b"-- Checking for module 'jsoncpp'\n"}
[199.258406] (eufs_plugins) StdoutLine: {'line': b'--   Found jsoncpp, version 1.7.4\n'}
[199.276573] (-) TimerEvent: {}
[199.378267] (-) TimerEvent: {}
[199.434540] (eufs_plugins) StdoutLine: {'line': b'-- Found JSONCPP: TRUE  \n'}
[199.462025] (eufs_plugins) StdoutLine: {'line': b"-- Checking for module 'libzip'\n"}
[199.479277] (-) TimerEvent: {}
[199.528137] (eufs_plugins) StdoutLine: {'line': b'--   Found libzip, version 1.5.1\n'}
[199.584331] (-) TimerEvent: {}
[199.685620] (-) TimerEvent: {}
[199.693829] (eufs_plugins) StdoutLine: {'line': b'-- Found ZIP: TRUE  \n'}
[199.696706] (eufs_plugins) StdoutLine: {'line': b'-- Looking for ignition-common3 -- found version 3.14.2\n'}
[199.699403] (eufs_plugins) StdoutLine: {'line': b'-- Looking for ignition-math6 -- found version 6.13.0\n'}
[199.701834] (eufs_plugins) StdoutLine: {'line': b'-- Looking for ignition-msgs5 -- found version 5.10.0\n'}
[199.710127] (eufs_plugins) StdoutLine: {'line': b'-- Gazebo version: 11.11\n'}
[199.718945] (eufs_plugins) StdoutLine: {'line': b'-- Found gazebo_ros: 3.5.2 (/opt/ros/galactic/share/gazebo_ros/cmake)\n'}
[199.787204] (-) TimerEvent: {}
[199.887943] (-) TimerEvent: {}
[199.932937] (eufs_plugins) StdoutLine: {'line': b'-- Using all available rosidl_typesupport_c: rosidl_typesupport_fastrtps_c;rosidl_typesupport_introspection_c\n'}
[199.956574] (eufs_plugins) StdoutLine: {'line': b'-- Found rosidl_adapter: 2.2.3 (/opt/ros/galactic/share/rosidl_adapter/cmake)\n'}
[199.988105] (-) TimerEvent: {}
[200.088934] (-) TimerEvent: {}
[200.192261] (-) TimerEvent: {}
[200.294262] (-) TimerEvent: {}
[200.350665] (eufs_plugins) StdoutLine: {'line': b'-- Found OpenSSL: /usr/lib/x86_64-linux-gnu/libcrypto.so (found version "1.1.1f")  \n'}
[200.395268] (-) TimerEvent: {}
[200.447364] (eufs_plugins) StdoutLine: {'line': b'-- Found FastRTPS: /opt/ros/galactic/include  \n'}
[200.495426] (-) TimerEvent: {}
[200.597699] (-) TimerEvent: {}
[200.700484] (-) TimerEvent: {}
[200.817403] (-) TimerEvent: {}
[200.870013] (eufs_plugins) StdoutLine: {'line': b'-- Using all available rosidl_typesupport_cpp: rosidl_typesupport_fastrtps_cpp;rosidl_typesupport_introspection_cpp\n'}
[200.918256] (-) TimerEvent: {}
[201.018837] (-) TimerEvent: {}
[201.122612] (-) TimerEvent: {}
[201.180457] (eufs_plugins) StdoutLine: {'line': b'-- Found rmw_implementation_cmake: 3.3.1 (/opt/ros/galactic/share/rmw_implementation_cmake/cmake)\n'}
[201.187771] (eufs_plugins) StdoutLine: {'line': b'-- Found rmw_cyclonedds_cpp: 0.22.6 (/opt/ros/galactic/share/rmw_cyclonedds_cpp/cmake)\n'}
[201.223261] (-) TimerEvent: {}
[201.257239] (eufs_plugins) StdoutLine: {'line': b"-- Using RMW implementation 'rmw_cyclonedds_cpp' as default\n"}
[201.264280] (eufs_plugins) StdoutLine: {'line': b'-- Found Threads: TRUE  \n'}
[201.323411] (-) TimerEvent: {}
[201.424011] (-) TimerEvent: {}
[201.527468] (-) TimerEvent: {}
[201.628060] (-) TimerEvent: {}
[201.731272] (-) TimerEvent: {}
[201.809231] (eufs_plugins) StdoutLine: {'line': b'-- Found geometry_msgs: 2.2.4 (/opt/ros/galactic/share/geometry_msgs/cmake)\n'}
[201.831424] (-) TimerEvent: {}
[201.932258] (-) TimerEvent: {}
[201.947117] (eufs_plugins) StdoutLine: {'line': b'-- Found nav_msgs: 2.2.4 (/opt/ros/galactic/share/nav_msgs/cmake)\n'}
[202.032429] (-) TimerEvent: {}
[202.135499] (-) TimerEvent: {}
[202.235315] (eufs_plugins) StdoutLine: {'line': b'-- Found std_srvs: 2.2.4 (/opt/ros/galactic/share/std_srvs/cmake)\n'}
[202.235791] (-) TimerEvent: {}
[202.269249] (eufs_plugins) StdoutLine: {'line': b'-- Found tf2: 0.17.5 (/opt/ros/galactic/share/tf2/cmake)\n'}
[202.305869] (eufs_plugins) StdoutLine: {'line': b'-- Found tf2_ros: 0.17.5 (/opt/ros/galactic/share/tf2_ros/cmake)\n'}
[202.336264] (-) TimerEvent: {}
[202.438452] (-) TimerEvent: {}
[202.542480] (-) TimerEvent: {}
[202.643412] (-) TimerEvent: {}
[202.752100] (-) TimerEvent: {}
[202.868265] (-) TimerEvent: {}
[202.971147] (-) TimerEvent: {}
[203.082428] (-) TimerEvent: {}
[203.191119] (-) TimerEvent: {}
[203.292273] (-) TimerEvent: {}
[203.403283] (-) TimerEvent: {}
[203.504574] (-) TimerEvent: {}
[203.605266] (-) TimerEvent: {}
[203.650825] (eufs_plugins) StdoutLine: {'line': b'-- Found eufs_msgs: 2.0.0 (/bristol_fsai_sim-docker/install/eufs_msgs/share/eufs_msgs/cmake)\n'}
[203.706264] (-) TimerEvent: {}
[203.808475] (-) TimerEvent: {}
[203.930547] (-) TimerEvent: {}
[204.044000] (-) TimerEvent: {}
[204.144642] (-) TimerEvent: {}
[204.246758] (-) TimerEvent: {}
[204.350279] (-) TimerEvent: {}
[204.452275] (-) TimerEvent: {}
[204.552927] (-) TimerEvent: {}
[204.654690] (-) TimerEvent: {}
[204.758812] (-) TimerEvent: {}
[204.807298] (eufs_plugins) StdoutLine: {'line': b'-- Found eufs_models: 2.0.0 (/bristol_fsai_sim-docker/install/eufs_models/share/eufs_models/cmake)\n'}
[204.858968] (-) TimerEvent: {}
[204.897479] (eufs_plugins) StdoutLine: {'line': b'-- Found ackermann_msgs: 2.0.2 (/opt/ros/galactic/share/ackermann_msgs/cmake)\n'}
[204.959279] (-) TimerEvent: {}
[205.034232] (eufs_plugins) StdoutLine: {'line': b'-- Found image_geometry: 3.1.3 (/opt/ros/galactic/share/image_geometry/cmake)\n'}
[205.060274] (-) TimerEvent: {}
[205.108343] (eufs_plugins) StdoutLine: {'line': b'-- Found yaml_cpp_vendor: 7.1.1 (/opt/ros/galactic/share/yaml_cpp_vendor/cmake)\n'}
[205.160440] (-) TimerEvent: {}
[205.261105] (-) TimerEvent: {}
[205.362292] (-) TimerEvent: {}
[205.463446] (-) TimerEvent: {}
[205.567495] (-) TimerEvent: {}
[205.669263] (-) TimerEvent: {}
[205.770247] (eufs_plugins) StdoutLine: {'line': b'-- Configuring done\n'}
[205.770620] (-) TimerEvent: {}
[205.880299] (-) TimerEvent: {}
[205.984748] (-) TimerEvent: {}
[206.085426] (-) TimerEvent: {}
[206.186588] (-) TimerEvent: {}
[206.287537] (-) TimerEvent: {}
[206.388692] (-) TimerEvent: {}
[206.490259] (eufs_plugins) StdoutLine: {'line': b'-- Generating done\n'}
[206.490702] (-) TimerEvent: {}
[206.501331] (eufs_plugins) StdoutLine: {'line': b'-- Build files have been written to: /bristol_fsai_sim-docker/build/eufs_plugins\n'}
[206.550929] (eufs_plugins) CommandEnded: {'returncode': 0}
[206.561118] (eufs_plugins) JobProgress: {'identifier': 'eufs_plugins', 'progress': 'build'}
[206.561390] (eufs_plugins) Command: {'cmd': ['/usr/bin/cmake', '--build', '/bristol_fsai_sim-docker/build/eufs_plugins', '--', '-j8', '-l8'], 'cwd': '/bristol_fsai_sim-docker/build/eufs_plugins', 'env': OrderedDict([('HOSTNAME', 'alan-Latitude-5420'), ('GIT_ASKPASS', '/vscode/vscode-server/bin/linux-x64/ac4cbdf48759c7d8c3eb91ffe6bb04316e263c57/extensions/git/dist/askpass.sh'), ('SHLVL', '2'), ('LD_LIBRARY_PATH', '/bristol_fsai_sim-docker/install/eufs_models/lib:/bristol_fsai_sim-docker/install/eufs_msgs/lib:/usr/lib/x86_64-linux-gnu/gazebo-11/plugins:/opt/ros/galactic/opt/yaml_cpp_vendor/lib:/opt/ros/galactic/opt/rviz_ogre_vendor/lib:/opt/ros/galactic/lib/x86_64-linux-gnu:/opt/ros/galactic/lib'), ('BROWSER', '/vscode/vscode-server/bin/linux-x64/ac4cbdf48759c7d8c3eb91ffe6bb04316e263c57/bin/helpers/browser.sh'), ('HOME', '/home/vscode'), ('TERM_PROGRAM_VERSION', '1.106.0'), ('VSCODE_IPC_HOOK_CLI', '/tmp/vscode-ipc-44527d33-f74a-4ad4-9e20-fd4db91b8445.sock'), ('ROS_PYTHON_VERSION', '3'), ('VSCODE_GIT_ASKPASS_MAIN', '/vscode/vscode-server/bin/linux-x64/ac4cbdf48759c7d8c3eb91ffe6bb04316e263c57/extensions/git/dist/askpass-main.js'), ('VSCODE_GIT_ASKPASS_NODE', '/vscode/vscode-server/bin/linux-x64/ac4cbdf48759c7d8c3eb91ffe6bb04316e263c57/node'), ('VSCODE_PYTHON_AUTOACTIVATE_GUARD', '1'), ('COLORTERM', 'truecolor'), ('REMOTE_CONTAINERS', 'true'), ('WAYLAND_DISPLAY', 'vscode-wayland-6ce7d0e9-5b6b-46b2-a2f1-5d3d5d4b2e7f.sock'), ('COLCON_PREFIX_PATH', '/bristol_fsai_sim-docker/install'), ('ROS_DISTRO', 'galactic'), ('REMOTE_CONTAINERS_IPC', '/tmp/vscode-remote-containers-ipc-8e75e97d-8e6f-4c26-880b-7a43c1d13b9e.sock'), ('EUFS_MASTER', '/bristol_fsai_sim-docker'), ('_', '/usr/bin/colcon'), ('ROS_VERSION', '2'), ('TERM', 'xterm-256color'), ('ROS_LOCALHOST_ONLY', '0'), ('PATH', '/vscode/vscode-server/bin/linux-x64/ac4cbdf48759c7d8c3eb91ffe6bb04316e263c57/bin/remote-cli:/opt/ros/galactic/bin:/usr/local/sbin:/usr/local/bin:/usr/sbin:/usr/bin:/sbin:/bin'), ('XDG_RUNTIME_DIR', '/tmp/user/1000'), ('REMOTE_CONTAINERS_SOCKETS', '["/tmp/vscode-ssh-auth-8e75e97d-8e6f-4c26-880b-7a43c1d13b9e.sock","/tmp/.X11-unix/X0","/home/vscode/.gnupg/S.gpg-agent"]'), ('DISPLAY', ':0'), ('LANG', 'C.UTF-8'), ('LS_COLORS', 'rs=0:di=01;34:ln=01;36:mh=00:pi=40;33:so=01;35:do=01;35:bd=40;33;01:cd=40;33;01:or=40;31;01:mi=00:su=37;41:sg=30;43:ca=30;41:tw=30;42:ow=34;42:st=37;44:ex=01;32:*.tar=01;31:*.tgz=01;31:*.arc=01;31:*.arj=01;31:*.taz=01;31:*.lha=01;31:*.lz4=01;31:*.lzh=01;31:*.lzma=01;31:*.tlz=01;31:*.txz=01;31:*.tzo=01;31:*.t7z=01;31:*.zip=01;31:*.z=01;31:*.dz=01;31:*.gz=01;31:*.lrz=01;31:*.lz=01;31:*.lzo=01;31:*.xz=01;31:*.zst=01;31:*.tzst=01;31:*.bz2=01;31:*.bz=01;31:*.tbz=01;31:*.tbz2=01;31:*.tz=01;31:*.deb=01;31:*.rpm=01;31:*.jar=01;31:*.war=01;31:*.ear=01;31:*.sar=01;31:*.rar=01;31:*.alz=01;31:*.ace=01;31:*.zoo=01;31:*.cpio=01;31:*.7z=01;31:*.rz=01;31:*.cab=01;31:*.wim=01;31:*.swm=01;31:*.dwm=01;31:*.esd=01;31:*.jpg=01;35:*.jpeg=01;35:*.mjpg=01;35:*.mjpeg=01;35:*.gif=01;35:*.bmp=01;35:*.pbm=01;35:*.pgm=01;35:*.ppm=01;35:*.tga=01;35:*.xbm=01;35:*.xpm=01;35:*.tif=01;35:*.tiff=01;35:*.png=01;35:*.svg=01;35:*.svgz=01;35:*.mng=01;35:*.pcx=01;35:*.mov=01;35:*.mpg=01;35:*.mpeg=01;35:*.m2v=01;35:*.mkv=01;35:*.webm=01;35:*.ogm=01;35:*.mp4=01;35:*.m4v=01;35:*.mp4v=01;35:*.vob=01;35:*.qt=01;35:*.nuv=01;35:*.wmv=01;35:*.asf=01;35:*.rm=01;35:*.rmvb=01;35:*.flc=01;35:*.avi=01;35:*.fli=01;35:*.flv=01;35:*.gl=01;35:*.dl=01;35:*.xcf=01;35:*.xwd=01;35:*.yuv=01;35:*.cgm=01;35:*.emf=01;35:*.ogv=01;35:*.ogx=01;35:*.aac=00;36:*.au=00;36:*.flac=00;36:*.m4a=00;36:*.mid=00;36:*.midi=00;36:*.mka=00;36:*.mp3=00;36:*.mpc=00;36:*.ogg=00;36:*.ra=00;36:*.wav=00;36:*.oga=00;36:*.opus=00;36:*.spx=00;36:*.xspf=00;36:'), ('VSCODE_GIT_IPC_HANDLE', '/tmp/user/1000/vscode-git-0b6b322ce0.sock'), ('TERM_PROGRAM', 'vscode'), ('SSH_AUTH_SOCK', '/tmp/vscode-ssh-auth-8e75e97d-8e6f-4c26-880b-7a43c1d13b9e.sock'), ('AMENT_PREFIX_PATH', '/bristol_fsai_sim-docker/install/eufs_models:/bristol_fsai_sim-docker/install/eufs_msgs:/opt/ros/galactic'), ('REMOTE_CONTAINERS_DISPLAY_SOCK', '/tmp/.X11-unix/X0'), ('SHELL', '/bin/bash'), ('VSCODE_GIT_ASKPASS_EXTRA_ARGS', ''), ('PWD', '/bristol_fsai_sim-docker/build/eufs_plugins'), ('LC_ALL', 'C.UTF-8'), ('PYTHONPATH', '/bristol_fsai_sim-docker/install/eufs_msgs/lib/python3.8/site-packages:/opt/ros/galactic/lib/python3.8/site-packages'), ('COLCON', '1'), ('CMAKE_PREFIX_PATH', '/bristol_fsai_sim-docker/install/eufs_models:/bristol_fsai_sim-docker/install/eufs_msgs:/opt/ros/galactic')]), 'shell': False}
[206.591293] (-) TimerEvent: {}
[206.698320] (-) TimerEvent: {}
[206.726328] (eufs_plugins) StdoutLine: {'line': b'\x1b[35m\x1b[1mScanning dependencies of target gazebo_camera_cones\x1b[0m\n'}
[206.798458] (-) TimerEvent: {}
[206.902518] (-) TimerEvent: {}
[207.004335] (-) TimerEvent: {}
[207.105512] (-) TimerEvent: {}
[207.207774] (-) TimerEvent: {}
[207.309278] (-) TimerEvent: {}
[207.410274] (-) TimerEvent: {}
[207.511576] (-) TimerEvent: {}
[207.617172] (-) TimerEvent: {}
[207.725314] (-) TimerEvent: {}
[207.854467] (-) TimerEvent: {}
[207.914691] (eufs_plugins) StdoutLine: {'line': b'[ 11%] \x1b[32mBuilding CXX object gazebo_cone_plugins/CMakeFiles/gazebo_camera_cones.dir/src/gazebo_camera_cones.cpp.o\x1b[0m\n'}
[207.973342] (-) TimerEvent: {}
[208.074586] (-) TimerEvent: {}
[208.178259] (-) TimerEvent: {}
[208.279266] (-) TimerEvent: {}
[208.381485] (-) TimerEvent: {}
[208.482360] (-) TimerEvent: {}
[208.584480] (-) TimerEvent: {}
[208.685074] (-) TimerEvent: {}
[208.789483] (-) TimerEvent: {}
[208.890435] (-) TimerEvent: {}
[208.992463] (-) TimerEvent: {}
[209.096269] (-) TimerEvent: {}
[209.197434] (-) TimerEvent: {}
[209.302949] (-) TimerEvent: {}
[209.405835] (-) TimerEvent: {}
[209.507358] (-) TimerEvent: {}
[209.608262] (-) TimerEvent: {}
[209.715433] (-) TimerEvent: {}
[209.819164] (-) TimerEvent: {}
[209.929316] (-) TimerEvent: {}
[210.033293] (-) TimerEvent: {}
[210.134393] (-) TimerEvent: {}
[210.235921] (-) TimerEvent: {}
[210.341269] (-) TimerEvent: {}
[210.442572] (-) TimerEvent: {}
[210.551131] (-) TimerEvent: {}
[210.664920] (-) TimerEvent: {}
[210.765865] (-) TimerEvent: {}
[210.876276] (-) TimerEvent: {}
[210.976917] (-) TimerEvent: {}
[211.077583] (-) TimerEvent: {}
[211.181425] (-) TimerEvent: {}
[211.282266] (-) TimerEvent: {}
[211.386492] (-) TimerEvent: {}
[211.490199] (-) TimerEvent: {}
[211.592992] (-) TimerEvent: {}
[211.696517] (-) TimerEvent: {}
[211.800930] (-) TimerEvent: {}
[211.901610] (-) TimerEvent: {}
[212.002227] (-) TimerEvent: {}
[212.102817] (-) TimerEvent: {}
[212.203452] (-) TimerEvent: {}
[212.310505] (-) TimerEvent: {}
[212.412270] (-) TimerEvent: {}
[212.513265] (-) TimerEvent: {}
[212.614274] (-) TimerEvent: {}
[212.715271] (-) TimerEvent: {}
[212.816282] (-) TimerEvent: {}
[212.917270] (-) TimerEvent: {}
[213.020504] (-) TimerEvent: {}
[213.121166] (-) TimerEvent: {}
[213.182286] (control_cpp) StdoutLine: {'line': b'[ 80%] \x1b[32m\x1b[1mLinking CXX executable odometry_to_twist_converter\x1b[0m\n'}
[213.222284] (-) TimerEvent: {}
[213.323054] (-) TimerEvent: {}
[213.426271] (-) TimerEvent: {}
[213.526949] (-) TimerEvent: {}
[213.629496] (-) TimerEvent: {}
[213.732505] (-) TimerEvent: {}
[213.833254] (-) TimerEvent: {}
[213.936273] (-) TimerEvent: {}
[214.037638] (-) TimerEvent: {}
[214.145353] (-) TimerEvent: {}
[214.249333] (-) TimerEvent: {}
[214.351496] (-) TimerEvent: {}
[214.408301] (control_cpp) StdoutLine: {'line': b'[ 80%] Built target odometry_to_twist_converter\n'}
[214.472038] (-) TimerEvent: {}
[214.576413] (-) TimerEvent: {}
[214.679450] (-) TimerEvent: {}
[214.780283] (-) TimerEvent: {}
[214.881091] (-) TimerEvent: {}
[214.982277] (-) TimerEvent: {}
[215.085147] (-) TimerEvent: {}
[215.186272] (-) TimerEvent: {}
[215.287184] (-) TimerEvent: {}
[215.389937] (-) TimerEvent: {}
[215.497282] (-) TimerEvent: {}
[215.599758] (-) TimerEvent: {}
[215.703169] (-) TimerEvent: {}
[215.806228] (-) TimerEvent: {}
[215.915448] (-) TimerEvent: {}
[216.034895] (-) TimerEvent: {}
[216.139883] (-) TimerEvent: {}
[216.240754] (-) TimerEvent: {}
[216.341581] (-) TimerEvent: {}
[216.442514] (-) TimerEvent: {}
[216.543464] (-) TimerEvent: {}
[216.645075] (-) TimerEvent: {}
[216.747793] (-) TimerEvent: {}
[216.848403] (-) TimerEvent: {}
[216.950045] (-) TimerEvent: {}
[217.054268] (-) TimerEvent: {}
[217.155658] (-) TimerEvent: {}
[217.256490] (-) TimerEvent: {}
[217.357113] (-) TimerEvent: {}
[217.458260] (-) TimerEvent: {}
[217.559114] (-) TimerEvent: {}
[217.662493] (-) TimerEvent: {}
[217.763342] (-) TimerEvent: {}
[217.874025] (-) TimerEvent: {}
[217.976164] (-) TimerEvent: {}
[218.076775] (-) TimerEvent: {}
[218.181356] (-) TimerEvent: {}
[218.282127] (-) TimerEvent: {}
[218.384719] (-) TimerEvent: {}
[218.487272] (-) TimerEvent: {}
[218.588124] (-) TimerEvent: {}
[218.692558] (-) TimerEvent: {}
[218.795197] (-) TimerEvent: {}
[218.895887] (-) TimerEvent: {}
[218.996630] (-) TimerEvent: {}
[219.097464] (-) TimerEvent: {}
[219.199982] (-) TimerEvent: {}
[219.302475] (-) TimerEvent: {}
[219.403076] (-) TimerEvent: {}
[219.506731] (-) TimerEvent: {}
[219.607274] (-) TimerEvent: {}
[219.711064] (-) TimerEvent: {}
[219.813095] (-) TimerEvent: {}
[219.914217] (-) TimerEvent: {}
[220.014932] (-) TimerEvent: {}
[220.116659] (-) TimerEvent: {}
[220.219615] (-) TimerEvent: {}
[220.321957] (-) TimerEvent: {}
[220.422587] (-) TimerEvent: {}
[220.523202] (-) TimerEvent: {}
[220.624274] (-) TimerEvent: {}
[220.727421] (-) TimerEvent: {}
[220.830262] (-) TimerEvent: {}
[220.933457] (-) TimerEvent: {}
[221.034414] (-) TimerEvent: {}
[221.135034] (-) TimerEvent: {}
[221.235672] (-) TimerEvent: {}
[221.336282] (-) TimerEvent: {}
[221.438702] (-) TimerEvent: {}
[221.539268] (-) TimerEvent: {}
[221.640106] (-) TimerEvent: {}
[221.742908] (-) TimerEvent: {}
[221.846244] (-) TimerEvent: {}
[221.954556] (-) TimerEvent: {}
[222.056268] (-) TimerEvent: {}
[222.156862] (-) TimerEvent: {}
[222.258276] (-) TimerEvent: {}
[222.361263] (-) TimerEvent: {}
[222.462275] (-) TimerEvent: {}
[222.565257] (-) TimerEvent: {}
[222.665817] (-) TimerEvent: {}
[222.766415] (-) TimerEvent: {}
[222.867005] (-) TimerEvent: {}
[222.967681] (-) TimerEvent: {}
[223.068263] (-) TimerEvent: {}
[223.169302] (-) TimerEvent: {}
[223.270250] (-) TimerEvent: {}
[223.370808] (-) TimerEvent: {}
[223.472955] (-) TimerEvent: {}
[223.536041] (eufs_rviz_plugins) StdoutLine: {'line': b'[ 71%] \x1b[32mBuilding CXX object CMakeFiles/eufs_rviz_plugins.dir/src/eufs_rviz_plugins/displays/waypoint_array_stamped/waypoint_array_stamped_display.cpp.o\x1b[0m\n'}
[223.573121] (-) TimerEvent: {}
[223.674275] (-) TimerEvent: {}
[223.775863] (-) TimerEvent: {}
[223.876460] (-) TimerEvent: {}
[223.977025] (-) TimerEvent: {}
[224.077614] (-) TimerEvent: {}
[224.178229] (-) TimerEvent: {}
[224.278804] (-) TimerEvent: {}
[224.379267] (-) TimerEvent: {}
[224.479799] (-) TimerEvent: {}
[224.580456] (-) TimerEvent: {}
[224.681039] (-) TimerEvent: {}
[224.781512] (-) TimerEvent: {}
[224.882114] (-) TimerEvent: {}
[224.982590] (-) TimerEvent: {}
[225.083185] (-) TimerEvent: {}
[225.183788] (-) TimerEvent: {}
[225.284969] (-) TimerEvent: {}
[225.385598] (-) TimerEvent: {}
[225.486263] (-) TimerEvent: {}
[225.586896] (-) TimerEvent: {}
[225.687524] (-) TimerEvent: {}
[225.788303] (-) TimerEvent: {}
[225.888808] (-) TimerEvent: {}
[225.989252] (-) TimerEvent: {}
[226.089721] (-) TimerEvent: {}
[226.190328] (-) TimerEvent: {}
[226.290911] (-) TimerEvent: {}
[226.391546] (-) TimerEvent: {}
[226.492274] (-) TimerEvent: {}
[226.595267] (-) TimerEvent: {}
[226.696425] (-) TimerEvent: {}
[226.798564] (-) TimerEvent: {}
[226.899463] (-) TimerEvent: {}
[227.001441] (-) TimerEvent: {}
[227.104080] (-) TimerEvent: {}
[227.207476] (-) TimerEvent: {}
[227.310241] (-) TimerEvent: {}
[227.412622] (-) TimerEvent: {}
[227.516596] (-) TimerEvent: {}
[227.618291] (-) TimerEvent: {}
[227.721131] (-) TimerEvent: {}
[227.822620] (-) TimerEvent: {}
[227.884876] (ros_can) StdoutLine: {'line': b'[100%] \x1b[32m\x1b[1mLinking CXX executable ros_can_node\x1b[0m\n'}
[227.922789] (-) TimerEvent: {}
[228.023469] (-) TimerEvent: {}
[228.124113] (-) TimerEvent: {}
[228.224745] (-) TimerEvent: {}
[228.325380] (-) TimerEvent: {}
[228.426303] (-) TimerEvent: {}
[228.526997] (-) TimerEvent: {}
[228.627549] (-) TimerEvent: {}
[228.728277] (-) TimerEvent: {}
[228.828937] (-) TimerEvent: {}
[228.929639] (-) TimerEvent: {}
[229.030269] (-) TimerEvent: {}
[229.130928] (-) TimerEvent: {}
[229.231559] (-) TimerEvent: {}
[229.332621] (-) TimerEvent: {}
[229.434026] (-) TimerEvent: {}
[229.536445] (-) TimerEvent: {}
[229.638227] (-) TimerEvent: {}
[229.665426] (ros_can) StdoutLine: {'line': b'[100%] Built target ros_can_node\n'}
[229.702054] (ros_can) CommandEnded: {'returncode': 0}
[229.738406] (-) TimerEvent: {}
[229.797409] (ros_can) JobProgress: {'identifier': 'ros_can', 'progress': 'install'}
[229.798045] (ros_can) Command: {'cmd': ['/usr/bin/cmake', '--install', '/bristol_fsai_sim-docker/build/ros_can'], 'cwd': '/bristol_fsai_sim-docker/build/ros_can', 'env': OrderedDict([('HOSTNAME', 'alan-Latitude-5420'), ('GIT_ASKPASS', '/vscode/vscode-server/bin/linux-x64/ac4cbdf48759c7d8c3eb91ffe6bb04316e263c57/extensions/git/dist/askpass.sh'), ('SHLVL', '2'), ('LD_LIBRARY_PATH', '/bristol_fsai_sim-docker/install/eufs_msgs/lib:/usr/lib/x86_64-linux-gnu/gazebo-11/plugins:/opt/ros/galactic/opt/yaml_cpp_vendor/lib:/opt/ros/galactic/opt/rviz_ogre_vendor/lib:/opt/ros/galactic/lib/x86_64-linux-gnu:/opt/ros/galactic/lib'), ('BROWSER', '/vscode/vscode-server/bin/linux-x64/ac4cbdf48759c7d8c3eb91ffe6bb04316e263c57/bin/helpers/browser.sh'), ('HOME', '/home/vscode'), ('TERM_PROGRAM_VERSION', '1.106.0'), ('VSCODE_IPC_HOOK_CLI', '/tmp/vscode-ipc-44527d33-f74a-4ad4-9e20-fd4db91b8445.sock'), ('ROS_PYTHON_VERSION', '3'), ('VSCODE_GIT_ASKPASS_MAIN', '/vscode/vscode-server/bin/linux-x64/ac4cbdf48759c7d8c3eb91ffe6bb04316e263c57/extensions/git/dist/askpass-main.js'), ('VSCODE_GIT_ASKPASS_NODE', '/vscode/vscode-server/bin/linux-x64/ac4cbdf48759c7d8c3eb91ffe6bb04316e263c57/node'), ('VSCODE_PYTHON_AUTOACTIVATE_GUARD', '1'), ('COLORTERM', 'truecolor'), ('REMOTE_CONTAINERS', 'true'), ('WAYLAND_DISPLAY', 'vscode-wayland-6ce7d0e9-5b6b-46b2-a2f1-5d3d5d4b2e7f.sock'), ('COLCON_PREFIX_PATH', '/bristol_fsai_sim-docker/install'), ('ROS_DISTRO', 'galactic'), ('REMOTE_CONTAINERS_IPC', '/tmp/vscode-remote-containers-ipc-8e75e97d-8e6f-4c26-880b-7a43c1d13b9e.sock'), ('EUFS_MASTER', '/bristol_fsai_sim-docker'), ('_', '/usr/bin/colcon'), ('ROS_VERSION', '2'), ('TERM', 'xterm-256color'), ('ROS_LOCALHOST_ONLY', '0'), ('PATH', '/vscode/vscode-server/bin/linux-x64/ac4cbdf48759c7d8c3eb91ffe6bb04316e263c57/bin/remote-cli:/opt/ros/galactic/bin:/usr/local/sbin:/usr/local/bin:/usr/sbin:/usr/bin:/sbin:/bin'), ('XDG_RUNTIME_DIR', '/tmp/user/1000'), ('REMOTE_CONTAINERS_SOCKETS', '["/tmp/vscode-ssh-auth-8e75e97d-8e6f-4c26-880b-7a43c1d13b9e.sock","/tmp/.X11-unix/X0","/home/vscode/.gnupg/S.gpg-agent"]'), ('DISPLAY', ':0'), ('LANG', 'C.UTF-8'), ('LS_COLORS', 'rs=0:di=01;34:ln=01;36:mh=00:pi=40;33:so=01;35:do=01;35:bd=40;33;01:cd=40;33;01:or=40;31;01:mi=00:su=37;41:sg=30;43:ca=30;41:tw=30;42:ow=34;42:st=37;44:ex=01;32:*.tar=01;31:*.tgz=01;31:*.arc=01;31:*.arj=01;31:*.taz=01;31:*.lha=01;31:*.lz4=01;31:*.lzh=01;31:*.lzma=01;31:*.tlz=01;31:*.txz=01;31:*.tzo=01;31:*.t7z=01;31:*.zip=01;31:*.z=01;31:*.dz=01;31:*.gz=01;31:*.lrz=01;31:*.lz=01;31:*.lzo=01;31:*.xz=01;31:*.zst=01;31:*.tzst=01;31:*.bz2=01;31:*.bz=01;31:*.tbz=01;31:*.tbz2=01;31:*.tz=01;31:*.deb=01;31:*.rpm=01;31:*.jar=01;31:*.war=01;31:*.ear=01;31:*.sar=01;31:*.rar=01;31:*.alz=01;31:*.ace=01;31:*.zoo=01;31:*.cpio=01;31:*.7z=01;31:*.rz=01;31:*.cab=01;31:*.wim=01;31:*.swm=01;31:*.dwm=01;31:*.esd=01;31:*.jpg=01;35:*.jpeg=01;35:*.mjpg=01;35:*.mjpeg=01;35:*.gif=01;35:*.bmp=01;35:*.pbm=01;35:*.pgm=01;35:*.ppm=01;35:*.tga=01;35:*.xbm=01;35:*.xpm=01;35:*.tif=01;35:*.tiff=01;35:*.png=01;35:*.svg=01;35:*.svgz=01;35:*.mng=01;35:*.pcx=01;35:*.mov=01;35:*.mpg=01;35:*.mpeg=01;35:*.m2v=01;35:*.mkv=01;35:*.webm=01;35:*.ogm=01;35:*.mp4=01;35:*.m4v=01;35:*.mp4v=01;35:*.vob=01;35:*.qt=01;35:*.nuv=01;35:*.wmv=01;35:*.asf=01;35:*.rm=01;35:*.rmvb=01;35:*.flc=01;35:*.avi=01;35:*.fli=01;35:*.flv=01;35:*.gl=01;35:*.dl=01;35:*.xcf=01;35:*.xwd=01;35:*.yuv=01;35:*.cgm=01;35:*.emf=01;35:*.ogv=01;35:*.ogx=01;35:*.aac=00;36:*.au=00;36:*.flac=00;36:*.m4a=00;36:*.mid=00;36:*.midi=00;36:*.mka=00;36:*.mp3=00;36:*.mpc=00;36:*.ogg=00;36:*.ra=00;36:*.wav=00;36:*.oga=00;36:*.opus=00;36:*.spx=00;36:*.xspf=00;36:'), ('VSCODE_GIT_IPC_HANDLE', '/tmp/user/1000/vscode-git-0b6b322ce0.sock'), ('TERM_PROGRAM', 'vscode'), ('SSH_AUTH_SOCK', '/tmp/vscode-ssh-auth-8e75e97d-8e6f-4c26-880b-7a43c1d13b9e.sock'), ('AMENT_PREFIX_PATH', '/bristol_fsai_sim-docker/install/eufs_msgs:/opt/ros/galactic'), ('REMOTE_CONTAINERS_DISPLAY_SOCK', '/tmp/.X11-unix/X0'), ('SHELL', '/bin/bash'), ('VSCODE_GIT_ASKPASS_EXTRA_ARGS', ''), ('PWD', '/bristol_fsai_sim-docker/build/ros_can'), ('LC_ALL', 'C.UTF-8'), ('PYTHONPATH', '/bristol_fsai_sim-docker/install/eufs_msgs/lib/python3.8/site-packages:/opt/ros/galactic/lib/python3.8/site-packages'), ('COLCON', '1'), ('CMAKE_PREFIX_PATH', '/bristol_fsai_sim-docker/install/eufs_msgs:/opt/ros/galactic')]), 'shell': False}
[229.820017] (ros_can) StdoutLine: {'line': b'-- Install configuration: ""\n'}
[229.822754] (ros_can) StdoutLine: {'line': b'-- Execute custom install script\n'}
[229.825285] (ros_can) StdoutLine: {'line': b'-- Symlinking: /bristol_fsai_sim-docker/install/ros_can/lib/ros_can/ros_can_node\n'}
[229.838553] (-) TimerEvent: {}
[229.848075] (ros_can) StdoutLine: {'line': b'-- Symlinking: /bristol_fsai_sim-docker/install/ros_can/share/ros_can//launch/ros_can.launch.py\n'}
[229.875205] (ros_can) StdoutLine: {'line': b'-- Symlinking: /bristol_fsai_sim-docker/install/ros_can/share/ament_index/resource_index/package_run_dependencies/ros_can\n'}
[229.900388] (ros_can) StdoutLine: {'line': b'-- Symlinking: /bristol_fsai_sim-docker/install/ros_can/share/ament_index/resource_index/parent_prefix_path/ros_can\n'}
[229.927239] (ros_can) StdoutLine: {'line': b'-- Symlinking: /bristol_fsai_sim-docker/install/ros_can/share/ros_can/environment/ament_prefix_path.sh\n'}
[229.938699] (-) TimerEvent: {}
[229.951013] (ros_can) StdoutLine: {'line': b'-- Symlinking: /bristol_fsai_sim-docker/install/ros_can/share/ros_can/environment/ament_prefix_path.dsv\n'}
[229.975476] (ros_can) StdoutLine: {'line': b'-- Symlinking: /bristol_fsai_sim-docker/install/ros_can/share/ros_can/environment/path.sh\n'}
[230.012866] (ros_can) StdoutLine: {'line': b'-- Symlinking: /bristol_fsai_sim-docker/install/ros_can/share/ros_can/environment/path.dsv\n'}
[230.037687] (ros_can) StdoutLine: {'line': b'-- Symlinking: /bristol_fsai_sim-docker/install/ros_can/share/ros_can/local_setup.bash\n'}
[230.038784] (-) TimerEvent: {}
[230.061434] (ros_can) StdoutLine: {'line': b'-- Symlinking: /bristol_fsai_sim-docker/install/ros_can/share/ros_can/local_setup.sh\n'}
[230.091380] (ros_can) StdoutLine: {'line': b'-- Symlinking: /bristol_fsai_sim-docker/install/ros_can/share/ros_can/local_setup.zsh\n'}
[230.114284] (ros_can) StdoutLine: {'line': b'-- Symlinking: /bristol_fsai_sim-docker/install/ros_can/share/ros_can/local_setup.dsv\n'}
[230.138961] (-) TimerEvent: {}
[230.139765] (ros_can) StdoutLine: {'line': b'-- Symlinking: /bristol_fsai_sim-docker/install/ros_can/share/ros_can/package.dsv\n'}
[230.163449] (ros_can) StdoutLine: {'line': b'-- Symlinking: /bristol_fsai_sim-docker/install/ros_can/share/ament_index/resource_index/packages/ros_can\n'}
[230.189080] (ros_can) StdoutLine: {'line': b'-- Symlinking: /bristol_fsai_sim-docker/install/ros_can/share/ros_can/cmake/ros_canConfig.cmake\n'}
[230.213260] (ros_can) StdoutLine: {'line': b'-- Symlinking: /bristol_fsai_sim-docker/install/ros_can/share/ros_can/cmake/ros_canConfig-version.cmake\n'}
[230.237783] (ros_can) StdoutLine: {'line': b'-- Symlinking: /bristol_fsai_sim-docker/install/ros_can/share/ros_can/package.xml\n'}
[230.239088] (-) TimerEvent: {}
[230.268812] (ros_can) CommandEnded: {'returncode': 0}
[230.339347] (-) TimerEvent: {}
[230.409003] (ros_can) JobEnded: {'identifier': 'ros_can', 'rc': 0}
[230.439407] (-) TimerEvent: {}
[230.539951] (-) TimerEvent: {}
[230.640687] (-) TimerEvent: {}
[230.741241] (-) TimerEvent: {}
[230.841727] (-) TimerEvent: {}
[230.942264] (-) TimerEvent: {}
[231.042978] (-) TimerEvent: {}
[231.144506] (-) TimerEvent: {}
[231.245103] (-) TimerEvent: {}
[231.345802] (-) TimerEvent: {}
[231.446491] (-) TimerEvent: {}
[231.547078] (-) TimerEvent: {}
[231.647642] (-) TimerEvent: {}
[231.748110] (-) TimerEvent: {}
[231.848700] (-) TimerEvent: {}
[231.949196] (-) TimerEvent: {}
[232.049650] (-) TimerEvent: {}
[232.150093] (-) TimerEvent: {}
[232.250575] (-) TimerEvent: {}
[232.351194] (-) TimerEvent: {}
[232.451837] (-) TimerEvent: {}
[232.552457] (-) TimerEvent: {}
[232.653033] (-) TimerEvent: {}
[232.753572] (-) TimerEvent: {}
[232.854123] (-) TimerEvent: {}
[232.954683] (-) TimerEvent: {}
[233.055249] (-) TimerEvent: {}
[233.155853] (-) TimerEvent: {}
[233.256485] (-) TimerEvent: {}
[233.357097] (-) TimerEvent: {}
[233.457725] (-) TimerEvent: {}
[233.558365] (-) TimerEvent: {}
[233.659039] (-) TimerEvent: {}
[233.759713] (-) TimerEvent: {}
[233.860336] (-) TimerEvent: {}
[233.960987] (-) TimerEvent: {}
[234.061581] (-) TimerEvent: {}
[234.162204] (-) TimerEvent: {}
[234.262662] (-) TimerEvent: {}
[234.363101] (-) TimerEvent: {}
[234.463538] (-) TimerEvent: {}
[234.563996] (-) TimerEvent: {}
[234.664457] (-) TimerEvent: {}
[234.764917] (-) TimerEvent: {}
[234.865368] (-) TimerEvent: {}
[234.965829] (-) TimerEvent: {}
[235.066303] (-) TimerEvent: {}
[235.166968] (-) TimerEvent: {}
[235.267637] (-) TimerEvent: {}
[235.368112] (-) TimerEvent: {}
[235.468586] (-) TimerEvent: {}
[235.569062] (-) TimerEvent: {}
[235.669524] (-) TimerEvent: {}
[235.770000] (-) TimerEvent: {}
[235.870553] (-) TimerEvent: {}
[235.971010] (-) TimerEvent: {}
[236.071473] (-) TimerEvent: {}
[236.171967] (-) TimerEvent: {}
[236.272473] (-) TimerEvent: {}
[236.373079] (-) TimerEvent: {}
[236.473692] (-) TimerEvent: {}
[236.574269] (-) TimerEvent: {}
[236.674913] (-) TimerEvent: {}
[236.775402] (-) TimerEvent: {}
[236.875926] (-) TimerEvent: {}
[236.976421] (-) TimerEvent: {}
[237.076865] (-) TimerEvent: {}
[237.177293] (-) TimerEvent: {}
[237.277751] (-) TimerEvent: {}
[237.378201] (-) TimerEvent: {}
[237.478786] (-) TimerEvent: {}
[237.580464] (-) TimerEvent: {}
[237.681032] (-) TimerEvent: {}
[237.781547] (-) TimerEvent: {}
[237.882878] (-) TimerEvent: {}
[237.984177] (-) TimerEvent: {}
[238.084648] (-) TimerEvent: {}
[238.185219] (-) TimerEvent: {}
[238.285788] (-) TimerEvent: {}
[238.386385] (-) TimerEvent: {}
[238.486975] (-) TimerEvent: {}
[238.587614] (-) TimerEvent: {}
[238.688278] (-) TimerEvent: {}
[238.788944] (-) TimerEvent: {}
[238.889440] (-) TimerEvent: {}
[238.989937] (-) TimerEvent: {}
[239.090513] (-) TimerEvent: {}
[239.191031] (-) TimerEvent: {}
[239.291634] (-) TimerEvent: {}
[239.392166] (-) TimerEvent: {}
[239.492752] (-) TimerEvent: {}
[239.593336] (-) TimerEvent: {}
[239.598805] (control_cpp) StdoutLine: {'line': b'[100%] \x1b[32m\x1b[1mLinking CXX executable control_cpp\x1b[0m\n'}
[239.693571] (-) TimerEvent: {}
[239.794226] (-) TimerEvent: {}
[239.894983] (-) TimerEvent: {}
[239.995603] (-) TimerEvent: {}
[240.096099] (-) TimerEvent: {}
[240.196756] (-) TimerEvent: {}
[240.297446] (-) TimerEvent: {}
[240.398240] (-) TimerEvent: {}
[240.498948] (-) TimerEvent: {}
[240.599606] (-) TimerEvent: {}
[240.700237] (-) TimerEvent: {}
[240.800835] (-) TimerEvent: {}
[240.901480] (-) TimerEvent: {}
[241.002070] (-) TimerEvent: {}
[241.102660] (-) TimerEvent: {}
[241.203279] (-) TimerEvent: {}
[241.303864] (-) TimerEvent: {}
[241.404452] (-) TimerEvent: {}
[241.505009] (-) TimerEvent: {}
[241.605669] (-) TimerEvent: {}
[241.706300] (-) TimerEvent: {}
[241.727776] (control_cpp) StdoutLine: {'line': b'[100%] Built target control_cpp\n'}
[241.755676] (control_cpp) CommandEnded: {'returncode': 0}
[241.806475] (-) TimerEvent: {}
[241.826486] (control_cpp) JobProgress: {'identifier': 'control_cpp', 'progress': 'install'}
[241.826634] (control_cpp) Command: {'cmd': ['/usr/bin/cmake', '--install', '/bristol_fsai_sim-docker/build/control_cpp'], 'cwd': '/bristol_fsai_sim-docker/build/control_cpp', 'env': OrderedDict([('HOSTNAME', 'alan-Latitude-5420'), ('GIT_ASKPASS', '/vscode/vscode-server/bin/linux-x64/ac4cbdf48759c7d8c3eb91ffe6bb04316e263c57/extensions/git/dist/askpass.sh'), ('SHLVL', '2'), ('LD_LIBRARY_PATH', '/bristol_fsai_sim-docker/install/eufs_msgs/lib:/usr/lib/x86_64-linux-gnu/gazebo-11/plugins:/opt/ros/galactic/opt/yaml_cpp_vendor/lib:/opt/ros/galactic/opt/rviz_ogre_vendor/lib:/opt/ros/galactic/lib/x86_64-linux-gnu:/opt/ros/galactic/lib'), ('BROWSER', '/vscode/vscode-server/bin/linux-x64/ac4cbdf48759c7d8c3eb91ffe6bb04316e263c57/bin/helpers/browser.sh'), ('HOME', '/home/vscode'), ('TERM_PROGRAM_VERSION', '1.106.0'), ('VSCODE_IPC_HOOK_CLI', '/tmp/vscode-ipc-44527d33-f74a-4ad4-9e20-fd4db91b8445.sock'), ('ROS_PYTHON_VERSION', '3'), ('VSCODE_GIT_ASKPASS_MAIN', '/vscode/vscode-server/bin/linux-x64/ac4cbdf48759c7d8c3eb91ffe6bb04316e263c57/extensions/git/dist/askpass-main.js'), ('VSCODE_GIT_ASKPASS_NODE', '/vscode/vscode-server/bin/linux-x64/ac4cbdf48759c7d8c3eb91ffe6bb04316e263c57/node'), ('VSCODE_PYTHON_AUTOACTIVATE_GUARD', '1'), ('COLORTERM', 'truecolor'), ('REMOTE_CONTAINERS', 'true'), ('WAYLAND_DISPLAY', 'vscode-wayland-6ce7d0e9-5b6b-46b2-a2f1-5d3d5d4b2e7f.sock'), ('COLCON_PREFIX_PATH', '/bristol_fsai_sim-docker/install'), ('ROS_DISTRO', 'galactic'), ('REMOTE_CONTAINERS_IPC', '/tmp/vscode-remote-containers-ipc-8e75e97d-8e6f-4c26-880b-7a43c1d13b9e.sock'), ('EUFS_MASTER', '/bristol_fsai_sim-docker'), ('_', '/usr/bin/colcon'), ('ROS_VERSION', '2'), ('TERM', 'xterm-256color'), ('ROS_LOCALHOST_ONLY', '0'), ('PATH', '/vscode/vscode-server/bin/linux-x64/ac4cbdf48759c7d8c3eb91ffe6bb04316e263c57/bin/remote-cli:/opt/ros/galactic/bin:/usr/local/sbin:/usr/local/bin:/usr/sbin:/usr/bin:/sbin:/bin'), ('XDG_RUNTIME_DIR', '/tmp/user/1000'), ('REMOTE_CONTAINERS_SOCKETS', '["/tmp/vscode-ssh-auth-8e75e97d-8e6f-4c26-880b-7a43c1d13b9e.sock","/tmp/.X11-unix/X0","/home/vscode/.gnupg/S.gpg-agent"]'), ('DISPLAY', ':0'), ('LANG', 'C.UTF-8'), ('LS_COLORS', 'rs=0:di=01;34:ln=01;36:mh=00:pi=40;33:so=01;35:do=01;35:bd=40;33;01:cd=40;33;01:or=40;31;01:mi=00:su=37;41:sg=30;43:ca=30;41:tw=30;42:ow=34;42:st=37;44:ex=01;32:*.tar=01;31:*.tgz=01;31:*.arc=01;31:*.arj=01;31:*.taz=01;31:*.lha=01;31:*.lz4=01;31:*.lzh=01;31:*.lzma=01;31:*.tlz=01;31:*.txz=01;31:*.tzo=01;31:*.t7z=01;31:*.zip=01;31:*.z=01;31:*.dz=01;31:*.gz=01;31:*.lrz=01;31:*.lz=01;31:*.lzo=01;31:*.xz=01;31:*.zst=01;31:*.tzst=01;31:*.bz2=01;31:*.bz=01;31:*.tbz=01;31:*.tbz2=01;31:*.tz=01;31:*.deb=01;31:*.rpm=01;31:*.jar=01;31:*.war=01;31:*.ear=01;31:*.sar=01;31:*.rar=01;31:*.alz=01;31:*.ace=01;31:*.zoo=01;31:*.cpio=01;31:*.7z=01;31:*.rz=01;31:*.cab=01;31:*.wim=01;31:*.swm=01;31:*.dwm=01;31:*.esd=01;31:*.jpg=01;35:*.jpeg=01;35:*.mjpg=01;35:*.mjpeg=01;35:*.gif=01;35:*.bmp=01;35:*.pbm=01;35:*.pgm=01;35:*.ppm=01;35:*.tga=01;35:*.xbm=01;35:*.xpm=01;35:*.tif=01;35:*.tiff=01;35:*.png=01;35:*.svg=01;35:*.svgz=01;35:*.mng=01;35:*.pcx=01;35:*.mov=01;35:*.mpg=01;35:*.mpeg=01;35:*.m2v=01;35:*.mkv=01;35:*.webm=01;35:*.ogm=01;35:*.mp4=01;35:*.m4v=01;35:*.mp4v=01;35:*.vob=01;35:*.qt=01;35:*.nuv=01;35:*.wmv=01;35:*.asf=01;35:*.rm=01;35:*.rmvb=01;35:*.flc=01;35:*.avi=01;35:*.fli=01;35:*.flv=01;35:*.gl=01;35:*.dl=01;35:*.xcf=01;35:*.xwd=01;35:*.yuv=01;35:*.cgm=01;35:*.emf=01;35:*.ogv=01;35:*.ogx=01;35:*.aac=00;36:*.au=00;36:*.flac=00;36:*.m4a=00;36:*.mid=00;36:*.midi=00;36:*.mka=00;36:*.mp3=00;36:*.mpc=00;36:*.ogg=00;36:*.ra=00;36:*.wav=00;36:*.oga=00;36:*.opus=00;36:*.spx=00;36:*.xspf=00;36:'), ('VSCODE_GIT_IPC_HANDLE', '/tmp/user/1000/vscode-git-0b6b322ce0.sock'), ('TERM_PROGRAM', 'vscode'), ('SSH_AUTH_SOCK', '/tmp/vscode-ssh-auth-8e75e97d-8e6f-4c26-880b-7a43c1d13b9e.sock'), ('AMENT_PREFIX_PATH', '/bristol_fsai_sim-docker/install/eufs_msgs:/opt/ros/galactic'), ('REMOTE_CONTAINERS_DISPLAY_SOCK', '/tmp/.X11-unix/X0'), ('SHELL', '/bin/bash'), ('VSCODE_GIT_ASKPASS_EXTRA_ARGS', ''), ('PWD', '/bristol_fsai_sim-docker/build/control_cpp'), ('LC_ALL', 'C.UTF-8'), ('PYTHONPATH', '/bristol_fsai_sim-docker/install/eufs_msgs/lib/python3.8/site-packages:/opt/ros/galactic/lib/python3.8/site-packages'), ('COLCON', '1'), ('CMAKE_PREFIX_PATH', '/bristol_fsai_sim-docker/install/eufs_msgs:/opt/ros/galactic')]), 'shell': False}
[241.853979] (control_cpp) StdoutLine: {'line': b'-- Install configuration: ""\n'}
[241.856131] (control_cpp) StdoutLine: {'line': b'-- Execute custom install script\n'}
[241.856334] (control_cpp) StdoutLine: {'line': b'-- Symlinking: /bristol_fsai_sim-docker/install/control_cpp/lib/control_cpp/control_cpp\n'}
[241.879278] (control_cpp) StdoutLine: {'line': b'-- Symlinking: /bristol_fsai_sim-docker/install/control_cpp/lib/control_cpp/odometry_to_twist_converter\n'}
[241.899731] (control_cpp) StdoutLine: {'line': b'-- Symlinking: /bristol_fsai_sim-docker/install/control_cpp/share/ament_index/resource_index/package_run_dependencies/control_cpp\n'}
[241.906555] (-) TimerEvent: {}
[241.918459] (control_cpp) StdoutLine: {'line': b'-- Symlinking: /bristol_fsai_sim-docker/install/control_cpp/share/ament_index/resource_index/parent_prefix_path/control_cpp\n'}
[241.950579] (control_cpp) StdoutLine: {'line': b'-- Symlinking: /bristol_fsai_sim-docker/install/control_cpp/share/control_cpp/environment/ament_prefix_path.sh\n'}
[241.975747] (control_cpp) StdoutLine: {'line': b'-- Symlinking: /bristol_fsai_sim-docker/install/control_cpp/share/control_cpp/environment/ament_prefix_path.dsv\n'}
[241.995335] (control_cpp) StdoutLine: {'line': b'-- Symlinking: /bristol_fsai_sim-docker/install/control_cpp/share/control_cpp/environment/path.sh\n'}
[242.006710] (-) TimerEvent: {}
[242.013620] (control_cpp) StdoutLine: {'line': b'-- Symlinking: /bristol_fsai_sim-docker/install/control_cpp/share/control_cpp/environment/path.dsv\n'}
[242.038056] (control_cpp) StdoutLine: {'line': b'-- Symlinking: /bristol_fsai_sim-docker/install/control_cpp/share/control_cpp/local_setup.bash\n'}
[242.065259] (control_cpp) StdoutLine: {'line': b'-- Symlinking: /bristol_fsai_sim-docker/install/control_cpp/share/control_cpp/local_setup.sh\n'}
[242.089875] (control_cpp) StdoutLine: {'line': b'-- Symlinking: /bristol_fsai_sim-docker/install/control_cpp/share/control_cpp/local_setup.zsh\n'}
[242.106861] (-) TimerEvent: {}
[242.111884] (control_cpp) StdoutLine: {'line': b'-- Symlinking: /bristol_fsai_sim-docker/install/control_cpp/share/control_cpp/local_setup.dsv\n'}
[242.135905] (control_cpp) StdoutLine: {'line': b'-- Symlinking: /bristol_fsai_sim-docker/install/control_cpp/share/control_cpp/package.dsv\n'}
[242.161120] (control_cpp) StdoutLine: {'line': b'-- Symlinking: /bristol_fsai_sim-docker/install/control_cpp/share/ament_index/resource_index/packages/control_cpp\n'}
[242.188020] (control_cpp) StdoutLine: {'line': b'-- Symlinking: /bristol_fsai_sim-docker/install/control_cpp/share/control_cpp/cmake/control_cppConfig.cmake\n'}
[242.206289] (control_cpp) StdoutLine: {'line': b'-- Symlinking: /bristol_fsai_sim-docker/install/control_cpp/share/control_cpp/cmake/control_cppConfig-version.cmake\n'}
[242.206957] (-) TimerEvent: {}
[242.225393] (control_cpp) StdoutLine: {'line': b'-- Symlinking: /bristol_fsai_sim-docker/install/control_cpp/share/control_cpp/package.xml\n'}
[242.257230] (control_cpp) CommandEnded: {'returncode': 0}
[242.307211] (-) TimerEvent: {}
[242.408169] (-) TimerEvent: {}
[242.412258] (control_cpp) JobEnded: {'identifier': 'control_cpp', 'rc': 0}
[242.508248] (-) TimerEvent: {}
[242.608691] (-) TimerEvent: {}
[242.709244] (-) TimerEvent: {}
[242.809694] (-) TimerEvent: {}
[242.910251] (-) TimerEvent: {}
[243.010705] (-) TimerEvent: {}
[243.111139] (-) TimerEvent: {}
[243.211588] (-) TimerEvent: {}
[243.312270] (-) TimerEvent: {}
[243.412750] (-) TimerEvent: {}
[243.513305] (-) TimerEvent: {}
[243.613914] (-) TimerEvent: {}
[243.714513] (-) TimerEvent: {}
[243.815095] (-) TimerEvent: {}
[243.915679] (-) TimerEvent: {}
[244.016270] (-) TimerEvent: {}
[244.116859] (-) TimerEvent: {}
[244.217472] (-) TimerEvent: {}
[244.317919] (-) TimerEvent: {}
[244.418354] (-) TimerEvent: {}
[244.518791] (-) TimerEvent: {}
[244.619229] (-) TimerEvent: {}
[244.719659] (-) TimerEvent: {}
[244.820095] (-) TimerEvent: {}
[244.920667] (-) TimerEvent: {}
[245.021188] (-) TimerEvent: {}
[245.121626] (-) TimerEvent: {}
[245.222165] (-) TimerEvent: {}
[245.322669] (-) TimerEvent: {}
[245.423187] (-) TimerEvent: {}
[245.523623] (-) TimerEvent: {}
[245.624064] (-) TimerEvent: {}
[245.724584] (-) TimerEvent: {}
[245.825103] (-) TimerEvent: {}
[245.925627] (-) TimerEvent: {}
[246.026084] (-) TimerEvent: {}
[246.126611] (-) TimerEvent: {}
[246.227036] (-) TimerEvent: {}
[246.327573] (-) TimerEvent: {}
[246.428011] (-) TimerEvent: {}
[246.528615] (-) TimerEvent: {}
[246.629105] (-) TimerEvent: {}
[246.729617] (-) TimerEvent: {}
[246.802033] (eufs_plugins) StdoutLine: {'line': b'[ 22%] \x1b[32m\x1b[1mLinking CXX shared library libgazebo_camera_cones.so\x1b[0m\n'}
[246.829761] (-) TimerEvent: {}
[246.930210] (-) TimerEvent: {}
[247.030655] (-) TimerEvent: {}
[247.131134] (-) TimerEvent: {}
[247.231610] (-) TimerEvent: {}
[247.332065] (-) TimerEvent: {}
[247.398850] (eufs_rviz_plugins) StdoutLine: {'line': b'[ 85%] \x1b[32mBuilding CXX object CMakeFiles/eufs_rviz_plugins.dir/src/eufs_rviz_plugins/displays/cone_array_with_covariance/cone_array_with_covariance_display.cpp.o\x1b[0m\n'}
[247.432236] (-) TimerEvent: {}
[247.532742] (-) TimerEvent: {}
[247.633320] (-) TimerEvent: {}
[247.733827] (-) TimerEvent: {}
[247.834327] (-) TimerEvent: {}
[247.934793] (-) TimerEvent: {}
[248.035262] (-) TimerEvent: {}
[248.137819] (-) TimerEvent: {}
[248.236133] (eufs_plugins) StdoutLine: {'line': b'[ 22%] Built target gazebo_camera_cones\n'}
[248.237911] (-) TimerEvent: {}
[248.265320] (eufs_plugins) StdoutLine: {'line': b'\x1b[35m\x1b[1mScanning dependencies of target gazebo_simulate_bounding_boxes\x1b[0m\n'}
[248.338072] (-) TimerEvent: {}
[248.438698] (-) TimerEvent: {}
[248.539427] (-) TimerEvent: {}
[248.639914] (-) TimerEvent: {}
[248.655005] (eufs_plugins) StdoutLine: {'line': b'[ 33%] \x1b[32mBuilding CXX object gazebo_simulate_bounding_boxes/CMakeFiles/gazebo_simulate_bounding_boxes.dir/src/gazebo_simulate_bounding_boxes.cpp.o\x1b[0m\n'}
[248.740061] (-) TimerEvent: {}
[248.840573] (-) TimerEvent: {}
[248.941114] (-) TimerEvent: {}
[249.041615] (-) TimerEvent: {}
[249.142241] (-) TimerEvent: {}
[249.242817] (-) TimerEvent: {}
[249.343345] (-) TimerEvent: {}
[249.443961] (-) TimerEvent: {}
[249.544553] (-) TimerEvent: {}
[249.645064] (-) TimerEvent: {}
[249.745625] (-) TimerEvent: {}
[249.846104] (-) TimerEvent: {}
[249.946598] (-) TimerEvent: {}
[250.047202] (-) TimerEvent: {}
[250.147709] (-) TimerEvent: {}
[250.248314] (-) TimerEvent: {}
[250.348849] (-) TimerEvent: {}
[250.449412] (-) TimerEvent: {}
[250.550024] (-) TimerEvent: {}
[250.650684] (-) TimerEvent: {}
[250.751283] (-) TimerEvent: {}
[250.851804] (-) TimerEvent: {}
[250.952320] (-) TimerEvent: {}
[251.052845] (-) TimerEvent: {}
[251.153374] (-) TimerEvent: {}
[251.253911] (-) TimerEvent: {}
[251.354545] (-) TimerEvent: {}
[251.455079] (-) TimerEvent: {}
[251.555717] (-) TimerEvent: {}
[251.656222] (-) TimerEvent: {}
[251.756799] (-) TimerEvent: {}
[251.857332] (-) TimerEvent: {}
[251.957936] (-) TimerEvent: {}
[252.058526] (-) TimerEvent: {}
[252.159112] (-) TimerEvent: {}
[252.259656] (-) TimerEvent: {}
[252.360176] (-) TimerEvent: {}
[252.460669] (-) TimerEvent: {}
[252.561222] (-) TimerEvent: {}
[252.661803] (-) TimerEvent: {}
[252.762338] (-) TimerEvent: {}
[252.862807] (-) TimerEvent: {}
[252.963332] (-) TimerEvent: {}
[253.063828] (-) TimerEvent: {}
[253.164333] (-) TimerEvent: {}
[253.264839] (-) TimerEvent: {}
[253.365344] (-) TimerEvent: {}
[253.465843] (-) TimerEvent: {}
[253.566342] (-) TimerEvent: {}
[253.666915] (-) TimerEvent: {}
[253.767438] (-) TimerEvent: {}
[253.868003] (-) TimerEvent: {}
[253.968593] (-) TimerEvent: {}
[254.069055] (-) TimerEvent: {}
[254.169537] (-) TimerEvent: {}
[254.269978] (-) TimerEvent: {}
[254.370438] (-) TimerEvent: {}
[254.470874] (-) TimerEvent: {}
[254.571317] (-) TimerEvent: {}
[254.671773] (-) TimerEvent: {}
[254.772244] (-) TimerEvent: {}
[254.872702] (-) TimerEvent: {}
[254.973170] (-) TimerEvent: {}
[255.073621] (-) TimerEvent: {}
[255.174219] (-) TimerEvent: {}
[255.274723] (-) TimerEvent: {}
[255.375311] (-) TimerEvent: {}
[255.475804] (-) TimerEvent: {}
[255.576271] (-) TimerEvent: {}
[255.676770] (-) TimerEvent: {}
[255.777314] (-) TimerEvent: {}
[255.877842] (-) TimerEvent: {}
[255.978356] (-) TimerEvent: {}
[256.078906] (-) TimerEvent: {}
[256.179607] (-) TimerEvent: {}
[256.280242] (-) TimerEvent: {}
[256.380892] (-) TimerEvent: {}
[256.481514] (-) TimerEvent: {}
[256.582090] (-) TimerEvent: {}
[256.682609] (-) TimerEvent: {}
[256.783109] (-) TimerEvent: {}
[256.883633] (-) TimerEvent: {}
[256.984144] (-) TimerEvent: {}
[257.084655] (-) TimerEvent: {}
[257.185227] (-) TimerEvent: {}
[257.285725] (-) TimerEvent: {}
[257.386308] (-) TimerEvent: {}
[257.486848] (-) TimerEvent: {}
[257.587401] (-) TimerEvent: {}
[257.687887] (-) TimerEvent: {}
[257.788426] (-) TimerEvent: {}
[257.888923] (-) TimerEvent: {}
[257.989489] (-) TimerEvent: {}
[258.090021] (-) TimerEvent: {}
[258.190528] (-) TimerEvent: {}
[258.291024] (-) TimerEvent: {}
[258.391527] (-) TimerEvent: {}
[258.492046] (-) TimerEvent: {}
[258.592570] (-) TimerEvent: {}
[258.693104] (-) TimerEvent: {}
[258.793675] (-) TimerEvent: {}
[258.894148] (-) TimerEvent: {}
[258.994757] (-) TimerEvent: {}
[259.095435] (-) TimerEvent: {}
[259.196074] (-) TimerEvent: {}
[259.297270] (-) TimerEvent: {}
[259.398331] (-) TimerEvent: {}
[259.498874] (-) TimerEvent: {}
[259.599451] (-) TimerEvent: {}
[259.700059] (-) TimerEvent: {}
[259.800670] (-) TimerEvent: {}
[259.901357] (-) TimerEvent: {}
[260.001954] (-) TimerEvent: {}
[260.102564] (-) TimerEvent: {}
[260.203177] (-) TimerEvent: {}
[260.303793] (-) TimerEvent: {}
[260.404507] (-) TimerEvent: {}
[260.505194] (-) TimerEvent: {}
[260.605910] (-) TimerEvent: {}
[260.706529] (-) TimerEvent: {}
[260.807228] (-) TimerEvent: {}
[260.907941] (-) TimerEvent: {}
[261.008544] (-) TimerEvent: {}
[261.109216] (-) TimerEvent: {}
[261.209814] (-) TimerEvent: {}
[261.310466] (-) TimerEvent: {}
[261.411192] (-) TimerEvent: {}
[261.511790] (-) TimerEvent: {}
[261.612425] (-) TimerEvent: {}
[261.713041] (-) TimerEvent: {}
[261.813657] (-) TimerEvent: {}
[261.914335] (-) TimerEvent: {}
[262.014910] (-) TimerEvent: {}
[262.115509] (-) TimerEvent: {}
[262.216116] (-) TimerEvent: {}
[262.316716] (-) TimerEvent: {}
[262.417381] (-) TimerEvent: {}
[262.517904] (-) TimerEvent: {}
[262.618371] (-) TimerEvent: {}
[262.718806] (-) TimerEvent: {}
[262.819282] (-) TimerEvent: {}
[262.919856] (-) TimerEvent: {}
[263.020316] (-) TimerEvent: {}
[263.120846] (-) TimerEvent: {}
[263.221335] (-) TimerEvent: {}
[263.321793] (-) TimerEvent: {}
[263.422249] (-) TimerEvent: {}
[263.522700] (-) TimerEvent: {}
[263.623169] (-) TimerEvent: {}
[263.723626] (-) TimerEvent: {}
[263.824316] (-) TimerEvent: {}
[263.924870] (-) TimerEvent: {}
[264.025369] (-) TimerEvent: {}
[264.125840] (-) TimerEvent: {}
[264.226406] (-) TimerEvent: {}
[264.326901] (-) TimerEvent: {}
[264.427372] (-) TimerEvent: {}
[264.527855] (-) TimerEvent: {}
[264.628309] (-) TimerEvent: {}
[264.728755] (-) TimerEvent: {}
[264.829259] (-) TimerEvent: {}
[264.929742] (-) TimerEvent: {}
[265.030223] (-) TimerEvent: {}
[265.130672] (-) TimerEvent: {}
[265.231173] (-) TimerEvent: {}
[265.331654] (-) TimerEvent: {}
[265.432124] (-) TimerEvent: {}
[265.532650] (-) TimerEvent: {}
[265.633167] (-) TimerEvent: {}
[265.733653] (-) TimerEvent: {}
[265.834143] (-) TimerEvent: {}
[265.934649] (-) TimerEvent: {}
[266.035191] (-) TimerEvent: {}
[266.135687] (-) TimerEvent: {}
[266.236222] (-) TimerEvent: {}
[266.336760] (-) TimerEvent: {}
[266.437372] (-) TimerEvent: {}
[266.537955] (-) TimerEvent: {}
[266.638555] (-) TimerEvent: {}
[266.739038] (-) TimerEvent: {}
[266.839531] (-) TimerEvent: {}
[266.939995] (-) TimerEvent: {}
[267.040588] (-) TimerEvent: {}
[267.141093] (-) TimerEvent: {}
[267.241572] (-) TimerEvent: {}
[267.342033] (-) TimerEvent: {}
[267.442608] (-) TimerEvent: {}
[267.543209] (-) TimerEvent: {}
[267.643950] (-) TimerEvent: {}
[267.744503] (-) TimerEvent: {}
[267.844961] (-) TimerEvent: {}
[267.945450] (-) TimerEvent: {}
[268.045991] (-) TimerEvent: {}
[268.146475] (-) TimerEvent: {}
[268.246939] (-) TimerEvent: {}
[268.347507] (-) TimerEvent: {}
[268.447968] (-) TimerEvent: {}
[268.548463] (-) TimerEvent: {}
[268.649113] (-) TimerEvent: {}
[268.749756] (-) TimerEvent: {}
[268.850345] (-) TimerEvent: {}
[268.950920] (-) TimerEvent: {}
[269.051526] (-) TimerEvent: {}
[269.152137] (-) TimerEvent: {}
[269.252730] (-) TimerEvent: {}
[269.353374] (-) TimerEvent: {}
[269.453949] (-) TimerEvent: {}
[269.554669] (-) TimerEvent: {}
[269.655335] (-) TimerEvent: {}
[269.755917] (-) TimerEvent: {}
[269.856567] (-) TimerEvent: {}
[269.957120] (-) TimerEvent: {}
[270.057705] (-) TimerEvent: {}
[270.158286] (-) TimerEvent: {}
[270.258858] (-) TimerEvent: {}
[270.360269] (-) TimerEvent: {}
[270.460841] (-) TimerEvent: {}
[270.561444] (-) TimerEvent: {}
[270.662028] (-) TimerEvent: {}
[270.762657] (-) TimerEvent: {}
[270.863236] (-) TimerEvent: {}
[270.963794] (-) TimerEvent: {}
[271.064419] (-) TimerEvent: {}
[271.164982] (-) TimerEvent: {}
[271.265611] (-) TimerEvent: {}
[271.366208] (-) TimerEvent: {}
[271.466780] (-) TimerEvent: {}
[271.567375] (-) TimerEvent: {}
[271.668018] (-) TimerEvent: {}
[271.768644] (-) TimerEvent: {}
[271.869224] (-) TimerEvent: {}
[271.969814] (-) TimerEvent: {}
[272.070477] (-) TimerEvent: {}
[272.171126] (-) TimerEvent: {}
[272.271835] (-) TimerEvent: {}
[272.372438] (-) TimerEvent: {}
[272.473032] (-) TimerEvent: {}
[272.574283] (-) TimerEvent: {}
[272.674868] (-) TimerEvent: {}
[272.775493] (-) TimerEvent: {}
[272.876122] (-) TimerEvent: {}
[272.976713] (-) TimerEvent: {}
[273.077252] (-) TimerEvent: {}
[273.177746] (-) TimerEvent: {}
[273.278236] (-) TimerEvent: {}
[273.378706] (-) TimerEvent: {}
[273.479301] (-) TimerEvent: {}
[273.579928] (-) TimerEvent: {}
[273.680536] (-) TimerEvent: {}
[273.781106] (-) TimerEvent: {}
[273.881599] (-) TimerEvent: {}
[273.982086] (-) TimerEvent: {}
[274.082566] (-) TimerEvent: {}
[274.183057] (-) TimerEvent: {}
[274.283546] (-) TimerEvent: {}
[274.384023] (-) TimerEvent: {}
[274.484514] (-) TimerEvent: {}
[274.585000] (-) TimerEvent: {}
[274.685487] (-) TimerEvent: {}
[274.785991] (-) TimerEvent: {}
[274.886546] (-) TimerEvent: {}
[274.987067] (-) TimerEvent: {}
[275.087587] (-) TimerEvent: {}
[275.188119] (-) TimerEvent: {}
[275.288638] (-) TimerEvent: {}
[275.389183] (-) TimerEvent: {}
[275.489757] (-) TimerEvent: {}
[275.590250] (-) TimerEvent: {}
[275.690805] (-) TimerEvent: {}
[275.791399] (-) TimerEvent: {}
[275.891980] (-) TimerEvent: {}
[275.992446] (-) TimerEvent: {}
[276.092962] (-) TimerEvent: {}
[276.193455] (-) TimerEvent: {}
[276.293958] (-) TimerEvent: {}
[276.394505] (-) TimerEvent: {}
[276.494977] (-) TimerEvent: {}
[276.595444] (-) TimerEvent: {}
[276.696178] (-) TimerEvent: {}
[276.796707] (-) TimerEvent: {}
[276.897298] (-) TimerEvent: {}
[276.997845] (-) TimerEvent: {}
[277.090604] (eufs_rviz_plugins) StdoutLine: {'line': b'[100%] \x1b[32m\x1b[1mLinking CXX shared library libeufs_rviz_plugins.so\x1b[0m\n'}
[277.097957] (-) TimerEvent: {}
[277.198366] (-) TimerEvent: {}
[277.298859] (-) TimerEvent: {}
[277.399270] (-) TimerEvent: {}
[277.499735] (-) TimerEvent: {}
[277.600227] (-) TimerEvent: {}
[277.700717] (-) TimerEvent: {}
[277.801188] (-) TimerEvent: {}
[277.901623] (-) TimerEvent: {}
[278.002180] (-) TimerEvent: {}
[278.102729] (-) TimerEvent: {}
[278.203401] (-) TimerEvent: {}
[278.304070] (-) TimerEvent: {}
[278.404898] (-) TimerEvent: {}
[278.505569] (-) TimerEvent: {}
[278.606170] (-) TimerEvent: {}
[278.706712] (-) TimerEvent: {}
[278.807219] (-) TimerEvent: {}
[278.907733] (-) TimerEvent: {}
[279.008349] (-) TimerEvent: {}
[279.108904] (-) TimerEvent: {}
[279.209470] (-) TimerEvent: {}
[279.310084] (-) TimerEvent: {}
[279.410809] (-) TimerEvent: {}
[279.511368] (-) TimerEvent: {}
[279.611895] (-) TimerEvent: {}
[279.712433] (-) TimerEvent: {}
[279.813094] (-) TimerEvent: {}
[279.913639] (-) TimerEvent: {}
[280.014104] (-) TimerEvent: {}
[280.114610] (-) TimerEvent: {}
[280.215068] (-) TimerEvent: {}
[280.315579] (-) TimerEvent: {}
[280.416031] (-) TimerEvent: {}
[280.516514] (-) TimerEvent: {}
[280.616942] (-) TimerEvent: {}
[280.717343] (-) TimerEvent: {}
[280.817793] (-) TimerEvent: {}
[280.918210] (-) TimerEvent: {}
[281.018688] (-) TimerEvent: {}
[281.119125] (-) TimerEvent: {}
[281.220270] (-) TimerEvent: {}
[281.321102] (-) TimerEvent: {}
[281.421701] (-) TimerEvent: {}
[281.522266] (-) TimerEvent: {}
[281.531440] (eufs_rviz_plugins) StdoutLine: {'line': b'[100%] Built target eufs_rviz_plugins\n'}
[281.562279] (eufs_rviz_plugins) CommandEnded: {'returncode': 0}
[281.622442] (-) TimerEvent: {}
[281.629430] (eufs_rviz_plugins) JobProgress: {'identifier': 'eufs_rviz_plugins', 'progress': 'install'}
[281.630396] (eufs_rviz_plugins) Command: {'cmd': ['/usr/bin/cmake', '--install', '/bristol_fsai_sim-docker/build/eufs_rviz_plugins'], 'cwd': '/bristol_fsai_sim-docker/build/eufs_rviz_plugins', 'env': OrderedDict([('HOSTNAME', 'alan-Latitude-5420'), ('GIT_ASKPASS', '/vscode/vscode-server/bin/linux-x64/ac4cbdf48759c7d8c3eb91ffe6bb04316e263c57/extensions/git/dist/askpass.sh'), ('SHLVL', '2'), ('LD_LIBRARY_PATH', '/bristol_fsai_sim-docker/install/eufs_msgs/lib:/usr/lib/x86_64-linux-gnu/gazebo-11/plugins:/opt/ros/galactic/opt/yaml_cpp_vendor/lib:/opt/ros/galactic/opt/rviz_ogre_vendor/lib:/opt/ros/galactic/lib/x86_64-linux-gnu:/opt/ros/galactic/lib'), ('BROWSER', '/vscode/vscode-server/bin/linux-x64/ac4cbdf48759c7d8c3eb91ffe6bb04316e263c57/bin/helpers/browser.sh'), ('HOME', '/home/vscode'), ('TERM_PROGRAM_VERSION', '1.106.0'), ('VSCODE_IPC_HOOK_CLI', '/tmp/vscode-ipc-44527d33-f74a-4ad4-9e20-fd4db91b8445.sock'), ('ROS_PYTHON_VERSION', '3'), ('VSCODE_GIT_ASKPASS_MAIN', '/vscode/vscode-server/bin/linux-x64/ac4cbdf48759c7d8c3eb91ffe6bb04316e263c57/extensions/git/dist/askpass-main.js'), ('VSCODE_GIT_ASKPASS_NODE', '/vscode/vscode-server/bin/linux-x64/ac4cbdf48759c7d8c3eb91ffe6bb04316e263c57/node'), ('VSCODE_PYTHON_AUTOACTIVATE_GUARD', '1'), ('COLORTERM', 'truecolor'), ('REMOTE_CONTAINERS', 'true'), ('WAYLAND_DISPLAY', 'vscode-wayland-6ce7d0e9-5b6b-46b2-a2f1-5d3d5d4b2e7f.sock'), ('COLCON_PREFIX_PATH', '/bristol_fsai_sim-docker/install'), ('ROS_DISTRO', 'galactic'), ('REMOTE_CONTAINERS_IPC', '/tmp/vscode-remote-containers-ipc-8e75e97d-8e6f-4c26-880b-7a43c1d13b9e.sock'), ('EUFS_MASTER', '/bristol_fsai_sim-docker'), ('_', '/usr/bin/colcon'), ('ROS_VERSION', '2'), ('TERM', 'xterm-256color'), ('ROS_LOCALHOST_ONLY', '0'), ('PATH', '/vscode/vscode-server/bin/linux-x64/ac4cbdf48759c7d8c3eb91ffe6bb04316e263c57/bin/remote-cli:/opt/ros/galactic/bin:/usr/local/sbin:/usr/local/bin:/usr/sbin:/usr/bin:/sbin:/bin'), ('XDG_RUNTIME_DIR', '/tmp/user/1000'), ('REMOTE_CONTAINERS_SOCKETS', '["/tmp/vscode-ssh-auth-8e75e97d-8e6f-4c26-880b-7a43c1d13b9e.sock","/tmp/.X11-unix/X0","/home/vscode/.gnupg/S.gpg-agent"]'), ('DISPLAY', ':0'), ('LANG', 'C.UTF-8'), ('LS_COLORS', 'rs=0:di=01;34:ln=01;36:mh=00:pi=40;33:so=01;35:do=01;35:bd=40;33;01:cd=40;33;01:or=40;31;01:mi=00:su=37;41:sg=30;43:ca=30;41:tw=30;42:ow=34;42:st=37;44:ex=01;32:*.tar=01;31:*.tgz=01;31:*.arc=01;31:*.arj=01;31:*.taz=01;31:*.lha=01;31:*.lz4=01;31:*.lzh=01;31:*.lzma=01;31:*.tlz=01;31:*.txz=01;31:*.tzo=01;31:*.t7z=01;31:*.zip=01;31:*.z=01;31:*.dz=01;31:*.gz=01;31:*.lrz=01;31:*.lz=01;31:*.lzo=01;31:*.xz=01;31:*.zst=01;31:*.tzst=01;31:*.bz2=01;31:*.bz=01;31:*.tbz=01;31:*.tbz2=01;31:*.tz=01;31:*.deb=01;31:*.rpm=01;31:*.jar=01;31:*.war=01;31:*.ear=01;31:*.sar=01;31:*.rar=01;31:*.alz=01;31:*.ace=01;31:*.zoo=01;31:*.cpio=01;31:*.7z=01;31:*.rz=01;31:*.cab=01;31:*.wim=01;31:*.swm=01;31:*.dwm=01;31:*.esd=01;31:*.jpg=01;35:*.jpeg=01;35:*.mjpg=01;35:*.mjpeg=01;35:*.gif=01;35:*.bmp=01;35:*.pbm=01;35:*.pgm=01;35:*.ppm=01;35:*.tga=01;35:*.xbm=01;35:*.xpm=01;35:*.tif=01;35:*.tiff=01;35:*.png=01;35:*.svg=01;35:*.svgz=01;35:*.mng=01;35:*.pcx=01;35:*.mov=01;35:*.mpg=01;35:*.mpeg=01;35:*.m2v=01;35:*.mkv=01;35:*.webm=01;35:*.ogm=01;35:*.mp4=01;35:*.m4v=01;35:*.mp4v=01;35:*.vob=01;35:*.qt=01;35:*.nuv=01;35:*.wmv=01;35:*.asf=01;35:*.rm=01;35:*.rmvb=01;35:*.flc=01;35:*.avi=01;35:*.fli=01;35:*.flv=01;35:*.gl=01;35:*.dl=01;35:*.xcf=01;35:*.xwd=01;35:*.yuv=01;35:*.cgm=01;35:*.emf=01;35:*.ogv=01;35:*.ogx=01;35:*.aac=00;36:*.au=00;36:*.flac=00;36:*.m4a=00;36:*.mid=00;36:*.midi=00;36:*.mka=00;36:*.mp3=00;36:*.mpc=00;36:*.ogg=00;36:*.ra=00;36:*.wav=00;36:*.oga=00;36:*.opus=00;36:*.spx=00;36:*.xspf=00;36:'), ('VSCODE_GIT_IPC_HANDLE', '/tmp/user/1000/vscode-git-0b6b322ce0.sock'), ('TERM_PROGRAM', 'vscode'), ('SSH_AUTH_SOCK', '/tmp/vscode-ssh-auth-8e75e97d-8e6f-4c26-880b-7a43c1d13b9e.sock'), ('AMENT_PREFIX_PATH', '/bristol_fsai_sim-docker/install/eufs_msgs:/opt/ros/galactic'), ('REMOTE_CONTAINERS_DISPLAY_SOCK', '/tmp/.X11-unix/X0'), ('SHELL', '/bin/bash'), ('VSCODE_GIT_ASKPASS_EXTRA_ARGS', ''), ('PWD', '/bristol_fsai_sim-docker/build/eufs_rviz_plugins'), ('LC_ALL', 'C.UTF-8'), ('PYTHONPATH', '/bristol_fsai_sim-docker/install/eufs_msgs/lib/python3.8/site-packages:/opt/ros/galactic/lib/python3.8/site-packages'), ('COLCON', '1'), ('CMAKE_PREFIX_PATH', '/bristol_fsai_sim-docker/install/eufs_msgs:/opt/ros/galactic')]), 'shell': False}
[281.655471] (eufs_rviz_plugins) StdoutLine: {'line': b'-- Install configuration: ""\n'}
[281.656652] (eufs_rviz_plugins) StdoutLine: {'line': b'-- Execute custom install script\n'}
[281.658185] (eufs_rviz_plugins) StdoutLine: {'line': b'-- Symlinking: /bristol_fsai_sim-docker/install/eufs_rviz_plugins/share/eufs_rviz_plugins/icons/classes/ConeArrayWithCovariance.png\n'}
[281.682465] (eufs_rviz_plugins) StdoutLine: {'line': b'-- Symlinking: /bristol_fsai_sim-docker/install/eufs_rviz_plugins/share/eufs_rviz_plugins/meshes/big_cone.dae\n'}
[281.701680] (eufs_rviz_plugins) StdoutLine: {'line': b'-- Symlinking: /bristol_fsai_sim-docker/install/eufs_rviz_plugins/share/eufs_rviz_plugins/meshes/cone.dae\n'}
[281.719619] (eufs_rviz_plugins) StdoutLine: {'line': b'-- Symlinking: /bristol_fsai_sim-docker/install/eufs_rviz_plugins/share/eufs_rviz_plugins//plugins.xml\n'}
[281.722492] (-) TimerEvent: {}
[281.740224] (eufs_rviz_plugins) StdoutLine: {'line': b'-- Symlinking: /bristol_fsai_sim-docker/install/eufs_rviz_plugins/share/ament_index/resource_index/package_run_dependencies/eufs_rviz_plugins\n'}
[281.766560] (eufs_rviz_plugins) StdoutLine: {'line': b'-- Symlinking: /bristol_fsai_sim-docker/install/eufs_rviz_plugins/share/ament_index/resource_index/parent_prefix_path/eufs_rviz_plugins\n'}
[281.787634] (eufs_rviz_plugins) StdoutLine: {'line': b'-- Symlinking: /bristol_fsai_sim-docker/install/eufs_rviz_plugins/share/eufs_rviz_plugins/environment/ament_prefix_path.sh\n'}
[281.805666] (eufs_rviz_plugins) StdoutLine: {'line': b'-- Symlinking: /bristol_fsai_sim-docker/install/eufs_rviz_plugins/share/eufs_rviz_plugins/environment/ament_prefix_path.dsv\n'}
[281.822495] (eufs_rviz_plugins) StdoutLine: {'line': b'-- Symlinking: /bristol_fsai_sim-docker/install/eufs_rviz_plugins/share/eufs_rviz_plugins/environment/path.sh\n'}
[281.822784] (-) TimerEvent: {}
[281.846264] (eufs_rviz_plugins) StdoutLine: {'line': b'-- Symlinking: /bristol_fsai_sim-docker/install/eufs_rviz_plugins/share/eufs_rviz_plugins/environment/path.dsv\n'}
[281.867341] (eufs_rviz_plugins) StdoutLine: {'line': b'-- Symlinking: /bristol_fsai_sim-docker/install/eufs_rviz_plugins/share/eufs_rviz_plugins/local_setup.bash\n'}
[281.887713] (eufs_rviz_plugins) StdoutLine: {'line': b'-- Symlinking: /bristol_fsai_sim-docker/install/eufs_rviz_plugins/share/eufs_rviz_plugins/local_setup.sh\n'}
[281.905635] (eufs_rviz_plugins) StdoutLine: {'line': b'-- Symlinking: /bristol_fsai_sim-docker/install/eufs_rviz_plugins/share/eufs_rviz_plugins/local_setup.zsh\n'}
[281.922969] (eufs_rviz_plugins) StdoutLine: {'line': b'-- Symlinking: /bristol_fsai_sim-docker/install/eufs_rviz_plugins/share/eufs_rviz_plugins/local_setup.dsv\n'}
[281.923248] (-) TimerEvent: {}
[281.943016] (eufs_rviz_plugins) StdoutLine: {'line': b'-- Symlinking: /bristol_fsai_sim-docker/install/eufs_rviz_plugins/share/eufs_rviz_plugins/package.dsv\n'}
[281.966947] (eufs_rviz_plugins) StdoutLine: {'line': b'-- Symlinking: /bristol_fsai_sim-docker/install/eufs_rviz_plugins/share/ament_index/resource_index/packages/eufs_rviz_plugins\n'}
[281.990017] (eufs_rviz_plugins) StdoutLine: {'line': b'-- Symlinking: /bristol_fsai_sim-docker/install/eufs_rviz_plugins/share/ament_index/resource_index/rviz_common__pluginlib__plugin/eufs_rviz_plugins\n'}
[282.007913] (eufs_rviz_plugins) StdoutLine: {'line': b'-- Symlinking: /bristol_fsai_sim-docker/install/eufs_rviz_plugins/share/eufs_rviz_plugins/cmake/ament_cmake_export_include_directories-extras.cmake\n'}
[282.023446] (-) TimerEvent: {}
[282.025229] (eufs_rviz_plugins) StdoutLine: {'line': b'-- Symlinking: /bristol_fsai_sim-docker/install/eufs_rviz_plugins/share/eufs_rviz_plugins/cmake/ament_cmake_export_dependencies-extras.cmake\n'}
[282.049787] (eufs_rviz_plugins) StdoutLine: {'line': b'-- Symlinking: /bristol_fsai_sim-docker/install/eufs_rviz_plugins/share/eufs_rviz_plugins/cmake/ament_cmake_export_targets-extras.cmake\n'}
[282.072198] (eufs_rviz_plugins) StdoutLine: {'line': b'-- Symlinking: /bristol_fsai_sim-docker/install/eufs_rviz_plugins/share/eufs_rviz_plugins/cmake/eufs_rviz_pluginsConfig.cmake\n'}
[282.094810] (eufs_rviz_plugins) StdoutLine: {'line': b'-- Symlinking: /bristol_fsai_sim-docker/install/eufs_rviz_plugins/share/eufs_rviz_plugins/cmake/eufs_rviz_pluginsConfig-version.cmake\n'}
[282.112928] (eufs_rviz_plugins) StdoutLine: {'line': b'-- Symlinking: /bristol_fsai_sim-docker/install/eufs_rviz_plugins/share/eufs_rviz_plugins/package.xml\n'}
[282.123563] (-) TimerEvent: {}
[282.130486] (eufs_rviz_plugins) StdoutLine: {'line': b'-- Installing: /bristol_fsai_sim-docker/install/eufs_rviz_plugins/lib/libeufs_rviz_plugins.so\n'}
[282.153905] (eufs_rviz_plugins) StdoutLine: {'line': b'-- Set runtime path of "/bristol_fsai_sim-docker/install/eufs_rviz_plugins/lib/libeufs_rviz_plugins.so" to ""\n'}
[282.154558] (eufs_rviz_plugins) StdoutLine: {'line': b'-- Installing: /bristol_fsai_sim-docker/install/eufs_rviz_plugins/share/eufs_rviz_plugins/cmake/export_eufs_rviz_pluginsExport.cmake\n'}
[282.154760] (eufs_rviz_plugins) StdoutLine: {'line': b'-- Installing: /bristol_fsai_sim-docker/install/eufs_rviz_plugins/share/eufs_rviz_plugins/cmake/export_eufs_rviz_pluginsExport-noconfig.cmake\n'}
[282.163714] (eufs_rviz_plugins) CommandEnded: {'returncode': 0}
[282.223778] (-) TimerEvent: {}
[282.291147] (eufs_rviz_plugins) JobEnded: {'identifier': 'eufs_rviz_plugins', 'rc': 0}
[282.323897] (-) TimerEvent: {}
[282.425110] (-) TimerEvent: {}
[282.525652] (-) TimerEvent: {}
[282.626224] (-) TimerEvent: {}
[282.726658] (-) TimerEvent: {}
[282.827094] (-) TimerEvent: {}
[282.927624] (-) TimerEvent: {}
[283.028046] (-) TimerEvent: {}
[283.128485] (-) TimerEvent: {}
[283.228874] (-) TimerEvent: {}
[283.329445] (-) TimerEvent: {}
[283.430032] (-) TimerEvent: {}
[283.530482] (-) TimerEvent: {}
[283.630895] (-) TimerEvent: {}
[283.731341] (-) TimerEvent: {}
[283.831845] (-) TimerEvent: {}
[283.932332] (-) TimerEvent: {}
[284.032756] (-) TimerEvent: {}
[284.133254] (-) TimerEvent: {}
[284.233757] (-) TimerEvent: {}
[284.334276] (-) TimerEvent: {}
[284.434795] (-) TimerEvent: {}
[284.535329] (-) TimerEvent: {}
[284.635724] (-) TimerEvent: {}
[284.736144] (-) TimerEvent: {}
[284.836564] (-) TimerEvent: {}
[284.937001] (-) TimerEvent: {}
[285.037391] (-) TimerEvent: {}
[285.137812] (-) TimerEvent: {}
[285.238262] (-) TimerEvent: {}
[285.338685] (-) TimerEvent: {}
[285.439113] (-) TimerEvent: {}
[285.539692] (-) TimerEvent: {}
[285.640170] (-) TimerEvent: {}
[285.740623] (-) TimerEvent: {}
[285.841110] (-) TimerEvent: {}
[285.941588] (-) TimerEvent: {}
[286.042082] (-) TimerEvent: {}
[286.142753] (-) TimerEvent: {}
[286.243224] (-) TimerEvent: {}
[286.343787] (-) TimerEvent: {}
[286.444298] (-) TimerEvent: {}
[286.544859] (-) TimerEvent: {}
[286.645376] (-) TimerEvent: {}
[286.745991] (-) TimerEvent: {}
[286.846644] (-) TimerEvent: {}
[286.947214] (-) TimerEvent: {}
[287.047753] (-) TimerEvent: {}
[287.148264] (-) TimerEvent: {}
[287.248793] (-) TimerEvent: {}
[287.349397] (-) TimerEvent: {}
[287.449909] (-) TimerEvent: {}
[287.550462] (-) TimerEvent: {}
[287.651019] (-) TimerEvent: {}
[287.743189] (eufs_plugins) StdoutLine: {'line': b'[ 44%] \x1b[32m\x1b[1mLinking CXX shared library libgazebo_simulate_bounding_boxes.so\x1b[0m\n'}
[287.751136] (-) TimerEvent: {}
[287.851607] (-) TimerEvent: {}
[287.952164] (-) TimerEvent: {}
[288.052709] (-) TimerEvent: {}
[288.153316] (-) TimerEvent: {}
[288.253861] (-) TimerEvent: {}
[288.354413] (-) TimerEvent: {}
[288.455106] (-) TimerEvent: {}
[288.555814] (-) TimerEvent: {}
[288.656344] (-) TimerEvent: {}
[288.756845] (-) TimerEvent: {}
[288.857326] (-) TimerEvent: {}
[288.957764] (-) TimerEvent: {}
[289.058281] (-) TimerEvent: {}
[289.158788] (-) TimerEvent: {}
[289.259261] (-) TimerEvent: {}
[289.359740] (-) TimerEvent: {}
[289.460196] (-) TimerEvent: {}
[289.560614] (-) TimerEvent: {}
[289.661039] (-) TimerEvent: {}
[289.761467] (-) TimerEvent: {}
[289.861881] (-) TimerEvent: {}
[289.878366] (eufs_plugins) StdoutLine: {'line': b'[ 44%] Built target gazebo_simulate_bounding_boxes\n'}
[289.906623] (eufs_plugins) StdoutLine: {'line': b'\x1b[35m\x1b[1mScanning dependencies of target gazebo_race_car_model\x1b[0m\n'}
[289.962039] (-) TimerEvent: {}
[290.062645] (-) TimerEvent: {}
[290.163196] (-) TimerEvent: {}
[290.201500] (eufs_plugins) StdoutLine: {'line': b'[ 55%] \x1b[32mBuilding CXX object gazebo_race_car_model/CMakeFiles/gazebo_race_car_model.dir/src/gazebo_ros_race_car_model.cpp.o\x1b[0m\n'}
[290.263325] (-) TimerEvent: {}
[290.363748] (-) TimerEvent: {}
[290.464170] (-) TimerEvent: {}
[290.564589] (-) TimerEvent: {}
[290.665027] (-) TimerEvent: {}
[290.765527] (-) TimerEvent: {}
[290.866045] (-) TimerEvent: {}
[290.966536] (-) TimerEvent: {}
[291.066965] (-) TimerEvent: {}
[291.167400] (-) TimerEvent: {}
[291.267908] (-) TimerEvent: {}
[291.368445] (-) TimerEvent: {}
[291.468921] (-) TimerEvent: {}
[291.569442] (-) TimerEvent: {}
[291.670034] (-) TimerEvent: {}
[291.770748] (-) TimerEvent: {}
[291.871345] (-) TimerEvent: {}
[291.971911] (-) TimerEvent: {}
[292.072415] (-) TimerEvent: {}
[292.172914] (-) TimerEvent: {}
[292.273479] (-) TimerEvent: {}
[292.373943] (-) TimerEvent: {}
[292.474424] (-) TimerEvent: {}
[292.574886] (-) TimerEvent: {}
[292.675383] (-) TimerEvent: {}
[292.775887] (-) TimerEvent: {}
[292.876429] (-) TimerEvent: {}
[292.976965] (-) TimerEvent: {}
[293.077456] (-) TimerEvent: {}
[293.178052] (-) TimerEvent: {}
[293.278774] (-) TimerEvent: {}
[293.379545] (-) TimerEvent: {}
[293.480392] (-) TimerEvent: {}
[293.580895] (-) TimerEvent: {}
[293.681458] (-) TimerEvent: {}
[293.781985] (-) TimerEvent: {}
[293.882406] (-) TimerEvent: {}
[293.982839] (-) TimerEvent: {}
[294.083323] (-) TimerEvent: {}
[294.183780] (-) TimerEvent: {}
[294.284237] (-) TimerEvent: {}
[294.384725] (-) TimerEvent: {}
[294.485251] (-) TimerEvent: {}
[294.585752] (-) TimerEvent: {}
[294.686225] (-) TimerEvent: {}
[294.786820] (-) TimerEvent: {}
[294.887259] (-) TimerEvent: {}
[294.987853] (-) TimerEvent: {}
[295.088464] (-) TimerEvent: {}
[295.188978] (-) TimerEvent: {}
[295.289540] (-) TimerEvent: {}
[295.390015] (-) TimerEvent: {}
[295.490485] (-) TimerEvent: {}
[295.590926] (-) TimerEvent: {}
[295.691440] (-) TimerEvent: {}
[295.792062] (-) TimerEvent: {}
[295.892665] (-) TimerEvent: {}
[295.993948] (-) TimerEvent: {}
[296.094519] (-) TimerEvent: {}
[296.194963] (-) TimerEvent: {}
[296.295433] (-) TimerEvent: {}
[296.395863] (-) TimerEvent: {}
[296.496322] (-) TimerEvent: {}
[296.596735] (-) TimerEvent: {}
[296.697180] (-) TimerEvent: {}
[296.798556] (-) TimerEvent: {}
[296.898997] (-) TimerEvent: {}
[296.999436] (-) TimerEvent: {}
[297.099909] (-) TimerEvent: {}
[297.200343] (-) TimerEvent: {}
[297.300777] (-) TimerEvent: {}
[297.401246] (-) TimerEvent: {}
[297.501726] (-) TimerEvent: {}
[297.602312] (-) TimerEvent: {}
[297.702836] (-) TimerEvent: {}
[297.803280] (-) TimerEvent: {}
[297.903720] (-) TimerEvent: {}
[298.004259] (-) TimerEvent: {}
[298.104796] (-) TimerEvent: {}
[298.205387] (-) TimerEvent: {}
[298.306066] (-) TimerEvent: {}
[298.406681] (-) TimerEvent: {}
[298.507135] (-) TimerEvent: {}
[298.607596] (-) TimerEvent: {}
[298.708225] (-) TimerEvent: {}
[298.808956] (-) TimerEvent: {}
[298.909640] (-) TimerEvent: {}
[299.010210] (-) TimerEvent: {}
[299.110705] (-) TimerEvent: {}
[299.211168] (-) TimerEvent: {}
[299.312048] (-) TimerEvent: {}
[299.412586] (-) TimerEvent: {}
[299.513233] (-) TimerEvent: {}
[299.613655] (-) TimerEvent: {}
[299.714209] (-) TimerEvent: {}
[299.814742] (-) TimerEvent: {}
[299.915285] (-) TimerEvent: {}
[300.015737] (-) TimerEvent: {}
[300.116201] (-) TimerEvent: {}
[300.216781] (-) TimerEvent: {}
[300.317226] (-) TimerEvent: {}
[300.417734] (-) TimerEvent: {}
[300.518320] (-) TimerEvent: {}
[300.619043] (-) TimerEvent: {}
[300.719828] (-) TimerEvent: {}
[300.820283] (-) TimerEvent: {}
[300.921055] (-) TimerEvent: {}
[301.021751] (-) TimerEvent: {}
[301.123062] (-) TimerEvent: {}
[301.223942] (-) TimerEvent: {}
[301.324379] (-) TimerEvent: {}
[301.424827] (-) TimerEvent: {}
[301.525246] (-) TimerEvent: {}
[301.625690] (-) TimerEvent: {}
[301.726140] (-) TimerEvent: {}
[301.826690] (-) TimerEvent: {}
[301.927211] (-) TimerEvent: {}
[302.027644] (-) TimerEvent: {}
[302.128189] (-) TimerEvent: {}
[302.228829] (-) TimerEvent: {}
[302.329446] (-) TimerEvent: {}
[302.430062] (-) TimerEvent: {}
[302.530485] (-) TimerEvent: {}
[302.630906] (-) TimerEvent: {}
[302.731318] (-) TimerEvent: {}
[302.831768] (-) TimerEvent: {}
[302.932226] (-) TimerEvent: {}
[303.032671] (-) TimerEvent: {}
[303.133094] (-) TimerEvent: {}
[303.233507] (-) TimerEvent: {}
[303.333936] (-) TimerEvent: {}
[303.434391] (-) TimerEvent: {}
[303.534814] (-) TimerEvent: {}
[303.635869] (-) TimerEvent: {}
[303.736434] (-) TimerEvent: {}
[303.836893] (-) TimerEvent: {}
[303.937388] (-) TimerEvent: {}
[304.037791] (-) TimerEvent: {}
[304.138326] (-) TimerEvent: {}
[304.238814] (-) TimerEvent: {}
[304.339369] (-) TimerEvent: {}
[304.439928] (-) TimerEvent: {}
[304.540881] (-) TimerEvent: {}
[304.641396] (-) TimerEvent: {}
[304.741994] (-) TimerEvent: {}
[304.842599] (-) TimerEvent: {}
[304.943133] (-) TimerEvent: {}
[305.043555] (-) TimerEvent: {}
[305.144054] (-) TimerEvent: {}
[305.244478] (-) TimerEvent: {}
[305.345005] (-) TimerEvent: {}
[305.445444] (-) TimerEvent: {}
[305.545946] (-) TimerEvent: {}
[305.646403] (-) TimerEvent: {}
[305.746858] (-) TimerEvent: {}
[305.847452] (-) TimerEvent: {}
[305.948028] (-) TimerEvent: {}
[306.048494] (-) TimerEvent: {}
[306.148936] (-) TimerEvent: {}
[306.249339] (-) TimerEvent: {}
[306.349800] (-) TimerEvent: {}
[306.450249] (-) TimerEvent: {}
[306.550775] (-) TimerEvent: {}
[306.651375] (-) TimerEvent: {}
[306.751849] (-) TimerEvent: {}
[306.852366] (-) TimerEvent: {}
[306.952888] (-) TimerEvent: {}
[307.053419] (-) TimerEvent: {}
[307.153902] (-) TimerEvent: {}
[307.254414] (-) TimerEvent: {}
[307.355023] (-) TimerEvent: {}
[307.455682] (-) TimerEvent: {}
[307.556319] (-) TimerEvent: {}
[307.656845] (-) TimerEvent: {}
[307.757421] (-) TimerEvent: {}
[307.857908] (-) TimerEvent: {}
[307.958375] (-) TimerEvent: {}
[308.058910] (-) TimerEvent: {}
[308.159371] (-) TimerEvent: {}
[308.259823] (-) TimerEvent: {}
[308.360440] (-) TimerEvent: {}
[308.460907] (-) TimerEvent: {}
[308.561452] (-) TimerEvent: {}
[308.662112] (-) TimerEvent: {}
[308.762666] (-) TimerEvent: {}
[308.863163] (-) TimerEvent: {}
[308.963642] (-) TimerEvent: {}
[309.064263] (-) TimerEvent: {}
[309.164781] (-) TimerEvent: {}
[309.265380] (-) TimerEvent: {}
[309.365830] (-) TimerEvent: {}
[309.466318] (-) TimerEvent: {}
[309.566872] (-) TimerEvent: {}
[309.667388] (-) TimerEvent: {}
[309.767891] (-) TimerEvent: {}
[309.868418] (-) TimerEvent: {}
[309.968922] (-) TimerEvent: {}
[310.069378] (-) TimerEvent: {}
[310.169837] (-) TimerEvent: {}
[310.270266] (-) TimerEvent: {}
[310.370790] (-) TimerEvent: {}
[310.471243] (-) TimerEvent: {}
[310.571890] (-) TimerEvent: {}
[310.672485] (-) TimerEvent: {}
[310.772998] (-) TimerEvent: {}
[310.873530] (-) TimerEvent: {}
[310.973964] (-) TimerEvent: {}
[311.074415] (-) TimerEvent: {}
[311.174958] (-) TimerEvent: {}
[311.275513] (-) TimerEvent: {}
[311.376073] (-) TimerEvent: {}
[311.476531] (-) TimerEvent: {}
[311.577061] (-) TimerEvent: {}
[311.677608] (-) TimerEvent: {}
[311.778222] (-) TimerEvent: {}
[311.878826] (-) TimerEvent: {}
[311.979354] (-) TimerEvent: {}
[312.079914] (-) TimerEvent: {}
[312.180475] (-) TimerEvent: {}
[312.280964] (-) TimerEvent: {}
[312.382200] (-) TimerEvent: {}
[312.482715] (-) TimerEvent: {}
[312.583220] (-) TimerEvent: {}
[312.683699] (-) TimerEvent: {}
[312.784213] (-) TimerEvent: {}
[312.884725] (-) TimerEvent: {}
[312.985210] (-) TimerEvent: {}
[313.085692] (-) TimerEvent: {}
[313.186250] (-) TimerEvent: {}
[313.286749] (-) TimerEvent: {}
[313.387248] (-) TimerEvent: {}
[313.487744] (-) TimerEvent: {}
[313.588227] (-) TimerEvent: {}
[313.688741] (-) TimerEvent: {}
[313.789259] (-) TimerEvent: {}
[313.889760] (-) TimerEvent: {}
[313.990264] (-) TimerEvent: {}
[314.090843] (-) TimerEvent: {}
[314.191336] (-) TimerEvent: {}
[314.291828] (-) TimerEvent: {}
[314.392306] (-) TimerEvent: {}
[314.492940] (-) TimerEvent: {}
[314.593624] (-) TimerEvent: {}
[314.694200] (-) TimerEvent: {}
[314.794766] (-) TimerEvent: {}
[314.895272] (-) TimerEvent: {}
[314.995876] (-) TimerEvent: {}
[315.096459] (-) TimerEvent: {}
[315.197035] (-) TimerEvent: {}
[315.297591] (-) TimerEvent: {}
[315.398061] (-) TimerEvent: {}
[315.498636] (-) TimerEvent: {}
[315.599122] (-) TimerEvent: {}
[315.699610] (-) TimerEvent: {}
[315.800225] (-) TimerEvent: {}
[315.900752] (-) TimerEvent: {}
[316.001291] (-) TimerEvent: {}
[316.101842] (-) TimerEvent: {}
[316.202395] (-) TimerEvent: {}
[316.303051] (-) TimerEvent: {}
[316.403568] (-) TimerEvent: {}
[316.504023] (-) TimerEvent: {}
[316.604512] (-) TimerEvent: {}
[316.705039] (-) TimerEvent: {}
[316.805650] (-) TimerEvent: {}
[316.906118] (-) TimerEvent: {}
[317.006653] (-) TimerEvent: {}
[317.107142] (-) TimerEvent: {}
[317.207691] (-) TimerEvent: {}
[317.308248] (-) TimerEvent: {}
[317.408746] (-) TimerEvent: {}
[317.509278] (-) TimerEvent: {}
[317.609840] (-) TimerEvent: {}
[317.710495] (-) TimerEvent: {}
[317.811078] (-) TimerEvent: {}
[317.911684] (-) TimerEvent: {}
[318.012260] (-) TimerEvent: {}
[318.114606] (-) TimerEvent: {}
[318.215026] (-) TimerEvent: {}
[318.315447] (-) TimerEvent: {}
[318.415832] (-) TimerEvent: {}
[318.516358] (-) TimerEvent: {}
[318.616834] (-) TimerEvent: {}
[318.717269] (-) TimerEvent: {}
[318.817721] (-) TimerEvent: {}
[318.918144] (-) TimerEvent: {}
[319.018796] (-) TimerEvent: {}
[319.119330] (-) TimerEvent: {}
[319.219831] (-) TimerEvent: {}
[319.320396] (-) TimerEvent: {}
[319.420913] (-) TimerEvent: {}
[319.521593] (-) TimerEvent: {}
[319.622260] (-) TimerEvent: {}
[319.722760] (-) TimerEvent: {}
[319.823332] (-) TimerEvent: {}
[319.923838] (-) TimerEvent: {}
[320.024275] (-) TimerEvent: {}
[320.124700] (-) TimerEvent: {}
[320.225159] (-) TimerEvent: {}
[320.325576] (-) TimerEvent: {}
[320.426095] (-) TimerEvent: {}
[320.526543] (-) TimerEvent: {}
[320.627077] (-) TimerEvent: {}
[320.727633] (-) TimerEvent: {}
[320.828197] (-) TimerEvent: {}
[320.928657] (-) TimerEvent: {}
[321.029139] (-) TimerEvent: {}
[321.129668] (-) TimerEvent: {}
[321.230249] (-) TimerEvent: {}
[321.330903] (-) TimerEvent: {}
[321.431420] (-) TimerEvent: {}
[321.531951] (-) TimerEvent: {}
[321.632498] (-) TimerEvent: {}
[321.732949] (-) TimerEvent: {}
[321.833553] (-) TimerEvent: {}
[321.934102] (-) TimerEvent: {}
[322.034613] (-) TimerEvent: {}
[322.135037] (-) TimerEvent: {}
[322.235441] (-) TimerEvent: {}
[322.335939] (-) TimerEvent: {}
[322.436441] (-) TimerEvent: {}
[322.536911] (-) TimerEvent: {}
[322.637421] (-) TimerEvent: {}
[322.737845] (-) TimerEvent: {}
[322.838347] (-) TimerEvent: {}
[322.938812] (-) TimerEvent: {}
[323.039283] (-) TimerEvent: {}
[323.139787] (-) TimerEvent: {}
[323.240342] (-) TimerEvent: {}
[323.340792] (-) TimerEvent: {}
[323.441241] (-) TimerEvent: {}
[323.541734] (-) TimerEvent: {}
[323.642198] (-) TimerEvent: {}
[323.742744] (-) TimerEvent: {}
[323.843194] (-) TimerEvent: {}
[323.943621] (-) TimerEvent: {}
[324.044047] (-) TimerEvent: {}
[324.144472] (-) TimerEvent: {}
[324.245017] (-) TimerEvent: {}
[324.345535] (-) TimerEvent: {}
[324.446031] (-) TimerEvent: {}
[324.546456] (-) TimerEvent: {}
[324.647003] (-) TimerEvent: {}
[324.747605] (-) TimerEvent: {}
[324.848094] (-) TimerEvent: {}
[324.948651] (-) TimerEvent: {}
[325.049189] (-) TimerEvent: {}
[325.149663] (-) TimerEvent: {}
[325.250092] (-) TimerEvent: {}
[325.350606] (-) TimerEvent: {}
[325.451146] (-) TimerEvent: {}
[325.551669] (-) TimerEvent: {}
[325.652214] (-) TimerEvent: {}
[325.752818] (-) TimerEvent: {}
[325.853358] (-) TimerEvent: {}
[325.953874] (-) TimerEvent: {}
[326.054440] (-) TimerEvent: {}
[326.154949] (-) TimerEvent: {}
[326.255467] (-) TimerEvent: {}
[326.355998] (-) TimerEvent: {}
[326.456531] (-) TimerEvent: {}
[326.557050] (-) TimerEvent: {}
[326.657473] (-) TimerEvent: {}
[326.757978] (-) TimerEvent: {}
[326.858471] (-) TimerEvent: {}
[326.958920] (-) TimerEvent: {}
[327.059661] (-) TimerEvent: {}
[327.160071] (-) TimerEvent: {}
[327.260472] (-) TimerEvent: {}
[327.360971] (-) TimerEvent: {}
[327.461380] (-) TimerEvent: {}
[327.561800] (-) TimerEvent: {}
[327.662303] (-) TimerEvent: {}
[327.762739] (-) TimerEvent: {}
[327.863244] (-) TimerEvent: {}
[327.963698] (-) TimerEvent: {}
[328.064247] (-) TimerEvent: {}
[328.164712] (-) TimerEvent: {}
[328.265140] (-) TimerEvent: {}
[328.365760] (-) TimerEvent: {}
[328.466263] (-) TimerEvent: {}
[328.566715] (-) TimerEvent: {}
[328.668627] (-) TimerEvent: {}
[328.769127] (-) TimerEvent: {}
[328.869655] (-) TimerEvent: {}
[328.970210] (-) TimerEvent: {}
[329.070757] (-) TimerEvent: {}
[329.171374] (-) TimerEvent: {}
[329.272051] (-) TimerEvent: {}
[329.372601] (-) TimerEvent: {}
[329.473073] (-) TimerEvent: {}
[329.573566] (-) TimerEvent: {}
[329.588669] (eufs_plugins) StdoutLine: {'line': b'[ 66%] \x1b[32mBuilding CXX object gazebo_race_car_model/CMakeFiles/gazebo_race_car_model.dir/src/state_machine.cpp.o\x1b[0m\n'}
[329.673781] (-) TimerEvent: {}
[329.774292] (-) TimerEvent: {}
[329.874740] (-) TimerEvent: {}
[329.975266] (-) TimerEvent: {}
[330.075691] (-) TimerEvent: {}
[330.176171] (-) TimerEvent: {}
[330.276601] (-) TimerEvent: {}
[330.377039] (-) TimerEvent: {}
[330.477879] (-) TimerEvent: {}
[330.578351] (-) TimerEvent: {}
[330.678800] (-) TimerEvent: {}
[330.779240] (-) TimerEvent: {}
[330.879682] (-) TimerEvent: {}
[330.980120] (-) TimerEvent: {}
[331.080611] (-) TimerEvent: {}
[331.181042] (-) TimerEvent: {}
[331.281620] (-) TimerEvent: {}
[331.382055] (-) TimerEvent: {}
[331.482511] (-) TimerEvent: {}
[331.582950] (-) TimerEvent: {}
[331.683398] (-) TimerEvent: {}
[331.784086] (-) TimerEvent: {}
[331.884646] (-) TimerEvent: {}
[331.985096] (-) TimerEvent: {}
[332.086261] (-) TimerEvent: {}
[332.186716] (-) TimerEvent: {}
[332.287191] (-) TimerEvent: {}
[332.387634] (-) TimerEvent: {}
[332.488178] (-) TimerEvent: {}
[332.588617] (-) TimerEvent: {}
[332.689073] (-) TimerEvent: {}
[332.789508] (-) TimerEvent: {}
[332.889975] (-) TimerEvent: {}
[332.990506] (-) TimerEvent: {}
[333.091018] (-) TimerEvent: {}
[333.191482] (-) TimerEvent: {}
[333.292049] (-) TimerEvent: {}
[333.392492] (-) TimerEvent: {}
[333.492951] (-) TimerEvent: {}
[333.593411] (-) TimerEvent: {}
[333.693988] (-) TimerEvent: {}
[333.794716] (-) TimerEvent: {}
[333.895279] (-) TimerEvent: {}
[333.995856] (-) TimerEvent: {}
[334.096423] (-) TimerEvent: {}
[334.196908] (-) TimerEvent: {}
[334.297426] (-) TimerEvent: {}
[334.397839] (-) TimerEvent: {}
[334.498392] (-) TimerEvent: {}
[334.598835] (-) TimerEvent: {}
[334.699403] (-) TimerEvent: {}
[334.799928] (-) TimerEvent: {}
[334.900462] (-) TimerEvent: {}
[335.000905] (-) TimerEvent: {}
[335.101354] (-) TimerEvent: {}
[335.201811] (-) TimerEvent: {}
[335.302397] (-) TimerEvent: {}
[335.402985] (-) TimerEvent: {}
[335.503556] (-) TimerEvent: {}
[335.604004] (-) TimerEvent: {}
[335.704615] (-) TimerEvent: {}
[335.805219] (-) TimerEvent: {}
[335.905986] (-) TimerEvent: {}
[336.006903] (-) TimerEvent: {}
[336.107313] (-) TimerEvent: {}
[336.208025] (-) TimerEvent: {}
[336.308463] (-) TimerEvent: {}
[336.408928] (-) TimerEvent: {}
[336.509420] (-) TimerEvent: {}
[336.609835] (-) TimerEvent: {}
[336.710240] (-) TimerEvent: {}
[336.810718] (-) TimerEvent: {}
[336.911145] (-) TimerEvent: {}
[337.011910] (-) TimerEvent: {}
[337.113265] (-) TimerEvent: {}
[337.213965] (-) TimerEvent: {}
[337.314480] (-) TimerEvent: {}
[337.415002] (-) TimerEvent: {}
[337.516269] (-) TimerEvent: {}
[337.616803] (-) TimerEvent: {}
[337.717332] (-) TimerEvent: {}
[337.818251] (-) TimerEvent: {}
[337.918772] (-) TimerEvent: {}
[338.019350] (-) TimerEvent: {}
[338.119999] (-) TimerEvent: {}
[338.220684] (-) TimerEvent: {}
[338.321181] (-) TimerEvent: {}
[338.423056] (-) TimerEvent: {}
[338.523608] (-) TimerEvent: {}
[338.624233] (-) TimerEvent: {}
[338.725514] (-) TimerEvent: {}
[338.827302] (-) TimerEvent: {}
[338.928262] (-) TimerEvent: {}
[339.030838] (-) TimerEvent: {}
[339.132242] (-) TimerEvent: {}
[339.232844] (-) TimerEvent: {}
[339.333444] (-) TimerEvent: {}
[339.433978] (-) TimerEvent: {}
[339.534530] (-) TimerEvent: {}
[339.634985] (-) TimerEvent: {}
[339.735500] (-) TimerEvent: {}
[339.836085] (-) TimerEvent: {}
[339.936593] (-) TimerEvent: {}
[340.037019] (-) TimerEvent: {}
[340.137477] (-) TimerEvent: {}
[340.237960] (-) TimerEvent: {}
[340.338387] (-) TimerEvent: {}
[340.438850] (-) TimerEvent: {}
[340.539399] (-) TimerEvent: {}
[340.639985] (-) TimerEvent: {}
[340.740427] (-) TimerEvent: {}
[340.840853] (-) TimerEvent: {}
[340.941534] (-) TimerEvent: {}
[341.042111] (-) TimerEvent: {}
[341.142799] (-) TimerEvent: {}
[341.243627] (-) TimerEvent: {}
[341.344075] (-) TimerEvent: {}
[341.444684] (-) TimerEvent: {}
[341.545170] (-) TimerEvent: {}
[341.645686] (-) TimerEvent: {}
[341.746162] (-) TimerEvent: {}
[341.846592] (-) TimerEvent: {}
[341.947245] (-) TimerEvent: {}
[342.047741] (-) TimerEvent: {}
[342.148297] (-) TimerEvent: {}
[342.248816] (-) TimerEvent: {}
[342.349339] (-) TimerEvent: {}
[342.449748] (-) TimerEvent: {}
[342.550165] (-) TimerEvent: {}
[342.650594] (-) TimerEvent: {}
[342.751037] (-) TimerEvent: {}
[342.851518] (-) TimerEvent: {}
[342.951912] (-) TimerEvent: {}
[343.052371] (-) TimerEvent: {}
[343.152800] (-) TimerEvent: {}
[343.253269] (-) TimerEvent: {}
[343.353718] (-) TimerEvent: {}
[343.454195] (-) TimerEvent: {}
[343.554636] (-) TimerEvent: {}
[343.655095] (-) TimerEvent: {}
[343.755536] (-) TimerEvent: {}
[343.856005] (-) TimerEvent: {}
[343.956523] (-) TimerEvent: {}
[344.056948] (-) TimerEvent: {}
[344.157387] (-) TimerEvent: {}
[344.257873] (-) TimerEvent: {}
[344.358330] (-) TimerEvent: {}
[344.458835] (-) TimerEvent: {}
[344.559326] (-) TimerEvent: {}
[344.659821] (-) TimerEvent: {}
[344.760337] (-) TimerEvent: {}
[344.860845] (-) TimerEvent: {}
[344.961325] (-) TimerEvent: {}
[345.061833] (-) TimerEvent: {}
[345.162342] (-) TimerEvent: {}
[345.262901] (-) TimerEvent: {}
[345.363473] (-) TimerEvent: {}
[345.463935] (-) TimerEvent: {}
[345.564449] (-) TimerEvent: {}
[345.664971] (-) TimerEvent: {}
[345.765525] (-) TimerEvent: {}
[345.866057] (-) TimerEvent: {}
[345.966545] (-) TimerEvent: {}
[346.067039] (-) TimerEvent: {}
[346.167550] (-) TimerEvent: {}
[346.268002] (-) TimerEvent: {}
[346.368453] (-) TimerEvent: {}
[346.468911] (-) TimerEvent: {}
[346.569472] (-) TimerEvent: {}
[346.670147] (-) TimerEvent: {}
[346.770931] (-) TimerEvent: {}
[346.871550] (-) TimerEvent: {}
[346.972045] (-) TimerEvent: {}
[347.072735] (-) TimerEvent: {}
[347.124922] (eufs_plugins) StdoutLine: {'line': b'[ 77%] \x1b[32m\x1b[1mLinking CXX shared library libgazebo_race_car_model.so\x1b[0m\n'}
[347.172882] (-) TimerEvent: {}
[347.273332] (-) TimerEvent: {}
[347.373869] (-) TimerEvent: {}
[347.474329] (-) TimerEvent: {}
[347.574859] (-) TimerEvent: {}
[347.675487] (-) TimerEvent: {}
[347.776034] (-) TimerEvent: {}
[347.876523] (-) TimerEvent: {}
[347.976975] (-) TimerEvent: {}
[348.077503] (-) TimerEvent: {}
[348.178073] (-) TimerEvent: {}
[348.278668] (-) TimerEvent: {}
[348.379235] (-) TimerEvent: {}
[348.480045] (-) TimerEvent: {}
[348.580912] (-) TimerEvent: {}
[348.681445] (-) TimerEvent: {}
[348.781923] (-) TimerEvent: {}
[348.882399] (-) TimerEvent: {}
[348.982894] (-) TimerEvent: {}
[349.083500] (-) TimerEvent: {}
[349.184028] (-) TimerEvent: {}
[349.284529] (-) TimerEvent: {}
[349.385141] (-) TimerEvent: {}
[349.485747] (-) TimerEvent: {}
[349.586360] (-) TimerEvent: {}
[349.686926] (-) TimerEvent: {}
[349.787581] (-) TimerEvent: {}
[349.888063] (-) TimerEvent: {}
[349.988716] (-) TimerEvent: {}
[350.052187] (eufs_plugins) StdoutLine: {'line': b'[ 77%] Built target gazebo_race_car_model\n'}
[350.074006] (eufs_plugins) StdoutLine: {'line': b'\x1b[35m\x1b[1mScanning dependencies of target gazebo_ground_truth_cones\x1b[0m\n'}
[350.088923] (-) TimerEvent: {}
[350.189354] (-) TimerEvent: {}
[350.289767] (-) TimerEvent: {}
[350.335503] (eufs_plugins) StdoutLine: {'line': b'[ 88%] \x1b[32mBuilding CXX object gazebo_cone_plugins/CMakeFiles/gazebo_ground_truth_cones.dir/src/gazebo_ground_truth_cones.cpp.o\x1b[0m\n'}
[350.389908] (-) TimerEvent: {}
[350.490403] (-) TimerEvent: {}
[350.590834] (-) TimerEvent: {}
[350.691264] (-) TimerEvent: {}
[350.791776] (-) TimerEvent: {}
[350.892201] (-) TimerEvent: {}
[350.992685] (-) TimerEvent: {}
[351.093105] (-) TimerEvent: {}
[351.193639] (-) TimerEvent: {}
[351.294091] (-) TimerEvent: {}
[351.394605] (-) TimerEvent: {}
[351.495168] (-) TimerEvent: {}
[351.595726] (-) TimerEvent: {}
[351.696198] (-) TimerEvent: {}
[351.796698] (-) TimerEvent: {}
[351.897257] (-) TimerEvent: {}
[351.997922] (-) TimerEvent: {}
[352.098499] (-) TimerEvent: {}
[352.199062] (-) TimerEvent: {}
[352.299562] (-) TimerEvent: {}
[352.400070] (-) TimerEvent: {}
[352.500568] (-) TimerEvent: {}
[352.601116] (-) TimerEvent: {}
[352.701667] (-) TimerEvent: {}
[352.802113] (-) TimerEvent: {}
[352.902563] (-) TimerEvent: {}
[353.003095] (-) TimerEvent: {}
[353.103725] (-) TimerEvent: {}
[353.204230] (-) TimerEvent: {}
[353.304776] (-) TimerEvent: {}
[353.405279] (-) TimerEvent: {}
[353.505865] (-) TimerEvent: {}
[353.606384] (-) TimerEvent: {}
[353.706978] (-) TimerEvent: {}
[353.807457] (-) TimerEvent: {}
[353.907893] (-) TimerEvent: {}
[354.008326] (-) TimerEvent: {}
[354.108743] (-) TimerEvent: {}
[354.209215] (-) TimerEvent: {}
[354.309793] (-) TimerEvent: {}
[354.410355] (-) TimerEvent: {}
[354.510881] (-) TimerEvent: {}
[354.611328] (-) TimerEvent: {}
[354.711767] (-) TimerEvent: {}
[354.812210] (-) TimerEvent: {}
[354.912710] (-) TimerEvent: {}
[355.013286] (-) TimerEvent: {}
[355.113895] (-) TimerEvent: {}
[355.214438] (-) TimerEvent: {}
[355.314892] (-) TimerEvent: {}
[355.415329] (-) TimerEvent: {}
[355.515855] (-) TimerEvent: {}
[355.616444] (-) TimerEvent: {}
[355.716982] (-) TimerEvent: {}
[355.817433] (-) TimerEvent: {}
[355.917966] (-) TimerEvent: {}
[356.018446] (-) TimerEvent: {}
[356.118981] (-) TimerEvent: {}
[356.219439] (-) TimerEvent: {}
[356.319940] (-) TimerEvent: {}
[356.420522] (-) TimerEvent: {}
[356.520972] (-) TimerEvent: {}
[356.621428] (-) TimerEvent: {}
[356.721911] (-) TimerEvent: {}
[356.822463] (-) TimerEvent: {}
[356.922991] (-) TimerEvent: {}
[357.023535] (-) TimerEvent: {}
[357.124051] (-) TimerEvent: {}
[357.224581] (-) TimerEvent: {}
[357.325143] (-) TimerEvent: {}
[357.425590] (-) TimerEvent: {}
[357.526041] (-) TimerEvent: {}
[357.627820] (-) TimerEvent: {}
[357.728339] (-) TimerEvent: {}
[357.828807] (-) TimerEvent: {}
[357.929241] (-) TimerEvent: {}
[358.029823] (-) TimerEvent: {}
[358.130341] (-) TimerEvent: {}
[358.230868] (-) TimerEvent: {}
[358.331338] (-) TimerEvent: {}
[358.431824] (-) TimerEvent: {}
[358.532267] (-) TimerEvent: {}
[358.632698] (-) TimerEvent: {}
[358.733132] (-) TimerEvent: {}
[358.833662] (-) TimerEvent: {}
[358.934089] (-) TimerEvent: {}
[359.034609] (-) TimerEvent: {}
[359.135141] (-) TimerEvent: {}
[359.235895] (-) TimerEvent: {}
[359.336403] (-) TimerEvent: {}
[359.436977] (-) TimerEvent: {}
[359.537480] (-) TimerEvent: {}
[359.637983] (-) TimerEvent: {}
[359.739261] (-) TimerEvent: {}
[359.839790] (-) TimerEvent: {}
[359.940741] (-) TimerEvent: {}
[360.041266] (-) TimerEvent: {}
[360.141798] (-) TimerEvent: {}
[360.242316] (-) TimerEvent: {}
[360.342838] (-) TimerEvent: {}
[360.443362] (-) TimerEvent: {}
[360.543867] (-) TimerEvent: {}
[360.645260] (-) TimerEvent: {}
[360.746695] (-) TimerEvent: {}
[360.850405] (-) TimerEvent: {}
[360.950916] (-) TimerEvent: {}
[361.051333] (-) TimerEvent: {}
[361.151781] (-) TimerEvent: {}
[361.252236] (-) TimerEvent: {}
[361.352741] (-) TimerEvent: {}
[361.453251] (-) TimerEvent: {}
[361.553873] (-) TimerEvent: {}
[361.654345] (-) TimerEvent: {}
[361.754874] (-) TimerEvent: {}
[361.855382] (-) TimerEvent: {}
[361.955890] (-) TimerEvent: {}
[362.056475] (-) TimerEvent: {}
[362.156919] (-) TimerEvent: {}
[362.257448] (-) TimerEvent: {}
[362.357882] (-) TimerEvent: {}
[362.458381] (-) TimerEvent: {}
[362.558891] (-) TimerEvent: {}
[362.659457] (-) TimerEvent: {}
[362.760083] (-) TimerEvent: {}
[362.860585] (-) TimerEvent: {}
[362.961114] (-) TimerEvent: {}
[363.061784] (-) TimerEvent: {}
[363.162304] (-) TimerEvent: {}
[363.262897] (-) TimerEvent: {}
[363.363418] (-) TimerEvent: {}
[363.463865] (-) TimerEvent: {}
[363.564380] (-) TimerEvent: {}
[363.664838] (-) TimerEvent: {}
[363.765348] (-) TimerEvent: {}
[363.865804] (-) TimerEvent: {}
[363.966359] (-) TimerEvent: {}
[364.066803] (-) TimerEvent: {}
[364.167262] (-) TimerEvent: {}
[364.267690] (-) TimerEvent: {}
[364.368133] (-) TimerEvent: {}
[364.468610] (-) TimerEvent: {}
[364.569117] (-) TimerEvent: {}
[364.669575] (-) TimerEvent: {}
[364.770062] (-) TimerEvent: {}
[364.870527] (-) TimerEvent: {}
[364.970997] (-) TimerEvent: {}
[365.071458] (-) TimerEvent: {}
[365.171909] (-) TimerEvent: {}
[365.272408] (-) TimerEvent: {}
[365.372964] (-) TimerEvent: {}
[365.473515] (-) TimerEvent: {}
[365.574070] (-) TimerEvent: {}
[365.674603] (-) TimerEvent: {}
[365.775172] (-) TimerEvent: {}
[365.875764] (-) TimerEvent: {}
[365.976309] (-) TimerEvent: {}
[366.076896] (-) TimerEvent: {}
[366.177457] (-) TimerEvent: {}
[366.278012] (-) TimerEvent: {}
[366.378506] (-) TimerEvent: {}
[366.478972] (-) TimerEvent: {}
[366.579597] (-) TimerEvent: {}
[366.680261] (-) TimerEvent: {}
[366.780855] (-) TimerEvent: {}
[366.881368] (-) TimerEvent: {}
[366.981862] (-) TimerEvent: {}
[367.082269] (-) TimerEvent: {}
[367.182753] (-) TimerEvent: {}
[367.283242] (-) TimerEvent: {}
[367.383674] (-) TimerEvent: {}
[367.484108] (-) TimerEvent: {}
[367.584601] (-) TimerEvent: {}
[367.685056] (-) TimerEvent: {}
[367.785618] (-) TimerEvent: {}
[367.886123] (-) TimerEvent: {}
[367.986632] (-) TimerEvent: {}
[368.087211] (-) TimerEvent: {}
[368.187848] (-) TimerEvent: {}
[368.288423] (-) TimerEvent: {}
[368.388897] (-) TimerEvent: {}
[368.489394] (-) TimerEvent: {}
[368.589879] (-) TimerEvent: {}
[368.690376] (-) TimerEvent: {}
[368.790875] (-) TimerEvent: {}
[368.891396] (-) TimerEvent: {}
[368.992036] (-) TimerEvent: {}
[369.092793] (-) TimerEvent: {}
[369.193368] (-) TimerEvent: {}
[369.293941] (-) TimerEvent: {}
[369.394694] (-) TimerEvent: {}
[369.495282] (-) TimerEvent: {}
[369.595879] (-) TimerEvent: {}
[369.696489] (-) TimerEvent: {}
[369.797042] (-) TimerEvent: {}
[369.897579] (-) TimerEvent: {}
[369.998007] (-) TimerEvent: {}
[370.098554] (-) TimerEvent: {}
[370.199094] (-) TimerEvent: {}
[370.299571] (-) TimerEvent: {}
[370.400125] (-) TimerEvent: {}
[370.500647] (-) TimerEvent: {}
[370.601082] (-) TimerEvent: {}
[370.701533] (-) TimerEvent: {}
[370.802001] (-) TimerEvent: {}
[370.902593] (-) TimerEvent: {}
[371.003053] (-) TimerEvent: {}
[371.103478] (-) TimerEvent: {}
[371.203937] (-) TimerEvent: {}
[371.304400] (-) TimerEvent: {}
[371.404900] (-) TimerEvent: {}
[371.505342] (-) TimerEvent: {}
[371.605868] (-) TimerEvent: {}
[371.706391] (-) TimerEvent: {}
[371.806972] (-) TimerEvent: {}
[371.907504] (-) TimerEvent: {}
[372.007999] (-) TimerEvent: {}
[372.108570] (-) TimerEvent: {}
[372.209205] (-) TimerEvent: {}
[372.309853] (-) TimerEvent: {}
[372.410368] (-) TimerEvent: {}
[372.510902] (-) TimerEvent: {}
[372.611484] (-) TimerEvent: {}
[372.712080] (-) TimerEvent: {}
[372.812699] (-) TimerEvent: {}
[372.913201] (-) TimerEvent: {}
[373.013714] (-) TimerEvent: {}
[373.114293] (-) TimerEvent: {}
[373.214806] (-) TimerEvent: {}
[373.315268] (-) TimerEvent: {}
[373.416332] (-) TimerEvent: {}
[373.516914] (-) TimerEvent: {}
[373.617469] (-) TimerEvent: {}
[373.717999] (-) TimerEvent: {}
[373.818557] (-) TimerEvent: {}
[373.919249] (-) TimerEvent: {}
[374.019740] (-) TimerEvent: {}
[374.120273] (-) TimerEvent: {}
[374.220748] (-) TimerEvent: {}
[374.321275] (-) TimerEvent: {}
[374.421785] (-) TimerEvent: {}
[374.522360] (-) TimerEvent: {}
[374.622886] (-) TimerEvent: {}
[374.723549] (-) TimerEvent: {}
[374.824001] (-) TimerEvent: {}
[374.924531] (-) TimerEvent: {}
[375.025014] (-) TimerEvent: {}
[375.125536] (-) TimerEvent: {}
[375.226055] (-) TimerEvent: {}
[375.326479] (-) TimerEvent: {}
[375.426974] (-) TimerEvent: {}
[375.527421] (-) TimerEvent: {}
[375.627852] (-) TimerEvent: {}
[375.728346] (-) TimerEvent: {}
[375.828799] (-) TimerEvent: {}
[375.929324] (-) TimerEvent: {}
[376.029771] (-) TimerEvent: {}
[376.130231] (-) TimerEvent: {}
[376.230786] (-) TimerEvent: {}
[376.331243] (-) TimerEvent: {}
[376.431841] (-) TimerEvent: {}
[376.532374] (-) TimerEvent: {}
[376.632918] (-) TimerEvent: {}
[376.733326] (-) TimerEvent: {}
[376.833800] (-) TimerEvent: {}
[376.934227] (-) TimerEvent: {}
[377.034642] (-) TimerEvent: {}
[377.135069] (-) TimerEvent: {}
[377.235538] (-) TimerEvent: {}
[377.335966] (-) TimerEvent: {}
[377.436403] (-) TimerEvent: {}
[377.536928] (-) TimerEvent: {}
[377.637373] (-) TimerEvent: {}
[377.737828] (-) TimerEvent: {}
[377.838347] (-) TimerEvent: {}
[377.938753] (-) TimerEvent: {}
[378.039141] (-) TimerEvent: {}
[378.140217] (-) TimerEvent: {}
[378.240749] (-) TimerEvent: {}
[378.341283] (-) TimerEvent: {}
[378.441883] (-) TimerEvent: {}
[378.542322] (-) TimerEvent: {}
[378.642764] (-) TimerEvent: {}
[378.743214] (-) TimerEvent: {}
[378.843620] (-) TimerEvent: {}
[378.944066] (-) TimerEvent: {}
[379.044536] (-) TimerEvent: {}
[379.144986] (-) TimerEvent: {}
[379.245494] (-) TimerEvent: {}
[379.345936] (-) TimerEvent: {}
[379.446382] (-) TimerEvent: {}
[379.546940] (-) TimerEvent: {}
[379.647504] (-) TimerEvent: {}
[379.748006] (-) TimerEvent: {}
[379.848527] (-) TimerEvent: {}
[379.949073] (-) TimerEvent: {}
[380.049594] (-) TimerEvent: {}
[380.150020] (-) TimerEvent: {}
[380.250514] (-) TimerEvent: {}
[380.351002] (-) TimerEvent: {}
[380.451535] (-) TimerEvent: {}
[380.551970] (-) TimerEvent: {}
[380.652561] (-) TimerEvent: {}
[380.753024] (-) TimerEvent: {}
[380.853429] (-) TimerEvent: {}
[380.954024] (-) TimerEvent: {}
[381.054641] (-) TimerEvent: {}
[381.155223] (-) TimerEvent: {}
[381.255715] (-) TimerEvent: {}
[381.356297] (-) TimerEvent: {}
[381.456824] (-) TimerEvent: {}
[381.557274] (-) TimerEvent: {}
[381.653049] (eufs_plugins) StdoutLine: {'line': b'[100%] \x1b[32m\x1b[1mLinking CXX shared library libgazebo_ground_truth_cones.so\x1b[0m\n'}
[381.657385] (-) TimerEvent: {}
[381.757782] (-) TimerEvent: {}
[381.858489] (-) TimerEvent: {}
[381.959203] (-) TimerEvent: {}
[382.059761] (-) TimerEvent: {}
[382.160297] (-) TimerEvent: {}
[382.260900] (-) TimerEvent: {}
[382.361495] (-) TimerEvent: {}
[382.462180] (-) TimerEvent: {}
[382.563216] (-) TimerEvent: {}
[382.664036] (-) TimerEvent: {}
[382.764867] (-) TimerEvent: {}
[382.865446] (-) TimerEvent: {}
[382.966028] (-) TimerEvent: {}
[383.030274] (eufs_plugins) StdoutLine: {'line': b'[100%] Built target gazebo_ground_truth_cones\n'}
[383.052317] (eufs_plugins) CommandEnded: {'returncode': 0}
[383.066234] (-) TimerEvent: {}
[383.117199] (eufs_plugins) JobProgress: {'identifier': 'eufs_plugins', 'progress': 'install'}
[383.121969] (eufs_plugins) Command: {'cmd': ['/usr/bin/cmake', '--install', '/bristol_fsai_sim-docker/build/eufs_plugins'], 'cwd': '/bristol_fsai_sim-docker/build/eufs_plugins', 'env': OrderedDict([('HOSTNAME', 'alan-Latitude-5420'), ('GIT_ASKPASS', '/vscode/vscode-server/bin/linux-x64/ac4cbdf48759c7d8c3eb91ffe6bb04316e263c57/extensions/git/dist/askpass.sh'), ('SHLVL', '2'), ('LD_LIBRARY_PATH', '/bristol_fsai_sim-docker/install/eufs_models/lib:/bristol_fsai_sim-docker/install/eufs_msgs/lib:/usr/lib/x86_64-linux-gnu/gazebo-11/plugins:/opt/ros/galactic/opt/yaml_cpp_vendor/lib:/opt/ros/galactic/opt/rviz_ogre_vendor/lib:/opt/ros/galactic/lib/x86_64-linux-gnu:/opt/ros/galactic/lib'), ('BROWSER', '/vscode/vscode-server/bin/linux-x64/ac4cbdf48759c7d8c3eb91ffe6bb04316e263c57/bin/helpers/browser.sh'), ('HOME', '/home/vscode'), ('TERM_PROGRAM_VERSION', '1.106.0'), ('VSCODE_IPC_HOOK_CLI', '/tmp/vscode-ipc-44527d33-f74a-4ad4-9e20-fd4db91b8445.sock'), ('ROS_PYTHON_VERSION', '3'), ('VSCODE_GIT_ASKPASS_MAIN', '/vscode/vscode-server/bin/linux-x64/ac4cbdf48759c7d8c3eb91ffe6bb04316e263c57/extensions/git/dist/askpass-main.js'), ('VSCODE_GIT_ASKPASS_NODE', '/vscode/vscode-server/bin/linux-x64/ac4cbdf48759c7d8c3eb91ffe6bb04316e263c57/node'), ('VSCODE_PYTHON_AUTOACTIVATE_GUARD', '1'), ('COLORTERM', 'truecolor'), ('REMOTE_CONTAINERS', 'true'), ('WAYLAND_DISPLAY', 'vscode-wayland-6ce7d0e9-5b6b-46b2-a2f1-5d3d5d4b2e7f.sock'), ('COLCON_PREFIX_PATH', '/bristol_fsai_sim-docker/install'), ('ROS_DISTRO', 'galactic'), ('REMOTE_CONTAINERS_IPC', '/tmp/vscode-remote-containers-ipc-8e75e97d-8e6f-4c26-880b-7a43c1d13b9e.sock'), ('EUFS_MASTER', '/bristol_fsai_sim-docker'), ('_', '/usr/bin/colcon'), ('ROS_VERSION', '2'), ('TERM', 'xterm-256color'), ('ROS_LOCALHOST_ONLY', '0'), ('PATH', '/vscode/vscode-server/bin/linux-x64/ac4cbdf48759c7d8c3eb91ffe6bb04316e263c57/bin/remote-cli:/opt/ros/galactic/bin:/usr/local/sbin:/usr/local/bin:/usr/sbin:/usr/bin:/sbin:/bin'), ('XDG_RUNTIME_DIR', '/tmp/user/1000'), ('REMOTE_CONTAINERS_SOCKETS', '["/tmp/vscode-ssh-auth-8e75e97d-8e6f-4c26-880b-7a43c1d13b9e.sock","/tmp/.X11-unix/X0","/home/vscode/.gnupg/S.gpg-agent"]'), ('DISPLAY', ':0'), ('LANG', 'C.UTF-8'), ('LS_COLORS', 'rs=0:di=01;34:ln=01;36:mh=00:pi=40;33:so=01;35:do=01;35:bd=40;33;01:cd=40;33;01:or=40;31;01:mi=00:su=37;41:sg=30;43:ca=30;41:tw=30;42:ow=34;42:st=37;44:ex=01;32:*.tar=01;31:*.tgz=01;31:*.arc=01;31:*.arj=01;31:*.taz=01;31:*.lha=01;31:*.lz4=01;31:*.lzh=01;31:*.lzma=01;31:*.tlz=01;31:*.txz=01;31:*.tzo=01;31:*.t7z=01;31:*.zip=01;31:*.z=01;31:*.dz=01;31:*.gz=01;31:*.lrz=01;31:*.lz=01;31:*.lzo=01;31:*.xz=01;31:*.zst=01;31:*.tzst=01;31:*.bz2=01;31:*.bz=01;31:*.tbz=01;31:*.tbz2=01;31:*.tz=01;31:*.deb=01;31:*.rpm=01;31:*.jar=01;31:*.war=01;31:*.ear=01;31:*.sar=01;31:*.rar=01;31:*.alz=01;31:*.ace=01;31:*.zoo=01;31:*.cpio=01;31:*.7z=01;31:*.rz=01;31:*.cab=01;31:*.wim=01;31:*.swm=01;31:*.dwm=01;31:*.esd=01;31:*.jpg=01;35:*.jpeg=01;35:*.mjpg=01;35:*.mjpeg=01;35:*.gif=01;35:*.bmp=01;35:*.pbm=01;35:*.pgm=01;35:*.ppm=01;35:*.tga=01;35:*.xbm=01;35:*.xpm=01;35:*.tif=01;35:*.tiff=01;35:*.png=01;35:*.svg=01;35:*.svgz=01;35:*.mng=01;35:*.pcx=01;35:*.mov=01;35:*.mpg=01;35:*.mpeg=01;35:*.m2v=01;35:*.mkv=01;35:*.webm=01;35:*.ogm=01;35:*.mp4=01;35:*.m4v=01;35:*.mp4v=01;35:*.vob=01;35:*.qt=01;35:*.nuv=01;35:*.wmv=01;35:*.asf=01;35:*.rm=01;35:*.rmvb=01;35:*.flc=01;35:*.avi=01;35:*.fli=01;35:*.flv=01;35:*.gl=01;35:*.dl=01;35:*.xcf=01;35:*.xwd=01;35:*.yuv=01;35:*.cgm=01;35:*.emf=01;35:*.ogv=01;35:*.ogx=01;35:*.aac=00;36:*.au=00;36:*.flac=00;36:*.m4a=00;36:*.mid=00;36:*.midi=00;36:*.mka=00;36:*.mp3=00;36:*.mpc=00;36:*.ogg=00;36:*.ra=00;36:*.wav=00;36:*.oga=00;36:*.opus=00;36:*.spx=00;36:*.xspf=00;36:'), ('VSCODE_GIT_IPC_HANDLE', '/tmp/user/1000/vscode-git-0b6b322ce0.sock'), ('TERM_PROGRAM', 'vscode'), ('SSH_AUTH_SOCK', '/tmp/vscode-ssh-auth-8e75e97d-8e6f-4c26-880b-7a43c1d13b9e.sock'), ('AMENT_PREFIX_PATH', '/bristol_fsai_sim-docker/install/eufs_models:/bristol_fsai_sim-docker/install/eufs_msgs:/opt/ros/galactic'), ('REMOTE_CONTAINERS_DISPLAY_SOCK', '/tmp/.X11-unix/X0'), ('SHELL', '/bin/bash'), ('VSCODE_GIT_ASKPASS_EXTRA_ARGS', ''), ('PWD', '/bristol_fsai_sim-docker/build/eufs_plugins'), ('LC_ALL', 'C.UTF-8'), ('PYTHONPATH', '/bristol_fsai_sim-docker/install/eufs_msgs/lib/python3.8/site-packages:/opt/ros/galactic/lib/python3.8/site-packages'), ('COLCON', '1'), ('CMAKE_PREFIX_PATH', '/bristol_fsai_sim-docker/install/eufs_models:/bristol_fsai_sim-docker/install/eufs_msgs:/opt/ros/galactic')]), 'shell': False}
[383.143068] (eufs_plugins) StdoutLine: {'line': b'-- Install configuration: ""\n'}
[383.144145] (eufs_plugins) StdoutLine: {'line': b'-- Execute custom install script\n'}
[383.145455] (eufs_plugins) StdoutLine: {'line': b'-- Symlinking: /bristol_fsai_sim-docker/install/eufs_plugins/share/eufs_plugins/urdf/eufs_plugins.gazebo.xacro\n'}
[383.163081] (eufs_plugins) StdoutLine: {'line': b'-- Symlinking: /bristol_fsai_sim-docker/install/eufs_plugins/share/eufs_plugins/environment/library_path.sh\n'}
[383.166365] (-) TimerEvent: {}
[383.183383] (eufs_plugins) StdoutLine: {'line': b'-- Symlinking: /bristol_fsai_sim-docker/install/eufs_plugins/share/eufs_plugins/environment/library_path.dsv\n'}
[383.208209] (eufs_plugins) StdoutLine: {'line': b'-- Symlinking: /bristol_fsai_sim-docker/install/eufs_plugins/lib/libgazebo_ground_truth_cones.so\n'}
[383.233045] (eufs_plugins) StdoutLine: {'line': b'-- Symlinking: /bristol_fsai_sim-docker/install/eufs_plugins/lib/libgazebo_camera_cones.so\n'}
[383.250558] (eufs_plugins) StdoutLine: {'line': b'-- Up-to-date symlink: /bristol_fsai_sim-docker/install/eufs_plugins/share/eufs_plugins/environment/library_path.sh\n'}
[383.251029] (eufs_plugins) StdoutLine: {'line': b'-- Up-to-date symlink: /bristol_fsai_sim-docker/install/eufs_plugins/share/eufs_plugins/environment/library_path.dsv\n'}
[383.251789] (eufs_plugins) StdoutLine: {'line': b'-- Symlinking: /bristol_fsai_sim-docker/install/eufs_plugins/lib/libgazebo_race_car_model.so\n'}
[383.266479] (-) TimerEvent: {}
[383.269286] (eufs_plugins) StdoutLine: {'line': b'-- Up-to-date symlink: /bristol_fsai_sim-docker/install/eufs_plugins/share/eufs_plugins/environment/library_path.sh\n'}
[383.269746] (eufs_plugins) StdoutLine: {'line': b'-- Up-to-date symlink: /bristol_fsai_sim-docker/install/eufs_plugins/share/eufs_plugins/environment/library_path.dsv\n'}
[383.270479] (eufs_plugins) StdoutLine: {'line': b'-- Symlinking: /bristol_fsai_sim-docker/install/eufs_plugins/lib/libgazebo_simulate_bounding_boxes.so\n'}
[383.292340] (eufs_plugins) StdoutLine: {'line': b'-- Up-to-date symlink: /bristol_fsai_sim-docker/install/eufs_plugins/share/eufs_plugins/environment/library_path.sh\n'}
[383.292821] (eufs_plugins) StdoutLine: {'line': b'-- Up-to-date symlink: /bristol_fsai_sim-docker/install/eufs_plugins/share/eufs_plugins/environment/library_path.dsv\n'}
[383.294285] (eufs_plugins) StdoutLine: {'line': b'-- Symlinking: /bristol_fsai_sim-docker/install/eufs_plugins/share/ament_index/resource_index/package_run_dependencies/eufs_plugins\n'}
[383.316871] (eufs_plugins) StdoutLine: {'line': b'-- Symlinking: /bristol_fsai_sim-docker/install/eufs_plugins/share/ament_index/resource_index/parent_prefix_path/eufs_plugins\n'}
[383.335630] (eufs_plugins) StdoutLine: {'line': b'-- Symlinking: /bristol_fsai_sim-docker/install/eufs_plugins/share/eufs_plugins/environment/ament_prefix_path.sh\n'}
[383.354032] (eufs_plugins) StdoutLine: {'line': b'-- Symlinking: /bristol_fsai_sim-docker/install/eufs_plugins/share/eufs_plugins/environment/ament_prefix_path.dsv\n'}
[383.366603] (-) TimerEvent: {}
[383.372103] (eufs_plugins) StdoutLine: {'line': b'-- Symlinking: /bristol_fsai_sim-docker/install/eufs_plugins/share/eufs_plugins/environment/path.sh\n'}
[383.394744] (eufs_plugins) StdoutLine: {'line': b'-- Symlinking: /bristol_fsai_sim-docker/install/eufs_plugins/share/eufs_plugins/environment/path.dsv\n'}
[383.417637] (eufs_plugins) StdoutLine: {'line': b'-- Symlinking: /bristol_fsai_sim-docker/install/eufs_plugins/share/eufs_plugins/local_setup.bash\n'}
[383.436646] (eufs_plugins) StdoutLine: {'line': b'-- Symlinking: /bristol_fsai_sim-docker/install/eufs_plugins/share/eufs_plugins/local_setup.sh\n'}
[383.454397] (eufs_plugins) StdoutLine: {'line': b'-- Symlinking: /bristol_fsai_sim-docker/install/eufs_plugins/share/eufs_plugins/local_setup.zsh\n'}
[383.466748] (-) TimerEvent: {}
[383.473122] (eufs_plugins) StdoutLine: {'line': b'-- Symlinking: /bristol_fsai_sim-docker/install/eufs_plugins/share/eufs_plugins/local_setup.dsv\n'}
[383.496470] (eufs_plugins) StdoutLine: {'line': b'-- Symlinking: /bristol_fsai_sim-docker/install/eufs_plugins/share/eufs_plugins/package.dsv\n'}
[383.519279] (eufs_plugins) StdoutLine: {'line': b'-- Symlinking: /bristol_fsai_sim-docker/install/eufs_plugins/share/ament_index/resource_index/packages/eufs_plugins\n'}
[383.538351] (eufs_plugins) StdoutLine: {'line': b'-- Symlinking: /bristol_fsai_sim-docker/install/eufs_plugins/share/eufs_plugins/cmake/ament_cmake_export_libraries-extras.cmake\n'}
[383.555654] (eufs_plugins) StdoutLine: {'line': b'-- Symlinking: /bristol_fsai_sim-docker/install/eufs_plugins/share/eufs_plugins/cmake/ament_cmake_export_include_directories-extras.cmake\n'}
[383.566897] (-) TimerEvent: {}
[383.572918] (eufs_plugins) StdoutLine: {'line': b'-- Symlinking: /bristol_fsai_sim-docker/install/eufs_plugins/share/eufs_plugins/cmake/ament_cmake_export_dependencies-extras.cmake\n'}
[383.595426] (eufs_plugins) StdoutLine: {'line': b'-- Symlinking: /bristol_fsai_sim-docker/install/eufs_plugins/share/eufs_plugins/cmake/eufs_pluginsConfig.cmake\n'}
[383.618094] (eufs_plugins) StdoutLine: {'line': b'-- Symlinking: /bristol_fsai_sim-docker/install/eufs_plugins/share/eufs_plugins/cmake/eufs_pluginsConfig-version.cmake\n'}
[383.636635] (eufs_plugins) StdoutLine: {'line': b'-- Symlinking: /bristol_fsai_sim-docker/install/eufs_plugins/share/eufs_plugins/package.xml\n'}
[383.653989] (eufs_plugins) StdoutLine: {'line': b'-- Installing: /bristol_fsai_sim-docker/install/eufs_plugins/share/eufs_plugins/config\n'}
[383.654318] (eufs_plugins) StdoutLine: {'line': b'-- Installing: /bristol_fsai_sim-docker/install/eufs_plugins/share/eufs_plugins/config/cone_recolor.yaml\n'}
[383.654601] (eufs_plugins) StdoutLine: {'line': b'-- Up-to-date: /bristol_fsai_sim-docker/install/eufs_plugins/share/eufs_plugins/config\n'}
[383.654747] (eufs_plugins) StdoutLine: {'line': b'-- Installing: /bristol_fsai_sim-docker/install/eufs_plugins/share/eufs_plugins/config/boundingBoxes.yaml\n'}
[383.658003] (eufs_plugins) CommandEnded: {'returncode': 0}
[383.667001] (-) TimerEvent: {}
[383.766770] (eufs_plugins) JobEnded: {'identifier': 'eufs_plugins', 'rc': 0}
[383.768310] (-) TimerEvent: {}
[383.768591] (-) EventReactorShutdown: {}
