[0.261s] DEBUG:colcon:Command line arguments: ['/usr/bin/colcon', 'build', '--symlink-install']
[0.261s] DEBUG:colcon:Parsed command line arguments: Namespace(ament_cmake_args=None, base_paths=['.'], build_base='build', catkin_cmake_args=None, catkin_skip_building_tests=False, cmake_args=None, cmake_clean_cache=False, cmake_clean_first=False, cmake_force_configure=False, cmake_target=None, cmake_target_skip_unavailable=False, continue_on_error=False, event_handlers=None, executor='parallel', ignore_user_meta=False, install_base='install', log_base=None, log_level=None, main=<bound method BuildVerb.main of <colcon_core.verb.build.BuildVerb object at 0x79186be47dc0>>, merge_install=False, metas=['./colcon.meta'], mixin=None, mixin_files=None, mixin_verb=('build',), packages_above=None, packages_above_and_dependencies=None, packages_above_depth=None, packages_end=None, packages_ignore=None, packages_ignore_regex=None, packages_select=None, packages_select_build_failed=False, packages_select_by_dep=None, packages_select_regex=None, packages_select_test_failures=False, packages_skip=None, packages_skip_build_finished=False, packages_skip_by_dep=None, packages_skip_regex=None, packages_skip_test_passed=False, packages_skip_up_to=None, packages_start=None, packages_up_to=None, packages_up_to_regex=None, parallel_workers=8, paths=None, symlink_install=True, test_result_base=None, verb_extension=<colcon_core.verb.build.BuildVerb object at 0x79186be47dc0>, verb_name='build', verb_parser=<colcon_mixin.mixin.mixin_argument.MixinArgumentDecorator object at 0x79186be533d0>)
[0.301s] Level 1:colcon.colcon_core.package_discovery:discover_packages(colcon_meta) check parameters
[0.302s] Level 1:colcon.colcon_core.package_discovery:discover_packages(recursive) check parameters
[0.302s] Level 1:colcon.colcon_core.package_discovery:discover_packages(ignore) check parameters
[0.302s] Level 1:colcon.colcon_core.package_discovery:discover_packages(path) check parameters
[0.302s] Level 1:colcon.colcon_core.package_discovery:discover_packages(colcon_meta) discover
[0.302s] Level 1:colcon.colcon_core.package_discovery:discover_packages(recursive) discover
[0.302s] INFO:colcon.colcon_core.package_discovery:Crawling recursively for packages in '/bristol_fsai_sim-docker'
[0.302s] Level 1:colcon.colcon_core.package_identification:_identify(.) by extensions ['ignore', 'ignore_ament_install']
[0.303s] Level 1:colcon.colcon_core.package_identification:_identify(.) by extension 'ignore'
[0.303s] Level 1:colcon.colcon_core.package_identification:_identify(.) by extension 'ignore_ament_install'
[0.303s] Level 1:colcon.colcon_core.package_identification:_identify(.) by extensions ['colcon_pkg']
[0.303s] Level 1:colcon.colcon_core.package_identification:_identify(.) by extension 'colcon_pkg'
[0.303s] Level 1:colcon.colcon_core.package_identification:_identify(.) by extensions ['colcon_meta']
[0.303s] Level 1:colcon.colcon_core.package_identification:_identify(.) by extension 'colcon_meta'
[0.303s] Level 1:colcon.colcon_core.package_identification:_identify(.) by extensions ['ros']
[0.303s] Level 1:colcon.colcon_core.package_identification:_identify(.) by extension 'ros'
[0.321s] Level 1:colcon.colcon_core.package_identification:_identify(.) by extensions ['cmake', 'python']
[0.321s] Level 1:colcon.colcon_core.package_identification:_identify(.) by extension 'cmake'
[0.322s] Level 1:colcon.colcon_core.package_identification:_identify(.) by extension 'python'
[0.322s] Level 1:colcon.colcon_core.package_identification:_identify(.) by extensions ['python_setup_py']
[0.322s] Level 1:colcon.colcon_core.package_identification:_identify(.) by extension 'python_setup_py'
[0.322s] Level 1:colcon.colcon_core.package_identification:_identify(build) by extensions ['ignore', 'ignore_ament_install']
[0.322s] Level 1:colcon.colcon_core.package_identification:_identify(build) by extension 'ignore'
[0.322s] Level 1:colcon.colcon_core.package_identification:_identify(build) ignored
[0.323s] Level 1:colcon.colcon_core.package_identification:_identify(eufs_msgs) by extensions ['ignore', 'ignore_ament_install']
[0.323s] Level 1:colcon.colcon_core.package_identification:_identify(eufs_msgs) by extension 'ignore'
[0.323s] Level 1:colcon.colcon_core.package_identification:_identify(eufs_msgs) by extension 'ignore_ament_install'
[0.323s] Level 1:colcon.colcon_core.package_identification:_identify(eufs_msgs) by extensions ['colcon_pkg']
[0.323s] Level 1:colcon.colcon_core.package_identification:_identify(eufs_msgs) by extension 'colcon_pkg'
[0.323s] Level 1:colcon.colcon_core.package_identification:_identify(eufs_msgs) by extensions ['colcon_meta']
[0.323s] Level 1:colcon.colcon_core.package_identification:_identify(eufs_msgs) by extension 'colcon_meta'
[0.323s] Level 1:colcon.colcon_core.package_identification:_identify(eufs_msgs) by extensions ['ros']
[0.323s] Level 1:colcon.colcon_core.package_identification:_identify(eufs_msgs) by extension 'ros'
[0.328s] DEBUG:colcon.colcon_core.package_identification:Package 'eufs_msgs' with type 'ros.ament_cmake' and name 'eufs_msgs'
[0.328s] Level 1:colcon.colcon_core.package_identification:_identify(eufs_rviz_plugins) by extensions ['ignore', 'ignore_ament_install']
[0.328s] Level 1:colcon.colcon_core.package_identification:_identify(eufs_rviz_plugins) by extension 'ignore'
[0.328s] Level 1:colcon.colcon_core.package_identification:_identify(eufs_rviz_plugins) by extension 'ignore_ament_install'
[0.329s] Level 1:colcon.colcon_core.package_identification:_identify(eufs_rviz_plugins) by extensions ['colcon_pkg']
[0.329s] Level 1:colcon.colcon_core.package_identification:_identify(eufs_rviz_plugins) by extension 'colcon_pkg'
[0.329s] Level 1:colcon.colcon_core.package_identification:_identify(eufs_rviz_plugins) by extensions ['colcon_meta']
[0.329s] Level 1:colcon.colcon_core.package_identification:_identify(eufs_rviz_plugins) by extension 'colcon_meta'
[0.329s] Level 1:colcon.colcon_core.package_identification:_identify(eufs_rviz_plugins) by extensions ['ros']
[0.329s] Level 1:colcon.colcon_core.package_identification:_identify(eufs_rviz_plugins) by extension 'ros'
[0.331s] DEBUG:colcon.colcon_core.package_identification:Package 'eufs_rviz_plugins' with type 'ros.ament_cmake' and name 'eufs_rviz_plugins'
[0.331s] Level 1:colcon.colcon_core.package_identification:_identify(eufs_sim) by extensions ['ignore', 'ignore_ament_install']
[0.332s] Level 1:colcon.colcon_core.package_identification:_identify(eufs_sim) by extension 'ignore'
[0.332s] Level 1:colcon.colcon_core.package_identification:_identify(eufs_sim) by extension 'ignore_ament_install'
[0.332s] Level 1:colcon.colcon_core.package_identification:_identify(eufs_sim) by extensions ['colcon_pkg']
[0.332s] Level 1:colcon.colcon_core.package_identification:_identify(eufs_sim) by extension 'colcon_pkg'
[0.332s] Level 1:colcon.colcon_core.package_identification:_identify(eufs_sim) by extensions ['colcon_meta']
[0.332s] Level 1:colcon.colcon_core.package_identification:_identify(eufs_sim) by extension 'colcon_meta'
[0.332s] Level 1:colcon.colcon_core.package_identification:_identify(eufs_sim) by extensions ['ros']
[0.332s] Level 1:colcon.colcon_core.package_identification:_identify(eufs_sim) by extension 'ros'
[0.332s] Level 1:colcon.colcon_core.package_identification:_identify(eufs_sim) by extensions ['cmake', 'python']
[0.332s] Level 1:colcon.colcon_core.package_identification:_identify(eufs_sim) by extension 'cmake'
[0.332s] Level 1:colcon.colcon_core.package_identification:_identify(eufs_sim) by extension 'python'
[0.332s] Level 1:colcon.colcon_core.package_identification:_identify(eufs_sim) by extensions ['python_setup_py']
[0.333s] Level 1:colcon.colcon_core.package_identification:_identify(eufs_sim) by extension 'python_setup_py'
[0.333s] Level 1:colcon.colcon_core.package_identification:_identify(eufs_sim/control) by extensions ['ignore', 'ignore_ament_install']
[0.333s] Level 1:colcon.colcon_core.package_identification:_identify(eufs_sim/control) by extension 'ignore'
[0.333s] Level 1:colcon.colcon_core.package_identification:_identify(eufs_sim/control) by extension 'ignore_ament_install'
[0.333s] Level 1:colcon.colcon_core.package_identification:_identify(eufs_sim/control) by extensions ['colcon_pkg']
[0.333s] Level 1:colcon.colcon_core.package_identification:_identify(eufs_sim/control) by extension 'colcon_pkg'
[0.333s] Level 1:colcon.colcon_core.package_identification:_identify(eufs_sim/control) by extensions ['colcon_meta']
[0.333s] Level 1:colcon.colcon_core.package_identification:_identify(eufs_sim/control) by extension 'colcon_meta'
[0.333s] Level 1:colcon.colcon_core.package_identification:_identify(eufs_sim/control) by extensions ['ros']
[0.334s] Level 1:colcon.colcon_core.package_identification:_identify(eufs_sim/control) by extension 'ros'
[0.334s] DEBUG:colcon.colcon_core.package_identification:Package 'eufs_sim/control' with type 'ros.ament_python' and name 'control'
[0.335s] Level 1:colcon.colcon_core.package_identification:_identify(eufs_sim/control_cpp) by extensions ['ignore', 'ignore_ament_install']
[0.335s] Level 1:colcon.colcon_core.package_identification:_identify(eufs_sim/control_cpp) by extension 'ignore'
[0.335s] Level 1:colcon.colcon_core.package_identification:_identify(eufs_sim/control_cpp) by extension 'ignore_ament_install'
[0.335s] Level 1:colcon.colcon_core.package_identification:_identify(eufs_sim/control_cpp) by extensions ['colcon_pkg']
[0.335s] Level 1:colcon.colcon_core.package_identification:_identify(eufs_sim/control_cpp) by extension 'colcon_pkg'
[0.335s] Level 1:colcon.colcon_core.package_identification:_identify(eufs_sim/control_cpp) by extensions ['colcon_meta']
[0.335s] Level 1:colcon.colcon_core.package_identification:_identify(eufs_sim/control_cpp) by extension 'colcon_meta'
[0.335s] Level 1:colcon.colcon_core.package_identification:_identify(eufs_sim/control_cpp) by extensions ['ros']
[0.335s] Level 1:colcon.colcon_core.package_identification:_identify(eufs_sim/control_cpp) by extension 'ros'
[0.337s] DEBUG:colcon.colcon_core.package_identification:Package 'eufs_sim/control_cpp' with type 'ros.ament_cmake' and name 'control_cpp'
[0.337s] Level 1:colcon.colcon_core.package_identification:_identify(eufs_sim/eufs_launcher) by extensions ['ignore', 'ignore_ament_install']
[0.337s] Level 1:colcon.colcon_core.package_identification:_identify(eufs_sim/eufs_launcher) by extension 'ignore'
[0.337s] Level 1:colcon.colcon_core.package_identification:_identify(eufs_sim/eufs_launcher) by extension 'ignore_ament_install'
[0.337s] Level 1:colcon.colcon_core.package_identification:_identify(eufs_sim/eufs_launcher) by extensions ['colcon_pkg']
[0.337s] Level 1:colcon.colcon_core.package_identification:_identify(eufs_sim/eufs_launcher) by extension 'colcon_pkg'
[0.337s] Level 1:colcon.colcon_core.package_identification:_identify(eufs_sim/eufs_launcher) by extensions ['colcon_meta']
[0.337s] Level 1:colcon.colcon_core.package_identification:_identify(eufs_sim/eufs_launcher) by extension 'colcon_meta'
[0.338s] Level 1:colcon.colcon_core.package_identification:_identify(eufs_sim/eufs_launcher) by extensions ['ros']
[0.338s] Level 1:colcon.colcon_core.package_identification:_identify(eufs_sim/eufs_launcher) by extension 'ros'
[0.342s] DEBUG:colcon.colcon_core.package_identification:Package 'eufs_sim/eufs_launcher' with type 'ros.ament_python' and name 'eufs_launcher'
[0.342s] Level 1:colcon.colcon_core.package_identification:_identify(eufs_sim/eufs_models) by extensions ['ignore', 'ignore_ament_install']
[0.342s] Level 1:colcon.colcon_core.package_identification:_identify(eufs_sim/eufs_models) by extension 'ignore'
[0.342s] Level 1:colcon.colcon_core.package_identification:_identify(eufs_sim/eufs_models) by extension 'ignore_ament_install'
[0.342s] Level 1:colcon.colcon_core.package_identification:_identify(eufs_sim/eufs_models) by extensions ['colcon_pkg']
[0.342s] Level 1:colcon.colcon_core.package_identification:_identify(eufs_sim/eufs_models) by extension 'colcon_pkg'
[0.343s] Level 1:colcon.colcon_core.package_identification:_identify(eufs_sim/eufs_models) by extensions ['colcon_meta']
[0.343s] Level 1:colcon.colcon_core.package_identification:_identify(eufs_sim/eufs_models) by extension 'colcon_meta'
[0.343s] Level 1:colcon.colcon_core.package_identification:_identify(eufs_sim/eufs_models) by extensions ['ros']
[0.343s] Level 1:colcon.colcon_core.package_identification:_identify(eufs_sim/eufs_models) by extension 'ros'
[0.344s] DEBUG:colcon.colcon_core.package_identification:Package 'eufs_sim/eufs_models' with type 'ros.ament_cmake' and name 'eufs_models'
[0.344s] Level 1:colcon.colcon_core.package_identification:_identify(eufs_sim/eufs_plugins) by extensions ['ignore', 'ignore_ament_install']
[0.344s] Level 1:colcon.colcon_core.package_identification:_identify(eufs_sim/eufs_plugins) by extension 'ignore'
[0.345s] Level 1:colcon.colcon_core.package_identification:_identify(eufs_sim/eufs_plugins) by extension 'ignore_ament_install'
[0.345s] Level 1:colcon.colcon_core.package_identification:_identify(eufs_sim/eufs_plugins) by extensions ['colcon_pkg']
[0.345s] Level 1:colcon.colcon_core.package_identification:_identify(eufs_sim/eufs_plugins) by extension 'colcon_pkg'
[0.345s] Level 1:colcon.colcon_core.package_identification:_identify(eufs_sim/eufs_plugins) by extensions ['colcon_meta']
[0.345s] Level 1:colcon.colcon_core.package_identification:_identify(eufs_sim/eufs_plugins) by extension 'colcon_meta'
[0.345s] Level 1:colcon.colcon_core.package_identification:_identify(eufs_sim/eufs_plugins) by extensions ['ros']
[0.345s] Level 1:colcon.colcon_core.package_identification:_identify(eufs_sim/eufs_plugins) by extension 'ros'
[0.362s] DEBUG:colcon.colcon_core.package_identification:Package 'eufs_sim/eufs_plugins' with type 'ros.ament_cmake' and name 'eufs_plugins'
[0.363s] Level 1:colcon.colcon_core.package_identification:_identify(eufs_sim/eufs_racecar) by extensions ['ignore', 'ignore_ament_install']
[0.363s] Level 1:colcon.colcon_core.package_identification:_identify(eufs_sim/eufs_racecar) by extension 'ignore'
[0.363s] Level 1:colcon.colcon_core.package_identification:_identify(eufs_sim/eufs_racecar) by extension 'ignore_ament_install'
[0.363s] Level 1:colcon.colcon_core.package_identification:_identify(eufs_sim/eufs_racecar) by extensions ['colcon_pkg']
[0.363s] Level 1:colcon.colcon_core.package_identification:_identify(eufs_sim/eufs_racecar) by extension 'colcon_pkg'
[0.363s] Level 1:colcon.colcon_core.package_identification:_identify(eufs_sim/eufs_racecar) by extensions ['colcon_meta']
[0.364s] Level 1:colcon.colcon_core.package_identification:_identify(eufs_sim/eufs_racecar) by extension 'colcon_meta'
[0.364s] Level 1:colcon.colcon_core.package_identification:_identify(eufs_sim/eufs_racecar) by extensions ['ros']
[0.364s] Level 1:colcon.colcon_core.package_identification:_identify(eufs_sim/eufs_racecar) by extension 'ros'
[0.366s] DEBUG:colcon.colcon_core.package_identification:Package 'eufs_sim/eufs_racecar' with type 'ros.ament_python' and name 'eufs_racecar'
[0.366s] Level 1:colcon.colcon_core.package_identification:_identify(eufs_sim/eufs_rqt) by extensions ['ignore', 'ignore_ament_install']
[0.367s] Level 1:colcon.colcon_core.package_identification:_identify(eufs_sim/eufs_rqt) by extension 'ignore'
[0.367s] Level 1:colcon.colcon_core.package_identification:_identify(eufs_sim/eufs_rqt) by extension 'ignore_ament_install'
[0.367s] Level 1:colcon.colcon_core.package_identification:_identify(eufs_sim/eufs_rqt) by extensions ['colcon_pkg']
[0.367s] Level 1:colcon.colcon_core.package_identification:_identify(eufs_sim/eufs_rqt) by extension 'colcon_pkg'
[0.367s] Level 1:colcon.colcon_core.package_identification:_identify(eufs_sim/eufs_rqt) by extensions ['colcon_meta']
[0.367s] Level 1:colcon.colcon_core.package_identification:_identify(eufs_sim/eufs_rqt) by extension 'colcon_meta'
[0.367s] Level 1:colcon.colcon_core.package_identification:_identify(eufs_sim/eufs_rqt) by extensions ['ros']
[0.367s] Level 1:colcon.colcon_core.package_identification:_identify(eufs_sim/eufs_rqt) by extension 'ros'
[0.369s] DEBUG:colcon.colcon_core.package_identification:Package 'eufs_sim/eufs_rqt' with type 'ros.ament_python' and name 'eufs_rqt'
[0.369s] Level 1:colcon.colcon_core.package_identification:_identify(eufs_sim/eufs_sensors) by extensions ['ignore', 'ignore_ament_install']
[0.370s] Level 1:colcon.colcon_core.package_identification:_identify(eufs_sim/eufs_sensors) by extension 'ignore'
[0.370s] Level 1:colcon.colcon_core.package_identification:_identify(eufs_sim/eufs_sensors) by extension 'ignore_ament_install'
[0.370s] Level 1:colcon.colcon_core.package_identification:_identify(eufs_sim/eufs_sensors) by extensions ['colcon_pkg']
[0.370s] Level 1:colcon.colcon_core.package_identification:_identify(eufs_sim/eufs_sensors) by extension 'colcon_pkg'
[0.370s] Level 1:colcon.colcon_core.package_identification:_identify(eufs_sim/eufs_sensors) by extensions ['colcon_meta']
[0.370s] Level 1:colcon.colcon_core.package_identification:_identify(eufs_sim/eufs_sensors) by extension 'colcon_meta'
[0.370s] Level 1:colcon.colcon_core.package_identification:_identify(eufs_sim/eufs_sensors) by extensions ['ros']
[0.370s] Level 1:colcon.colcon_core.package_identification:_identify(eufs_sim/eufs_sensors) by extension 'ros'
[0.371s] DEBUG:colcon.colcon_core.package_identification:Package 'eufs_sim/eufs_sensors' with type 'ros.ament_cmake' and name 'eufs_sensors'
[0.372s] Level 1:colcon.colcon_core.package_identification:_identify(eufs_sim/eufs_tracks) by extensions ['ignore', 'ignore_ament_install']
[0.372s] Level 1:colcon.colcon_core.package_identification:_identify(eufs_sim/eufs_tracks) by extension 'ignore'
[0.372s] Level 1:colcon.colcon_core.package_identification:_identify(eufs_sim/eufs_tracks) by extension 'ignore_ament_install'
[0.372s] Level 1:colcon.colcon_core.package_identification:_identify(eufs_sim/eufs_tracks) by extensions ['colcon_pkg']
[0.372s] Level 1:colcon.colcon_core.package_identification:_identify(eufs_sim/eufs_tracks) by extension 'colcon_pkg'
[0.372s] Level 1:colcon.colcon_core.package_identification:_identify(eufs_sim/eufs_tracks) by extensions ['colcon_meta']
[0.372s] Level 1:colcon.colcon_core.package_identification:_identify(eufs_sim/eufs_tracks) by extension 'colcon_meta'
[0.372s] Level 1:colcon.colcon_core.package_identification:_identify(eufs_sim/eufs_tracks) by extensions ['ros']
[0.372s] Level 1:colcon.colcon_core.package_identification:_identify(eufs_sim/eufs_tracks) by extension 'ros'
[0.374s] DEBUG:colcon.colcon_core.package_identification:Package 'eufs_sim/eufs_tracks' with type 'ros.ament_python' and name 'eufs_tracks'
[0.375s] Level 1:colcon.colcon_core.package_identification:_identify(eufs_sim/perception) by extensions ['ignore', 'ignore_ament_install']
[0.375s] Level 1:colcon.colcon_core.package_identification:_identify(eufs_sim/perception) by extension 'ignore'
[0.375s] Level 1:colcon.colcon_core.package_identification:_identify(eufs_sim/perception) by extension 'ignore_ament_install'
[0.375s] Level 1:colcon.colcon_core.package_identification:_identify(eufs_sim/perception) by extensions ['colcon_pkg']
[0.375s] Level 1:colcon.colcon_core.package_identification:_identify(eufs_sim/perception) by extension 'colcon_pkg'
[0.375s] Level 1:colcon.colcon_core.package_identification:_identify(eufs_sim/perception) by extensions ['colcon_meta']
[0.375s] Level 1:colcon.colcon_core.package_identification:_identify(eufs_sim/perception) by extension 'colcon_meta'
[0.375s] Level 1:colcon.colcon_core.package_identification:_identify(eufs_sim/perception) by extensions ['ros']
[0.375s] Level 1:colcon.colcon_core.package_identification:_identify(eufs_sim/perception) by extension 'ros'
[0.376s] DEBUG:colcon.colcon_core.package_identification:Package 'eufs_sim/perception' with type 'ros.ament_python' and name 'perception'
[0.376s] Level 1:colcon.colcon_core.package_identification:_identify(install) by extensions ['ignore', 'ignore_ament_install']
[0.377s] Level 1:colcon.colcon_core.package_identification:_identify(install) by extension 'ignore'
[0.377s] Level 1:colcon.colcon_core.package_identification:_identify(install) ignored
[0.377s] Level 1:colcon.colcon_core.package_identification:_identify(log) by extensions ['ignore', 'ignore_ament_install']
[0.377s] Level 1:colcon.colcon_core.package_identification:_identify(log) by extension 'ignore'
[0.377s] Level 1:colcon.colcon_core.package_identification:_identify(log) ignored
[0.377s] Level 1:colcon.colcon_core.package_identification:_identify(ros_can) by extensions ['ignore', 'ignore_ament_install']
[0.378s] Level 1:colcon.colcon_core.package_identification:_identify(ros_can) by extension 'ignore'
[0.378s] Level 1:colcon.colcon_core.package_identification:_identify(ros_can) by extension 'ignore_ament_install'
[0.378s] Level 1:colcon.colcon_core.package_identification:_identify(ros_can) by extensions ['colcon_pkg']
[0.378s] Level 1:colcon.colcon_core.package_identification:_identify(ros_can) by extension 'colcon_pkg'
[0.378s] Level 1:colcon.colcon_core.package_identification:_identify(ros_can) by extensions ['colcon_meta']
[0.378s] Level 1:colcon.colcon_core.package_identification:_identify(ros_can) by extension 'colcon_meta'
[0.378s] Level 1:colcon.colcon_core.package_identification:_identify(ros_can) by extensions ['ros']
[0.378s] Level 1:colcon.colcon_core.package_identification:_identify(ros_can) by extension 'ros'
[0.380s] DEBUG:colcon.colcon_core.package_identification:Package 'ros_can' with type 'ros.ament_cmake' and name 'ros_can'
[0.380s] Level 1:colcon.colcon_core.package_discovery:discover_packages(recursive) using defaults
[0.381s] Level 1:colcon.colcon_core.package_discovery:discover_packages(ignore) discover
[0.381s] Level 1:colcon.colcon_core.package_discovery:discover_packages(ignore) using defaults
[0.381s] Level 1:colcon.colcon_core.package_discovery:discover_packages(path) discover
[0.381s] Level 1:colcon.colcon_core.package_discovery:discover_packages(path) using defaults
[0.420s] Level 5:colcon.colcon_core.verb:set package 'control' build argument 'cmake_args' from command line to 'None'
[0.420s] Level 5:colcon.colcon_core.verb:set package 'control' build argument 'cmake_target' from command line to 'None'
[0.420s] Level 5:colcon.colcon_core.verb:set package 'control' build argument 'cmake_target_skip_unavailable' from command line to 'False'
[0.420s] Level 5:colcon.colcon_core.verb:set package 'control' build argument 'cmake_clean_cache' from command line to 'False'
[0.420s] Level 5:colcon.colcon_core.verb:set package 'control' build argument 'cmake_clean_first' from command line to 'False'
[0.420s] Level 5:colcon.colcon_core.verb:set package 'control' build argument 'cmake_force_configure' from command line to 'False'
[0.420s] Level 5:colcon.colcon_core.verb:set package 'control' build argument 'ament_cmake_args' from command line to 'None'
[0.421s] Level 5:colcon.colcon_core.verb:set package 'control' build argument 'catkin_cmake_args' from command line to 'None'
[0.421s] Level 5:colcon.colcon_core.verb:set package 'control' build argument 'catkin_skip_building_tests' from command line to 'False'
[0.421s] DEBUG:colcon.colcon_core.verb:Building package 'control' with the following arguments: {'ament_cmake_args': None, 'build_base': '/bristol_fsai_sim-docker/build/control', 'catkin_cmake_args': None, 'catkin_skip_building_tests': False, 'cmake_args': None, 'cmake_clean_cache': False, 'cmake_clean_first': False, 'cmake_force_configure': False, 'cmake_target': None, 'cmake_target_skip_unavailable': False, 'install_base': '/bristol_fsai_sim-docker/install/control', 'merge_install': False, 'path': '/bristol_fsai_sim-docker/eufs_sim/control', 'symlink_install': True, 'test_result_base': None}
[0.422s] Level 5:colcon.colcon_core.verb:set package 'eufs_msgs' build argument 'cmake_args' from command line to 'None'
[0.422s] Level 5:colcon.colcon_core.verb:set package 'eufs_msgs' build argument 'cmake_target' from command line to 'None'
[0.422s] Level 5:colcon.colcon_core.verb:set package 'eufs_msgs' build argument 'cmake_target_skip_unavailable' from command line to 'False'
[0.422s] Level 5:colcon.colcon_core.verb:set package 'eufs_msgs' build argument 'cmake_clean_cache' from command line to 'False'
[0.422s] Level 5:colcon.colcon_core.verb:set package 'eufs_msgs' build argument 'cmake_clean_first' from command line to 'False'
[0.422s] Level 5:colcon.colcon_core.verb:set package 'eufs_msgs' build argument 'cmake_force_configure' from command line to 'False'
[0.423s] Level 5:colcon.colcon_core.verb:set package 'eufs_msgs' build argument 'ament_cmake_args' from command line to 'None'
[0.423s] Level 5:colcon.colcon_core.verb:set package 'eufs_msgs' build argument 'catkin_cmake_args' from command line to 'None'
[0.423s] Level 5:colcon.colcon_core.verb:set package 'eufs_msgs' build argument 'catkin_skip_building_tests' from command line to 'False'
[0.423s] DEBUG:colcon.colcon_core.verb:Building package 'eufs_msgs' with the following arguments: {'ament_cmake_args': None, 'build_base': '/bristol_fsai_sim-docker/build/eufs_msgs', 'catkin_cmake_args': None, 'catkin_skip_building_tests': False, 'cmake_args': None, 'cmake_clean_cache': False, 'cmake_clean_first': False, 'cmake_force_configure': False, 'cmake_target': None, 'cmake_target_skip_unavailable': False, 'install_base': '/bristol_fsai_sim-docker/install/eufs_msgs', 'merge_install': False, 'path': '/bristol_fsai_sim-docker/eufs_msgs', 'symlink_install': True, 'test_result_base': None}
[0.424s] Level 5:colcon.colcon_core.verb:set package 'eufs_racecar' build argument 'cmake_args' from command line to 'None'
[0.424s] Level 5:colcon.colcon_core.verb:set package 'eufs_racecar' build argument 'cmake_target' from command line to 'None'
[0.424s] Level 5:colcon.colcon_core.verb:set package 'eufs_racecar' build argument 'cmake_target_skip_unavailable' from command line to 'False'
[0.424s] Level 5:colcon.colcon_core.verb:set package 'eufs_racecar' build argument 'cmake_clean_cache' from command line to 'False'
[0.424s] Level 5:colcon.colcon_core.verb:set package 'eufs_racecar' build argument 'cmake_clean_first' from command line to 'False'
[0.425s] Level 5:colcon.colcon_core.verb:set package 'eufs_racecar' build argument 'cmake_force_configure' from command line to 'False'
[0.425s] Level 5:colcon.colcon_core.verb:set package 'eufs_racecar' build argument 'ament_cmake_args' from command line to 'None'
[0.425s] Level 5:colcon.colcon_core.verb:set package 'eufs_racecar' build argument 'catkin_cmake_args' from command line to 'None'
[0.425s] Level 5:colcon.colcon_core.verb:set package 'eufs_racecar' build argument 'catkin_skip_building_tests' from command line to 'False'
[0.425s] DEBUG:colcon.colcon_core.verb:Building package 'eufs_racecar' with the following arguments: {'ament_cmake_args': None, 'build_base': '/bristol_fsai_sim-docker/build/eufs_racecar', 'catkin_cmake_args': None, 'catkin_skip_building_tests': False, 'cmake_args': None, 'cmake_clean_cache': False, 'cmake_clean_first': False, 'cmake_force_configure': False, 'cmake_target': None, 'cmake_target_skip_unavailable': False, 'install_base': '/bristol_fsai_sim-docker/install/eufs_racecar', 'merge_install': False, 'path': '/bristol_fsai_sim-docker/eufs_sim/eufs_racecar', 'symlink_install': True, 'test_result_base': None}
[0.426s] Level 5:colcon.colcon_core.verb:set package 'eufs_sensors' build argument 'cmake_args' from command line to 'None'
[0.426s] Level 5:colcon.colcon_core.verb:set package 'eufs_sensors' build argument 'cmake_target' from command line to 'None'
[0.426s] Level 5:colcon.colcon_core.verb:set package 'eufs_sensors' build argument 'cmake_target_skip_unavailable' from command line to 'False'
[0.426s] Level 5:colcon.colcon_core.verb:set package 'eufs_sensors' build argument 'cmake_clean_cache' from command line to 'False'
[0.426s] Level 5:colcon.colcon_core.verb:set package 'eufs_sensors' build argument 'cmake_clean_first' from command line to 'False'
[0.426s] Level 5:colcon.colcon_core.verb:set package 'eufs_sensors' build argument 'cmake_force_configure' from command line to 'False'
[0.426s] Level 5:colcon.colcon_core.verb:set package 'eufs_sensors' build argument 'ament_cmake_args' from command line to 'None'
[0.426s] Level 5:colcon.colcon_core.verb:set package 'eufs_sensors' build argument 'catkin_cmake_args' from command line to 'None'
[0.426s] Level 5:colcon.colcon_core.verb:set package 'eufs_sensors' build argument 'catkin_skip_building_tests' from command line to 'False'
[0.427s] DEBUG:colcon.colcon_core.verb:Building package 'eufs_sensors' with the following arguments: {'ament_cmake_args': None, 'build_base': '/bristol_fsai_sim-docker/build/eufs_sensors', 'catkin_cmake_args': None, 'catkin_skip_building_tests': False, 'cmake_args': None, 'cmake_clean_cache': False, 'cmake_clean_first': False, 'cmake_force_configure': False, 'cmake_target': None, 'cmake_target_skip_unavailable': False, 'install_base': '/bristol_fsai_sim-docker/install/eufs_sensors', 'merge_install': False, 'path': '/bristol_fsai_sim-docker/eufs_sim/eufs_sensors', 'symlink_install': True, 'test_result_base': None}
[0.428s] Level 5:colcon.colcon_core.verb:set package 'eufs_tracks' build argument 'cmake_args' from command line to 'None'
[0.428s] Level 5:colcon.colcon_core.verb:set package 'eufs_tracks' build argument 'cmake_target' from command line to 'None'
[0.428s] Level 5:colcon.colcon_core.verb:set package 'eufs_tracks' build argument 'cmake_target_skip_unavailable' from command line to 'False'
[0.428s] Level 5:colcon.colcon_core.verb:set package 'eufs_tracks' build argument 'cmake_clean_cache' from command line to 'False'
[0.428s] Level 5:colcon.colcon_core.verb:set package 'eufs_tracks' build argument 'cmake_clean_first' from command line to 'False'
[0.428s] Level 5:colcon.colcon_core.verb:set package 'eufs_tracks' build argument 'cmake_force_configure' from command line to 'False'
[0.428s] Level 5:colcon.colcon_core.verb:set package 'eufs_tracks' build argument 'ament_cmake_args' from command line to 'None'
[0.428s] Level 5:colcon.colcon_core.verb:set package 'eufs_tracks' build argument 'catkin_cmake_args' from command line to 'None'
[0.429s] Level 5:colcon.colcon_core.verb:set package 'eufs_tracks' build argument 'catkin_skip_building_tests' from command line to 'False'
[0.429s] DEBUG:colcon.colcon_core.verb:Building package 'eufs_tracks' with the following arguments: {'ament_cmake_args': None, 'build_base': '/bristol_fsai_sim-docker/build/eufs_tracks', 'catkin_cmake_args': None, 'catkin_skip_building_tests': False, 'cmake_args': None, 'cmake_clean_cache': False, 'cmake_clean_first': False, 'cmake_force_configure': False, 'cmake_target': None, 'cmake_target_skip_unavailable': False, 'install_base': '/bristol_fsai_sim-docker/install/eufs_tracks', 'merge_install': False, 'path': '/bristol_fsai_sim-docker/eufs_sim/eufs_tracks', 'symlink_install': True, 'test_result_base': None}
[0.430s] Level 5:colcon.colcon_core.verb:set package 'perception' build argument 'cmake_args' from command line to 'None'
[0.430s] Level 5:colcon.colcon_core.verb:set package 'perception' build argument 'cmake_target' from command line to 'None'
[0.430s] Level 5:colcon.colcon_core.verb:set package 'perception' build argument 'cmake_target_skip_unavailable' from command line to 'False'
[0.430s] Level 5:colcon.colcon_core.verb:set package 'perception' build argument 'cmake_clean_cache' from command line to 'False'
[0.430s] Level 5:colcon.colcon_core.verb:set package 'perception' build argument 'cmake_clean_first' from command line to 'False'
[0.430s] Level 5:colcon.colcon_core.verb:set package 'perception' build argument 'cmake_force_configure' from command line to 'False'
[0.430s] Level 5:colcon.colcon_core.verb:set package 'perception' build argument 'ament_cmake_args' from command line to 'None'
[0.430s] Level 5:colcon.colcon_core.verb:set package 'perception' build argument 'catkin_cmake_args' from command line to 'None'
[0.430s] Level 5:colcon.colcon_core.verb:set package 'perception' build argument 'catkin_skip_building_tests' from command line to 'False'
[0.430s] DEBUG:colcon.colcon_core.verb:Building package 'perception' with the following arguments: {'ament_cmake_args': None, 'build_base': '/bristol_fsai_sim-docker/build/perception', 'catkin_cmake_args': None, 'catkin_skip_building_tests': False, 'cmake_args': None, 'cmake_clean_cache': False, 'cmake_clean_first': False, 'cmake_force_configure': False, 'cmake_target': None, 'cmake_target_skip_unavailable': False, 'install_base': '/bristol_fsai_sim-docker/install/perception', 'merge_install': False, 'path': '/bristol_fsai_sim-docker/eufs_sim/perception', 'symlink_install': True, 'test_result_base': None}
[0.432s] Level 5:colcon.colcon_core.verb:set package 'control_cpp' build argument 'cmake_args' from command line to 'None'
[0.432s] Level 5:colcon.colcon_core.verb:set package 'control_cpp' build argument 'cmake_target' from command line to 'None'
[0.432s] Level 5:colcon.colcon_core.verb:set package 'control_cpp' build argument 'cmake_target_skip_unavailable' from command line to 'False'
[0.432s] Level 5:colcon.colcon_core.verb:set package 'control_cpp' build argument 'cmake_clean_cache' from command line to 'False'
[0.432s] Level 5:colcon.colcon_core.verb:set package 'control_cpp' build argument 'cmake_clean_first' from command line to 'False'
[0.432s] Level 5:colcon.colcon_core.verb:set package 'control_cpp' build argument 'cmake_force_configure' from command line to 'False'
[0.432s] Level 5:colcon.colcon_core.verb:set package 'control_cpp' build argument 'ament_cmake_args' from command line to 'None'
[0.432s] Level 5:colcon.colcon_core.verb:set package 'control_cpp' build argument 'catkin_cmake_args' from command line to 'None'
[0.432s] Level 5:colcon.colcon_core.verb:set package 'control_cpp' build argument 'catkin_skip_building_tests' from command line to 'False'
[0.432s] DEBUG:colcon.colcon_core.verb:Building package 'control_cpp' with the following arguments: {'ament_cmake_args': None, 'build_base': '/bristol_fsai_sim-docker/build/control_cpp', 'catkin_cmake_args': None, 'catkin_skip_building_tests': False, 'cmake_args': None, 'cmake_clean_cache': False, 'cmake_clean_first': False, 'cmake_force_configure': False, 'cmake_target': None, 'cmake_target_skip_unavailable': False, 'install_base': '/bristol_fsai_sim-docker/install/control_cpp', 'merge_install': False, 'path': '/bristol_fsai_sim-docker/eufs_sim/control_cpp', 'symlink_install': True, 'test_result_base': None}
[0.434s] Level 5:colcon.colcon_core.verb:set package 'eufs_launcher' build argument 'cmake_args' from command line to 'None'
[0.434s] Level 5:colcon.colcon_core.verb:set package 'eufs_launcher' build argument 'cmake_target' from command line to 'None'
[0.434s] Level 5:colcon.colcon_core.verb:set package 'eufs_launcher' build argument 'cmake_target_skip_unavailable' from command line to 'False'
[0.434s] Level 5:colcon.colcon_core.verb:set package 'eufs_launcher' build argument 'cmake_clean_cache' from command line to 'False'
[0.434s] Level 5:colcon.colcon_core.verb:set package 'eufs_launcher' build argument 'cmake_clean_first' from command line to 'False'
[0.434s] Level 5:colcon.colcon_core.verb:set package 'eufs_launcher' build argument 'cmake_force_configure' from command line to 'False'
[0.434s] Level 5:colcon.colcon_core.verb:set package 'eufs_launcher' build argument 'ament_cmake_args' from command line to 'None'
[0.434s] Level 5:colcon.colcon_core.verb:set package 'eufs_launcher' build argument 'catkin_cmake_args' from command line to 'None'
[0.434s] Level 5:colcon.colcon_core.verb:set package 'eufs_launcher' build argument 'catkin_skip_building_tests' from command line to 'False'
[0.434s] DEBUG:colcon.colcon_core.verb:Building package 'eufs_launcher' with the following arguments: {'ament_cmake_args': None, 'build_base': '/bristol_fsai_sim-docker/build/eufs_launcher', 'catkin_cmake_args': None, 'catkin_skip_building_tests': False, 'cmake_args': None, 'cmake_clean_cache': False, 'cmake_clean_first': False, 'cmake_force_configure': False, 'cmake_target': None, 'cmake_target_skip_unavailable': False, 'install_base': '/bristol_fsai_sim-docker/install/eufs_launcher', 'merge_install': False, 'path': '/bristol_fsai_sim-docker/eufs_sim/eufs_launcher', 'symlink_install': True, 'test_result_base': None}
[0.435s] Level 5:colcon.colcon_core.verb:set package 'eufs_models' build argument 'cmake_args' from command line to 'None'
[0.436s] Level 5:colcon.colcon_core.verb:set package 'eufs_models' build argument 'cmake_target' from command line to 'None'
[0.436s] Level 5:colcon.colcon_core.verb:set package 'eufs_models' build argument 'cmake_target_skip_unavailable' from command line to 'False'
[0.436s] Level 5:colcon.colcon_core.verb:set package 'eufs_models' build argument 'cmake_clean_cache' from command line to 'False'
[0.436s] Level 5:colcon.colcon_core.verb:set package 'eufs_models' build argument 'cmake_clean_first' from command line to 'False'
[0.436s] Level 5:colcon.colcon_core.verb:set package 'eufs_models' build argument 'cmake_force_configure' from command line to 'False'
[0.436s] Level 5:colcon.colcon_core.verb:set package 'eufs_models' build argument 'ament_cmake_args' from command line to 'None'
[0.436s] Level 5:colcon.colcon_core.verb:set package 'eufs_models' build argument 'catkin_cmake_args' from command line to 'None'
[0.436s] Level 5:colcon.colcon_core.verb:set package 'eufs_models' build argument 'catkin_skip_building_tests' from command line to 'False'
[0.436s] DEBUG:colcon.colcon_core.verb:Building package 'eufs_models' with the following arguments: {'ament_cmake_args': None, 'build_base': '/bristol_fsai_sim-docker/build/eufs_models', 'catkin_cmake_args': None, 'catkin_skip_building_tests': False, 'cmake_args': None, 'cmake_clean_cache': False, 'cmake_clean_first': False, 'cmake_force_configure': False, 'cmake_target': None, 'cmake_target_skip_unavailable': False, 'install_base': '/bristol_fsai_sim-docker/install/eufs_models', 'merge_install': False, 'path': '/bristol_fsai_sim-docker/eufs_sim/eufs_models', 'symlink_install': True, 'test_result_base': None}
[0.437s] Level 5:colcon.colcon_core.verb:set package 'eufs_rqt' build argument 'cmake_args' from command line to 'None'
[0.437s] Level 5:colcon.colcon_core.verb:set package 'eufs_rqt' build argument 'cmake_target' from command line to 'None'
[0.437s] Level 5:colcon.colcon_core.verb:set package 'eufs_rqt' build argument 'cmake_target_skip_unavailable' from command line to 'False'
[0.437s] Level 5:colcon.colcon_core.verb:set package 'eufs_rqt' build argument 'cmake_clean_cache' from command line to 'False'
[0.437s] Level 5:colcon.colcon_core.verb:set package 'eufs_rqt' build argument 'cmake_clean_first' from command line to 'False'
[0.438s] Level 5:colcon.colcon_core.verb:set package 'eufs_rqt' build argument 'cmake_force_configure' from command line to 'False'
[0.438s] Level 5:colcon.colcon_core.verb:set package 'eufs_rqt' build argument 'ament_cmake_args' from command line to 'None'
[0.438s] Level 5:colcon.colcon_core.verb:set package 'eufs_rqt' build argument 'catkin_cmake_args' from command line to 'None'
[0.438s] Level 5:colcon.colcon_core.verb:set package 'eufs_rqt' build argument 'catkin_skip_building_tests' from command line to 'False'
[0.438s] DEBUG:colcon.colcon_core.verb:Building package 'eufs_rqt' with the following arguments: {'ament_cmake_args': None, 'build_base': '/bristol_fsai_sim-docker/build/eufs_rqt', 'catkin_cmake_args': None, 'catkin_skip_building_tests': False, 'cmake_args': None, 'cmake_clean_cache': False, 'cmake_clean_first': False, 'cmake_force_configure': False, 'cmake_target': None, 'cmake_target_skip_unavailable': False, 'install_base': '/bristol_fsai_sim-docker/install/eufs_rqt', 'merge_install': False, 'path': '/bristol_fsai_sim-docker/eufs_sim/eufs_rqt', 'symlink_install': True, 'test_result_base': None}
[0.439s] Level 5:colcon.colcon_core.verb:set package 'eufs_rviz_plugins' build argument 'cmake_args' from command line to 'None'
[0.439s] Level 5:colcon.colcon_core.verb:set package 'eufs_rviz_plugins' build argument 'cmake_target' from command line to 'None'
[0.439s] Level 5:colcon.colcon_core.verb:set package 'eufs_rviz_plugins' build argument 'cmake_target_skip_unavailable' from command line to 'False'
[0.439s] Level 5:colcon.colcon_core.verb:set package 'eufs_rviz_plugins' build argument 'cmake_clean_cache' from command line to 'False'
[0.439s] Level 5:colcon.colcon_core.verb:set package 'eufs_rviz_plugins' build argument 'cmake_clean_first' from command line to 'False'
[0.439s] Level 5:colcon.colcon_core.verb:set package 'eufs_rviz_plugins' build argument 'cmake_force_configure' from command line to 'False'
[0.439s] Level 5:colcon.colcon_core.verb:set package 'eufs_rviz_plugins' build argument 'ament_cmake_args' from command line to 'None'
[0.439s] Level 5:colcon.colcon_core.verb:set package 'eufs_rviz_plugins' build argument 'catkin_cmake_args' from command line to 'None'
[0.440s] Level 5:colcon.colcon_core.verb:set package 'eufs_rviz_plugins' build argument 'catkin_skip_building_tests' from command line to 'False'
[0.440s] DEBUG:colcon.colcon_core.verb:Building package 'eufs_rviz_plugins' with the following arguments: {'ament_cmake_args': None, 'build_base': '/bristol_fsai_sim-docker/build/eufs_rviz_plugins', 'catkin_cmake_args': None, 'catkin_skip_building_tests': False, 'cmake_args': None, 'cmake_clean_cache': False, 'cmake_clean_first': False, 'cmake_force_configure': False, 'cmake_target': None, 'cmake_target_skip_unavailable': False, 'install_base': '/bristol_fsai_sim-docker/install/eufs_rviz_plugins', 'merge_install': False, 'path': '/bristol_fsai_sim-docker/eufs_rviz_plugins', 'symlink_install': True, 'test_result_base': None}
[0.441s] Level 5:colcon.colcon_core.verb:set package 'ros_can' build argument 'cmake_args' from command line to 'None'
[0.441s] Level 5:colcon.colcon_core.verb:set package 'ros_can' build argument 'cmake_target' from command line to 'None'
[0.441s] Level 5:colcon.colcon_core.verb:set package 'ros_can' build argument 'cmake_target_skip_unavailable' from command line to 'False'
[0.441s] Level 5:colcon.colcon_core.verb:set package 'ros_can' build argument 'cmake_clean_cache' from command line to 'False'
[0.441s] Level 5:colcon.colcon_core.verb:set package 'ros_can' build argument 'cmake_clean_first' from command line to 'False'
[0.441s] Level 5:colcon.colcon_core.verb:set package 'ros_can' build argument 'cmake_force_configure' from command line to 'False'
[0.441s] Level 5:colcon.colcon_core.verb:set package 'ros_can' build argument 'ament_cmake_args' from command line to 'None'
[0.441s] Level 5:colcon.colcon_core.verb:set package 'ros_can' build argument 'catkin_cmake_args' from command line to 'None'
[0.441s] Level 5:colcon.colcon_core.verb:set package 'ros_can' build argument 'catkin_skip_building_tests' from command line to 'False'
[0.442s] DEBUG:colcon.colcon_core.verb:Building package 'ros_can' with the following arguments: {'ament_cmake_args': None, 'build_base': '/bristol_fsai_sim-docker/build/ros_can', 'catkin_cmake_args': None, 'catkin_skip_building_tests': False, 'cmake_args': None, 'cmake_clean_cache': False, 'cmake_clean_first': False, 'cmake_force_configure': False, 'cmake_target': None, 'cmake_target_skip_unavailable': False, 'install_base': '/bristol_fsai_sim-docker/install/ros_can', 'merge_install': False, 'path': '/bristol_fsai_sim-docker/ros_can', 'symlink_install': True, 'test_result_base': None}
[0.443s] Level 5:colcon.colcon_core.verb:set package 'eufs_plugins' build argument 'cmake_args' from command line to 'None'
[0.443s] Level 5:colcon.colcon_core.verb:set package 'eufs_plugins' build argument 'cmake_target' from command line to 'None'
[0.443s] Level 5:colcon.colcon_core.verb:set package 'eufs_plugins' build argument 'cmake_target_skip_unavailable' from command line to 'False'
[0.443s] Level 5:colcon.colcon_core.verb:set package 'eufs_plugins' build argument 'cmake_clean_cache' from command line to 'False'
[0.443s] Level 5:colcon.colcon_core.verb:set package 'eufs_plugins' build argument 'cmake_clean_first' from command line to 'False'
[0.443s] Level 5:colcon.colcon_core.verb:set package 'eufs_plugins' build argument 'cmake_force_configure' from command line to 'False'
[0.443s] Level 5:colcon.colcon_core.verb:set package 'eufs_plugins' build argument 'ament_cmake_args' from command line to 'None'
[0.443s] Level 5:colcon.colcon_core.verb:set package 'eufs_plugins' build argument 'catkin_cmake_args' from command line to 'None'
[0.443s] Level 5:colcon.colcon_core.verb:set package 'eufs_plugins' build argument 'catkin_skip_building_tests' from command line to 'False'
[0.443s] DEBUG:colcon.colcon_core.verb:Building package 'eufs_plugins' with the following arguments: {'ament_cmake_args': None, 'build_base': '/bristol_fsai_sim-docker/build/eufs_plugins', 'catkin_cmake_args': None, 'catkin_skip_building_tests': False, 'cmake_args': None, 'cmake_clean_cache': False, 'cmake_clean_first': False, 'cmake_force_configure': False, 'cmake_target': None, 'cmake_target_skip_unavailable': False, 'install_base': '/bristol_fsai_sim-docker/install/eufs_plugins', 'merge_install': False, 'path': '/bristol_fsai_sim-docker/eufs_sim/eufs_plugins', 'symlink_install': True, 'test_result_base': None}
[0.444s] INFO:colcon.colcon_core.executor:Executing jobs using 'parallel' executor
[0.451s] DEBUG:colcon.colcon_parallel_executor.executor.parallel:run_until_complete
[0.452s] INFO:colcon.colcon_ros.task.ament_cmake.build:Building ROS package in '/bristol_fsai_sim-docker/eufs_msgs' with build type 'ament_cmake'
[0.453s] INFO:colcon.colcon_cmake.task.cmake.build:Building CMake package in '/bristol_fsai_sim-docker/eufs_msgs'
[0.461s] INFO:colcon.colcon_core.plugin_system:Skipping extension 'colcon_core.shell.bat': Not used on non-Windows systems
[0.462s] INFO:colcon.colcon_core.shell:Skip shell extension 'powershell' for command environment: Not usable outside of PowerShell
[0.462s] DEBUG:colcon.colcon_core.shell:Skip shell extension 'dsv' for command environment
[0.476s] INFO:colcon.colcon_ros.task.ament_python.build:Building ROS package in '/bristol_fsai_sim-docker/eufs_sim/eufs_tracks' with build type 'ament_python'
[0.477s] Level 1:colcon.colcon_core.shell:create_environment_hook('eufs_tracks', 'ament_prefix_path')
[0.481s] INFO:colcon.colcon_core.shell:Creating environment hook '/bristol_fsai_sim-docker/install/eufs_tracks/share/eufs_tracks/hook/ament_prefix_path.ps1'
[0.483s] INFO:colcon.colcon_core.shell:Creating environment descriptor '/bristol_fsai_sim-docker/install/eufs_tracks/share/eufs_tracks/hook/ament_prefix_path.dsv'
[0.484s] INFO:colcon.colcon_core.shell:Creating environment hook '/bristol_fsai_sim-docker/install/eufs_tracks/share/eufs_tracks/hook/ament_prefix_path.sh'
[0.489s] INFO:colcon.colcon_core.shell:Skip shell extension 'powershell' for command environment: Not usable outside of PowerShell
[0.489s] DEBUG:colcon.colcon_core.shell:Skip shell extension 'dsv' for command environment
[0.505s] INFO:colcon.colcon_ros.task.ament_python.build:Building ROS package in '/bristol_fsai_sim-docker/eufs_sim/control' with build type 'ament_python'
[0.506s] Level 1:colcon.colcon_core.shell:create_environment_hook('control', 'ament_prefix_path')
[0.511s] INFO:colcon.colcon_core.shell:Creating environment hook '/bristol_fsai_sim-docker/install/control/share/control/hook/ament_prefix_path.ps1'
[0.513s] INFO:colcon.colcon_core.shell:Creating environment descriptor '/bristol_fsai_sim-docker/install/control/share/control/hook/ament_prefix_path.dsv'
[0.514s] INFO:colcon.colcon_core.shell:Creating environment hook '/bristol_fsai_sim-docker/install/control/share/control/hook/ament_prefix_path.sh'
[0.518s] INFO:colcon.colcon_core.shell:Skip shell extension 'powershell' for command environment: Not usable outside of PowerShell
[0.518s] DEBUG:colcon.colcon_core.shell:Skip shell extension 'dsv' for command environment
[0.535s] INFO:colcon.colcon_ros.task.ament_python.build:Building ROS package in '/bristol_fsai_sim-docker/eufs_sim/eufs_racecar' with build type 'ament_python'
[0.537s] Level 1:colcon.colcon_core.shell:create_environment_hook('eufs_racecar', 'ament_prefix_path')
[0.542s] INFO:colcon.colcon_core.shell:Creating environment hook '/bristol_fsai_sim-docker/install/eufs_racecar/share/eufs_racecar/hook/ament_prefix_path.ps1'
[0.545s] INFO:colcon.colcon_core.shell:Creating environment descriptor '/bristol_fsai_sim-docker/install/eufs_racecar/share/eufs_racecar/hook/ament_prefix_path.dsv'
[0.546s] INFO:colcon.colcon_core.shell:Creating environment hook '/bristol_fsai_sim-docker/install/eufs_racecar/share/eufs_racecar/hook/ament_prefix_path.sh'
[0.550s] INFO:colcon.colcon_core.shell:Skip shell extension 'powershell' for command environment: Not usable outside of PowerShell
[0.551s] DEBUG:colcon.colcon_core.shell:Skip shell extension 'dsv' for command environment
[0.569s] INFO:colcon.colcon_ros.task.ament_cmake.build:Building ROS package in '/bristol_fsai_sim-docker/eufs_sim/eufs_sensors' with build type 'ament_cmake'
[0.570s] INFO:colcon.colcon_cmake.task.cmake.build:Building CMake package in '/bristol_fsai_sim-docker/eufs_sim/eufs_sensors'
[0.573s] INFO:colcon.colcon_core.shell:Skip shell extension 'powershell' for command environment: Not usable outside of PowerShell
[0.574s] DEBUG:colcon.colcon_core.shell:Skip shell extension 'dsv' for command environment
[0.592s] INFO:colcon.colcon_ros.task.ament_python.build:Building ROS package in '/bristol_fsai_sim-docker/eufs_sim/perception' with build type 'ament_python'
[0.593s] Level 1:colcon.colcon_core.shell:create_environment_hook('perception', 'ament_prefix_path')
[0.597s] INFO:colcon.colcon_core.shell:Creating environment hook '/bristol_fsai_sim-docker/install/perception/share/perception/hook/ament_prefix_path.ps1'
[0.599s] INFO:colcon.colcon_core.shell:Creating environment descriptor '/bristol_fsai_sim-docker/install/perception/share/perception/hook/ament_prefix_path.dsv'
[0.600s] INFO:colcon.colcon_core.shell:Creating environment hook '/bristol_fsai_sim-docker/install/perception/share/perception/hook/ament_prefix_path.sh'
[0.604s] INFO:colcon.colcon_core.shell:Skip shell extension 'powershell' for command environment: Not usable outside of PowerShell
[0.604s] DEBUG:colcon.colcon_core.shell:Skip shell extension 'dsv' for command environment
[0.637s] DEBUG:colcon.colcon_core.event_handler.log_command:Invoking command in '/bristol_fsai_sim-docker/build/eufs_msgs': CMAKE_PREFIX_PATH=/opt/ros/galactic /usr/bin/cmake /bristol_fsai_sim-docker/eufs_msgs -DAMENT_CMAKE_SYMLINK_INSTALL=1 -DCMAKE_INSTALL_PREFIX=/bristol_fsai_sim-docker/install/eufs_msgs
[1.115s] INFO:colcon.colcon_core.task.python.build:Building Python package in '/bristol_fsai_sim-docker/eufs_sim/eufs_tracks'
[1.119s] INFO:colcon.colcon_core.shell:Skip shell extension 'powershell' for command environment: Not usable outside of PowerShell
[1.119s] DEBUG:colcon.colcon_core.shell:Skip shell extension 'dsv' for command environment
[1.554s] INFO:colcon.colcon_core.task.python.build:Building Python package in '/bristol_fsai_sim-docker/eufs_sim/control'
[1.557s] INFO:colcon.colcon_core.shell:Skip shell extension 'powershell' for command environment: Not usable outside of PowerShell
[1.557s] DEBUG:colcon.colcon_core.shell:Skip shell extension 'dsv' for command environment
[2.012s] INFO:colcon.colcon_core.task.python.build:Building Python package in '/bristol_fsai_sim-docker/eufs_sim/eufs_racecar'
[2.016s] INFO:colcon.colcon_core.shell:Skip shell extension 'powershell' for command environment: Not usable outside of PowerShell
[2.016s] DEBUG:colcon.colcon_core.shell:Skip shell extension 'dsv' for command environment
[2.042s] DEBUG:colcon.colcon_core.event_handler.log_command:Invoking command in '/bristol_fsai_sim-docker/build/eufs_sensors': CMAKE_PREFIX_PATH=/opt/ros/galactic /usr/bin/cmake /bristol_fsai_sim-docker/eufs_sim/eufs_sensors -DAMENT_CMAKE_SYMLINK_INSTALL=1 -DCMAKE_INSTALL_PREFIX=/bristol_fsai_sim-docker/install/eufs_sensors
[2.521s] INFO:colcon.colcon_core.task.python.build:Building Python package in '/bristol_fsai_sim-docker/eufs_sim/perception'
[2.525s] INFO:colcon.colcon_core.shell:Skip shell extension 'powershell' for command environment: Not usable outside of PowerShell
[2.526s] DEBUG:colcon.colcon_core.shell:Skip shell extension 'dsv' for command environment
[3.614s] DEBUG:colcon.colcon_core.event_handler.log_command:Invoking command in '/bristol_fsai_sim-docker/build/eufs_racecar': PYTHONPATH=/bristol_fsai_sim-docker/build/eufs_racecar/prefix_override:/bristol_fsai_sim-docker/install/eufs_racecar/lib/python3.8/site-packages:${PYTHONPATH} /usr/bin/python3 setup.py develop --editable --build-directory /bristol_fsai_sim-docker/build/eufs_racecar/build --no-deps install_data
[3.718s] DEBUG:colcon.colcon_core.event_handler.log_command:Invoking command in '/bristol_fsai_sim-docker/build/perception': PYTHONPATH=/bristol_fsai_sim-docker/build/perception/prefix_override:/bristol_fsai_sim-docker/install/perception/lib/python3.8/site-packages:${PYTHONPATH} /usr/bin/python3 setup.py develop --editable --build-directory /bristol_fsai_sim-docker/build/perception/build --no-deps install_data
[3.747s] DEBUG:colcon.colcon_core.event_handler.log_command:Invoking command in '/bristol_fsai_sim-docker/build/control': PYTHONPATH=/bristol_fsai_sim-docker/build/control/prefix_override:/bristol_fsai_sim-docker/install/control/lib/python3.8/site-packages:${PYTHONPATH} /usr/bin/python3 setup.py develop --editable --build-directory /bristol_fsai_sim-docker/build/control/build --no-deps install_data
[3.768s] DEBUG:colcon.colcon_core.event_handler.log_command:Invoking command in '/bristol_fsai_sim-docker/build/eufs_tracks': PYTHONPATH=/bristol_fsai_sim-docker/build/eufs_tracks/prefix_override:/bristol_fsai_sim-docker/install/eufs_tracks/lib/python3.8/site-packages:${PYTHONPATH} /usr/bin/python3 setup.py develop --editable --build-directory /bristol_fsai_sim-docker/build/eufs_tracks/build --no-deps install_data
[4.381s] DEBUG:colcon.colcon_core.event_handler.log_command:Invoked command in '/bristol_fsai_sim-docker/build/eufs_sensors' returned '0': CMAKE_PREFIX_PATH=/opt/ros/galactic /usr/bin/cmake /bristol_fsai_sim-docker/eufs_sim/eufs_sensors -DAMENT_CMAKE_SYMLINK_INSTALL=1 -DCMAKE_INSTALL_PREFIX=/bristol_fsai_sim-docker/install/eufs_sensors
[4.384s] DEBUG:colcon.colcon_core.event_handler.log_command:Invoking command in '/bristol_fsai_sim-docker/build/eufs_sensors': CMAKE_PREFIX_PATH=/opt/ros/galactic /usr/bin/cmake --build /bristol_fsai_sim-docker/build/eufs_sensors -- -j8 -l8
[4.556s] DEBUG:colcon.colcon_core.event_handler.log_command:Invoked command in '/bristol_fsai_sim-docker/build/eufs_sensors' returned '0': CMAKE_PREFIX_PATH=/opt/ros/galactic /usr/bin/cmake --build /bristol_fsai_sim-docker/build/eufs_sensors -- -j8 -l8
[4.702s] DEBUG:colcon.colcon_core.event_handler.log_command:Invoking command in '/bristol_fsai_sim-docker/build/eufs_sensors': CMAKE_PREFIX_PATH=/opt/ros/galactic /usr/bin/cmake --install /bristol_fsai_sim-docker/build/eufs_sensors
[5.028s] Level 1:colcon.colcon_core.shell:create_environment_hook('control', 'pythonpath_develop')
[5.029s] DEBUG:colcon.colcon_core.event_handler.log_command:Invoked command in '/bristol_fsai_sim-docker/build/control' returned '0': PYTHONPATH=/bristol_fsai_sim-docker/build/control/prefix_override:/bristol_fsai_sim-docker/install/control/lib/python3.8/site-packages:${PYTHONPATH} /usr/bin/python3 setup.py develop --editable --build-directory /bristol_fsai_sim-docker/build/control/build --no-deps install_data
[5.034s] INFO:colcon.colcon_core.shell:Creating environment hook '/bristol_fsai_sim-docker/build/control/share/control/hook/pythonpath_develop.ps1'
[5.036s] INFO:colcon.colcon_core.shell:Creating environment descriptor '/bristol_fsai_sim-docker/build/control/share/control/hook/pythonpath_develop.dsv'
[5.037s] INFO:colcon.colcon_core.shell:Creating environment hook '/bristol_fsai_sim-docker/build/control/share/control/hook/pythonpath_develop.sh'
[5.055s] Level 1:colcon.colcon_core.environment:checking '/bristol_fsai_sim-docker/install/control' for CMake module files
[5.059s] Level 1:colcon.colcon_core.environment:checking '/bristol_fsai_sim-docker/install/control' for CMake config files
[5.069s] Level 1:colcon.colcon_core.environment:checking '/bristol_fsai_sim-docker/install/control/lib'
[5.070s] Level 1:colcon.colcon_core.environment:checking '/bristol_fsai_sim-docker/install/control/bin'
[5.070s] Level 1:colcon.colcon_core.environment:checking '/bristol_fsai_sim-docker/install/control/lib/pkgconfig/control.pc'
[5.071s] Level 1:colcon.colcon_core.environment:checking '/bristol_fsai_sim-docker/install/control/lib/python3.8/site-packages'
[5.071s] Level 1:colcon.colcon_core.shell:create_environment_hook('control', 'pythonpath')
[5.076s] INFO:colcon.colcon_core.shell:Creating environment hook '/bristol_fsai_sim-docker/install/control/share/control/hook/pythonpath.ps1'
[5.079s] INFO:colcon.colcon_core.shell:Creating environment descriptor '/bristol_fsai_sim-docker/install/control/share/control/hook/pythonpath.dsv'
[5.093s] INFO:colcon.colcon_core.shell:Creating environment hook '/bristol_fsai_sim-docker/install/control/share/control/hook/pythonpath.sh'
[5.114s] Level 1:colcon.colcon_core.environment:checking '/bristol_fsai_sim-docker/install/control/bin'
[5.115s] Level 1:colcon.colcon_core.environment:create_environment_scripts_only(control)
[5.125s] INFO:colcon.colcon_core.shell:Creating package script '/bristol_fsai_sim-docker/install/control/share/control/package.ps1'
[5.132s] INFO:colcon.colcon_core.shell:Creating package descriptor '/bristol_fsai_sim-docker/install/control/share/control/package.dsv'
[5.135s] INFO:colcon.colcon_core.shell:Creating package script '/bristol_fsai_sim-docker/install/control/share/control/package.sh'
[5.144s] INFO:colcon.colcon_core.shell:Creating package script '/bristol_fsai_sim-docker/install/control/share/control/package.bash'
[5.147s] INFO:colcon.colcon_core.shell:Creating package script '/bristol_fsai_sim-docker/install/control/share/control/package.zsh'
[5.153s] Level 1:colcon.colcon_core.environment:create_file_with_runtime_dependencies(/bristol_fsai_sim-docker/install/control/share/colcon-core/packages/control)
[5.226s] Level 1:colcon.colcon_core.shell:create_environment_hook('eufs_racecar', 'pythonpath_develop')
[5.234s] INFO:colcon.colcon_core.shell:Creating environment hook '/bristol_fsai_sim-docker/build/eufs_racecar/share/eufs_racecar/hook/pythonpath_develop.ps1'
[5.235s] INFO:colcon.colcon_core.shell:Creating environment descriptor '/bristol_fsai_sim-docker/build/eufs_racecar/share/eufs_racecar/hook/pythonpath_develop.dsv'
[5.236s] INFO:colcon.colcon_core.shell:Creating environment hook '/bristol_fsai_sim-docker/build/eufs_racecar/share/eufs_racecar/hook/pythonpath_develop.sh'
[5.249s] Level 1:colcon.colcon_core.environment:checking '/bristol_fsai_sim-docker/install/eufs_racecar' for CMake module files
[5.259s] Level 1:colcon.colcon_core.environment:checking '/bristol_fsai_sim-docker/install/eufs_racecar' for CMake config files
[5.265s] DEBUG:colcon.colcon_core.event_handler.log_command:Invoked command in '/bristol_fsai_sim-docker/build/eufs_racecar' returned '0': PYTHONPATH=/bristol_fsai_sim-docker/build/eufs_racecar/prefix_override:/bristol_fsai_sim-docker/install/eufs_racecar/lib/python3.8/site-packages:${PYTHONPATH} /usr/bin/python3 setup.py develop --editable --build-directory /bristol_fsai_sim-docker/build/eufs_racecar/build --no-deps install_data
[5.272s] Level 1:colcon.colcon_core.environment:checking '/bristol_fsai_sim-docker/install/eufs_racecar/lib'
[5.273s] Level 1:colcon.colcon_core.environment:checking '/bristol_fsai_sim-docker/install/eufs_racecar/bin'
[5.273s] Level 1:colcon.colcon_core.environment:checking '/bristol_fsai_sim-docker/install/eufs_racecar/lib/pkgconfig/eufs_racecar.pc'
[5.273s] Level 1:colcon.colcon_core.environment:checking '/bristol_fsai_sim-docker/install/eufs_racecar/lib/python3.8/site-packages'
[5.274s] Level 1:colcon.colcon_core.shell:create_environment_hook('eufs_racecar', 'pythonpath')
[5.278s] INFO:colcon.colcon_core.shell:Creating environment hook '/bristol_fsai_sim-docker/install/eufs_racecar/share/eufs_racecar/hook/pythonpath.ps1'
[5.286s] INFO:colcon.colcon_core.shell:Creating environment descriptor '/bristol_fsai_sim-docker/install/eufs_racecar/share/eufs_racecar/hook/pythonpath.dsv'
[5.287s] INFO:colcon.colcon_core.shell:Creating environment hook '/bristol_fsai_sim-docker/install/eufs_racecar/share/eufs_racecar/hook/pythonpath.sh'
[5.288s] Level 1:colcon.colcon_core.environment:checking '/bristol_fsai_sim-docker/install/eufs_racecar/bin'
[5.289s] Level 1:colcon.colcon_core.environment:create_environment_scripts_only(eufs_racecar)
[5.296s] INFO:colcon.colcon_core.shell:Creating package script '/bristol_fsai_sim-docker/install/eufs_racecar/share/eufs_racecar/package.ps1'
[5.308s] INFO:colcon.colcon_core.shell:Creating package descriptor '/bristol_fsai_sim-docker/install/eufs_racecar/share/eufs_racecar/package.dsv'
[5.312s] INFO:colcon.colcon_core.shell:Creating package script '/bristol_fsai_sim-docker/install/eufs_racecar/share/eufs_racecar/package.sh'
[5.313s] INFO:colcon.colcon_core.shell:Creating package script '/bristol_fsai_sim-docker/install/eufs_racecar/share/eufs_racecar/package.bash'
[5.314s] INFO:colcon.colcon_core.shell:Creating package script '/bristol_fsai_sim-docker/install/eufs_racecar/share/eufs_racecar/package.zsh'
[5.315s] Level 1:colcon.colcon_core.environment:create_file_with_runtime_dependencies(/bristol_fsai_sim-docker/install/eufs_racecar/share/colcon-core/packages/eufs_racecar)
[5.330s] Level 1:colcon.colcon_core.shell:create_environment_hook('eufs_tracks', 'pythonpath_develop')
[5.334s] INFO:colcon.colcon_core.shell:Creating environment hook '/bristol_fsai_sim-docker/build/eufs_tracks/share/eufs_tracks/hook/pythonpath_develop.ps1'
[5.336s] DEBUG:colcon.colcon_core.event_handler.log_command:Invoked command in '/bristol_fsai_sim-docker/build/eufs_tracks' returned '0': PYTHONPATH=/bristol_fsai_sim-docker/build/eufs_tracks/prefix_override:/bristol_fsai_sim-docker/install/eufs_tracks/lib/python3.8/site-packages:${PYTHONPATH} /usr/bin/python3 setup.py develop --editable --build-directory /bristol_fsai_sim-docker/build/eufs_tracks/build --no-deps install_data
[5.336s] INFO:colcon.colcon_core.shell:Creating environment descriptor '/bristol_fsai_sim-docker/build/eufs_tracks/share/eufs_tracks/hook/pythonpath_develop.dsv'
[5.337s] INFO:colcon.colcon_core.shell:Creating environment hook '/bristol_fsai_sim-docker/build/eufs_tracks/share/eufs_tracks/hook/pythonpath_develop.sh'
[5.344s] Level 1:colcon.colcon_core.environment:checking '/bristol_fsai_sim-docker/install/eufs_tracks' for CMake module files
[5.346s] Level 1:colcon.colcon_core.environment:checking '/bristol_fsai_sim-docker/install/eufs_tracks' for CMake config files
[5.350s] Level 1:colcon.colcon_core.environment:checking '/bristol_fsai_sim-docker/install/eufs_tracks/lib'
[5.350s] Level 1:colcon.colcon_core.environment:checking '/bristol_fsai_sim-docker/install/eufs_tracks/bin'
[5.351s] Level 1:colcon.colcon_core.environment:checking '/bristol_fsai_sim-docker/install/eufs_tracks/lib/pkgconfig/eufs_tracks.pc'
[5.351s] Level 1:colcon.colcon_core.environment:checking '/bristol_fsai_sim-docker/install/eufs_tracks/lib/python3.8/site-packages'
[5.352s] Level 1:colcon.colcon_core.shell:create_environment_hook('eufs_tracks', 'pythonpath')
[5.356s] INFO:colcon.colcon_core.shell:Creating environment hook '/bristol_fsai_sim-docker/install/eufs_tracks/share/eufs_tracks/hook/pythonpath.ps1'
[5.357s] INFO:colcon.colcon_core.shell:Creating environment descriptor '/bristol_fsai_sim-docker/install/eufs_tracks/share/eufs_tracks/hook/pythonpath.dsv'
[5.358s] INFO:colcon.colcon_core.shell:Creating environment hook '/bristol_fsai_sim-docker/install/eufs_tracks/share/eufs_tracks/hook/pythonpath.sh'
[5.360s] Level 1:colcon.colcon_core.environment:checking '/bristol_fsai_sim-docker/install/eufs_tracks/bin'
[5.360s] Level 1:colcon.colcon_core.environment:create_environment_scripts_only(eufs_tracks)
[5.364s] INFO:colcon.colcon_core.shell:Creating package script '/bristol_fsai_sim-docker/install/eufs_tracks/share/eufs_tracks/package.ps1'
[5.366s] INFO:colcon.colcon_core.shell:Creating package descriptor '/bristol_fsai_sim-docker/install/eufs_tracks/share/eufs_tracks/package.dsv'
[5.368s] INFO:colcon.colcon_core.shell:Creating package script '/bristol_fsai_sim-docker/install/eufs_tracks/share/eufs_tracks/package.sh'
[5.369s] INFO:colcon.colcon_core.shell:Creating package script '/bristol_fsai_sim-docker/install/eufs_tracks/share/eufs_tracks/package.bash'
[5.370s] INFO:colcon.colcon_core.shell:Creating package script '/bristol_fsai_sim-docker/install/eufs_tracks/share/eufs_tracks/package.zsh'
[5.370s] Level 1:colcon.colcon_core.environment:create_file_with_runtime_dependencies(/bristol_fsai_sim-docker/install/eufs_tracks/share/colcon-core/packages/eufs_tracks)
[5.372s] INFO:colcon.colcon_ros.task.ament_python.build:Building ROS package in '/bristol_fsai_sim-docker/eufs_sim/eufs_launcher' with build type 'ament_python'
[5.372s] Level 1:colcon.colcon_core.shell:create_environment_hook('eufs_launcher', 'ament_prefix_path')
[5.377s] INFO:colcon.colcon_core.shell:Creating environment hook '/bristol_fsai_sim-docker/install/eufs_launcher/share/eufs_launcher/hook/ament_prefix_path.ps1'
[5.380s] INFO:colcon.colcon_core.shell:Creating environment descriptor '/bristol_fsai_sim-docker/install/eufs_launcher/share/eufs_launcher/hook/ament_prefix_path.dsv'
[5.383s] INFO:colcon.colcon_core.shell:Creating environment hook '/bristol_fsai_sim-docker/install/eufs_launcher/share/eufs_launcher/hook/ament_prefix_path.sh'
[5.386s] INFO:colcon.colcon_core.shell:Skip shell extension 'powershell' for command environment: Not usable outside of PowerShell
[5.387s] DEBUG:colcon.colcon_core.shell:Skip shell extension 'dsv' for command environment
[5.407s] Level 1:colcon.colcon_core.shell:create_environment_hook('perception', 'pythonpath_develop')
[5.413s] INFO:colcon.colcon_core.shell:Creating environment hook '/bristol_fsai_sim-docker/build/perception/share/perception/hook/pythonpath_develop.ps1'
[5.415s] DEBUG:colcon.colcon_core.event_handler.log_command:Invoked command in '/bristol_fsai_sim-docker/build/perception' returned '0': PYTHONPATH=/bristol_fsai_sim-docker/build/perception/prefix_override:/bristol_fsai_sim-docker/install/perception/lib/python3.8/site-packages:${PYTHONPATH} /usr/bin/python3 setup.py develop --editable --build-directory /bristol_fsai_sim-docker/build/perception/build --no-deps install_data
[5.417s] INFO:colcon.colcon_core.shell:Creating environment descriptor '/bristol_fsai_sim-docker/build/perception/share/perception/hook/pythonpath_develop.dsv'
[5.417s] INFO:colcon.colcon_core.shell:Creating environment hook '/bristol_fsai_sim-docker/build/perception/share/perception/hook/pythonpath_develop.sh'
[5.425s] Level 1:colcon.colcon_core.environment:checking '/bristol_fsai_sim-docker/install/perception' for CMake module files
[5.426s] Level 1:colcon.colcon_core.environment:checking '/bristol_fsai_sim-docker/install/perception' for CMake config files
[5.428s] Level 1:colcon.colcon_core.environment:checking '/bristol_fsai_sim-docker/install/perception/lib'
[5.429s] Level 1:colcon.colcon_core.environment:checking '/bristol_fsai_sim-docker/install/perception/bin'
[5.429s] Level 1:colcon.colcon_core.environment:checking '/bristol_fsai_sim-docker/install/perception/lib/pkgconfig/perception.pc'
[5.429s] Level 1:colcon.colcon_core.environment:checking '/bristol_fsai_sim-docker/install/perception/lib/python3.8/site-packages'
[5.430s] Level 1:colcon.colcon_core.shell:create_environment_hook('perception', 'pythonpath')
[5.433s] INFO:colcon.colcon_core.shell:Creating environment hook '/bristol_fsai_sim-docker/install/perception/share/perception/hook/pythonpath.ps1'
[5.434s] INFO:colcon.colcon_core.shell:Creating environment descriptor '/bristol_fsai_sim-docker/install/perception/share/perception/hook/pythonpath.dsv'
[5.435s] INFO:colcon.colcon_core.shell:Creating environment hook '/bristol_fsai_sim-docker/install/perception/share/perception/hook/pythonpath.sh'
[5.436s] Level 1:colcon.colcon_core.environment:checking '/bristol_fsai_sim-docker/install/perception/bin'
[5.436s] Level 1:colcon.colcon_core.environment:create_environment_scripts_only(perception)
[5.440s] INFO:colcon.colcon_core.shell:Creating package script '/bristol_fsai_sim-docker/install/perception/share/perception/package.ps1'
[5.442s] INFO:colcon.colcon_core.shell:Creating package descriptor '/bristol_fsai_sim-docker/install/perception/share/perception/package.dsv'
[5.443s] INFO:colcon.colcon_core.shell:Creating package script '/bristol_fsai_sim-docker/install/perception/share/perception/package.sh'
[5.444s] INFO:colcon.colcon_core.shell:Creating package script '/bristol_fsai_sim-docker/install/perception/share/perception/package.bash'
[5.445s] INFO:colcon.colcon_core.shell:Creating package script '/bristol_fsai_sim-docker/install/perception/share/perception/package.zsh'
[5.446s] Level 1:colcon.colcon_core.environment:create_file_with_runtime_dependencies(/bristol_fsai_sim-docker/install/perception/share/colcon-core/packages/perception)
[5.968s] INFO:colcon.colcon_core.task.python.build:Building Python package in '/bristol_fsai_sim-docker/eufs_sim/eufs_launcher'
[5.972s] INFO:colcon.colcon_core.shell:Skip shell extension 'powershell' for command environment: Not usable outside of PowerShell
[5.973s] DEBUG:colcon.colcon_core.shell:Skip shell extension 'dsv' for command environment
[5.996s] Level 1:colcon.colcon_core.environment:create_environment_scripts_only(eufs_sensors)
[6.003s] Level 1:colcon.colcon_core.environment:checking '/bristol_fsai_sim-docker/install/eufs_sensors' for CMake module files
[6.004s] Level 1:colcon.colcon_core.environment:checking '/bristol_fsai_sim-docker/install/eufs_sensors' for CMake config files
[6.005s] DEBUG:colcon.colcon_core.event_handler.log_command:Invoked command in '/bristol_fsai_sim-docker/build/eufs_sensors' returned '0': CMAKE_PREFIX_PATH=/opt/ros/galactic /usr/bin/cmake --install /bristol_fsai_sim-docker/build/eufs_sensors
[6.006s] Level 1:colcon.colcon_core.shell:create_environment_hook('eufs_sensors', 'cmake_prefix_path')
[6.009s] INFO:colcon.colcon_core.shell:Creating environment hook '/bristol_fsai_sim-docker/install/eufs_sensors/share/eufs_sensors/hook/cmake_prefix_path.ps1'
[6.011s] INFO:colcon.colcon_core.shell:Creating environment descriptor '/bristol_fsai_sim-docker/install/eufs_sensors/share/eufs_sensors/hook/cmake_prefix_path.dsv'
[6.012s] INFO:colcon.colcon_core.shell:Creating environment hook '/bristol_fsai_sim-docker/install/eufs_sensors/share/eufs_sensors/hook/cmake_prefix_path.sh'
[6.013s] Level 1:colcon.colcon_core.environment:checking '/bristol_fsai_sim-docker/install/eufs_sensors/bin'
[6.014s] Level 1:colcon.colcon_core.environment:checking '/bristol_fsai_sim-docker/install/eufs_sensors/lib/pkgconfig/eufs_sensors.pc'
[6.014s] Level 1:colcon.colcon_core.environment:checking '/bristol_fsai_sim-docker/install/eufs_sensors/lib/python3.8/site-packages'
[6.015s] Level 1:colcon.colcon_core.environment:checking '/bristol_fsai_sim-docker/install/eufs_sensors/bin'
[6.018s] INFO:colcon.colcon_core.shell:Creating package script '/bristol_fsai_sim-docker/install/eufs_sensors/share/eufs_sensors/package.ps1'
[6.020s] INFO:colcon.colcon_core.shell:Creating package descriptor '/bristol_fsai_sim-docker/install/eufs_sensors/share/eufs_sensors/package.dsv'
[6.021s] INFO:colcon.colcon_core.shell:Creating package script '/bristol_fsai_sim-docker/install/eufs_sensors/share/eufs_sensors/package.sh'
[6.021s] INFO:colcon.colcon_core.shell:Creating package script '/bristol_fsai_sim-docker/install/eufs_sensors/share/eufs_sensors/package.bash'
[6.022s] INFO:colcon.colcon_core.shell:Creating package script '/bristol_fsai_sim-docker/install/eufs_sensors/share/eufs_sensors/package.zsh'
[6.022s] Level 1:colcon.colcon_core.environment:create_file_with_runtime_dependencies(/bristol_fsai_sim-docker/install/eufs_sensors/share/colcon-core/packages/eufs_sensors)
[6.105s] Level 1:colcon.colcon_core.environment:create_environment_scripts_only(eufs_sensors)
[6.112s] Level 1:colcon.colcon_core.environment:checking '/bristol_fsai_sim-docker/install/eufs_sensors' for CMake module files
[6.114s] Level 1:colcon.colcon_core.environment:checking '/bristol_fsai_sim-docker/install/eufs_sensors' for CMake config files
[6.115s] Level 1:colcon.colcon_core.shell:create_environment_hook('eufs_sensors', 'cmake_prefix_path')
[6.119s] INFO:colcon.colcon_core.shell:Creating environment hook '/bristol_fsai_sim-docker/install/eufs_sensors/share/eufs_sensors/hook/cmake_prefix_path.ps1'
[6.121s] INFO:colcon.colcon_core.shell:Creating environment descriptor '/bristol_fsai_sim-docker/install/eufs_sensors/share/eufs_sensors/hook/cmake_prefix_path.dsv'
[6.122s] INFO:colcon.colcon_core.shell:Creating environment hook '/bristol_fsai_sim-docker/install/eufs_sensors/share/eufs_sensors/hook/cmake_prefix_path.sh'
[6.123s] Level 1:colcon.colcon_core.environment:checking '/bristol_fsai_sim-docker/install/eufs_sensors/bin'
[6.124s] Level 1:colcon.colcon_core.environment:checking '/bristol_fsai_sim-docker/install/eufs_sensors/lib/pkgconfig/eufs_sensors.pc'
[6.124s] Level 1:colcon.colcon_core.environment:checking '/bristol_fsai_sim-docker/install/eufs_sensors/lib/python3.8/site-packages'
[6.125s] Level 1:colcon.colcon_core.environment:checking '/bristol_fsai_sim-docker/install/eufs_sensors/bin'
[6.129s] INFO:colcon.colcon_core.shell:Creating package script '/bristol_fsai_sim-docker/install/eufs_sensors/share/eufs_sensors/package.ps1'
[6.131s] INFO:colcon.colcon_core.shell:Creating package descriptor '/bristol_fsai_sim-docker/install/eufs_sensors/share/eufs_sensors/package.dsv'
[6.132s] INFO:colcon.colcon_core.shell:Creating package script '/bristol_fsai_sim-docker/install/eufs_sensors/share/eufs_sensors/package.sh'
[6.133s] INFO:colcon.colcon_core.shell:Creating package script '/bristol_fsai_sim-docker/install/eufs_sensors/share/eufs_sensors/package.bash'
[6.134s] INFO:colcon.colcon_core.shell:Creating package script '/bristol_fsai_sim-docker/install/eufs_sensors/share/eufs_sensors/package.zsh'
[6.135s] Level 1:colcon.colcon_core.environment:create_file_with_runtime_dependencies(/bristol_fsai_sim-docker/install/eufs_sensors/share/colcon-core/packages/eufs_sensors)
[6.891s] DEBUG:colcon.colcon_core.event_handler.log_command:Invoking command in '/bristol_fsai_sim-docker/build/eufs_launcher': AMENT_PREFIX_PATH=/bristol_fsai_sim-docker/install/eufs_tracks:${AMENT_PREFIX_PATH} PYTHONPATH=/bristol_fsai_sim-docker/build/eufs_launcher/prefix_override:/bristol_fsai_sim-docker/install/eufs_launcher/lib/python3.8/site-packages:/bristol_fsai_sim-docker/build/eufs_tracks:/bristol_fsai_sim-docker/install/eufs_tracks/lib/python3.8/site-packages:${PYTHONPATH} /usr/bin/python3 setup.py develop --editable --build-directory /bristol_fsai_sim-docker/build/eufs_launcher/build --no-deps install_data
[7.835s] Level 1:colcon.colcon_core.shell:create_environment_hook('eufs_launcher', 'pythonpath_develop')
[7.839s] INFO:colcon.colcon_core.shell:Creating environment hook '/bristol_fsai_sim-docker/build/eufs_launcher/src/share/eufs_launcher/hook/pythonpath_develop.ps1'
[7.840s] DEBUG:colcon.colcon_core.event_handler.log_command:Invoked command in '/bristol_fsai_sim-docker/build/eufs_launcher' returned '0': AMENT_PREFIX_PATH=/bristol_fsai_sim-docker/install/eufs_tracks:${AMENT_PREFIX_PATH} PYTHONPATH=/bristol_fsai_sim-docker/build/eufs_launcher/prefix_override:/bristol_fsai_sim-docker/install/eufs_launcher/lib/python3.8/site-packages:/bristol_fsai_sim-docker/build/eufs_tracks:/bristol_fsai_sim-docker/install/eufs_tracks/lib/python3.8/site-packages:${PYTHONPATH} /usr/bin/python3 setup.py develop --editable --build-directory /bristol_fsai_sim-docker/build/eufs_launcher/build --no-deps install_data
[7.841s] INFO:colcon.colcon_core.shell:Creating environment descriptor '/bristol_fsai_sim-docker/build/eufs_launcher/src/share/eufs_launcher/hook/pythonpath_develop.dsv'
[7.842s] INFO:colcon.colcon_core.shell:Creating environment hook '/bristol_fsai_sim-docker/build/eufs_launcher/src/share/eufs_launcher/hook/pythonpath_develop.sh'
[7.846s] Level 1:colcon.colcon_core.environment:checking '/bristol_fsai_sim-docker/install/eufs_launcher' for CMake module files
[7.847s] Level 1:colcon.colcon_core.environment:checking '/bristol_fsai_sim-docker/install/eufs_launcher' for CMake config files
[7.848s] Level 1:colcon.colcon_core.environment:checking '/bristol_fsai_sim-docker/install/eufs_launcher/lib'
[7.848s] Level 1:colcon.colcon_core.environment:checking '/bristol_fsai_sim-docker/install/eufs_launcher/bin'
[7.848s] Level 1:colcon.colcon_core.environment:checking '/bristol_fsai_sim-docker/install/eufs_launcher/lib/pkgconfig/eufs_launcher.pc'
[7.848s] Level 1:colcon.colcon_core.environment:checking '/bristol_fsai_sim-docker/install/eufs_launcher/lib/python3.8/site-packages'
[7.848s] Level 1:colcon.colcon_core.shell:create_environment_hook('eufs_launcher', 'pythonpath')
[7.851s] INFO:colcon.colcon_core.shell:Creating environment hook '/bristol_fsai_sim-docker/install/eufs_launcher/share/eufs_launcher/hook/pythonpath.ps1'
[7.851s] INFO:colcon.colcon_core.shell:Creating environment descriptor '/bristol_fsai_sim-docker/install/eufs_launcher/share/eufs_launcher/hook/pythonpath.dsv'
[7.852s] INFO:colcon.colcon_core.shell:Creating environment hook '/bristol_fsai_sim-docker/install/eufs_launcher/share/eufs_launcher/hook/pythonpath.sh'
[7.853s] Level 1:colcon.colcon_core.environment:checking '/bristol_fsai_sim-docker/install/eufs_launcher/bin'
[7.853s] Level 1:colcon.colcon_core.environment:create_environment_scripts_only(eufs_launcher)
[7.856s] INFO:colcon.colcon_core.shell:Creating package script '/bristol_fsai_sim-docker/install/eufs_launcher/share/eufs_launcher/package.ps1'
[7.857s] INFO:colcon.colcon_core.shell:Creating package descriptor '/bristol_fsai_sim-docker/install/eufs_launcher/share/eufs_launcher/package.dsv'
[7.857s] INFO:colcon.colcon_core.shell:Creating package script '/bristol_fsai_sim-docker/install/eufs_launcher/share/eufs_launcher/package.sh'
[7.858s] INFO:colcon.colcon_core.shell:Creating package script '/bristol_fsai_sim-docker/install/eufs_launcher/share/eufs_launcher/package.bash'
[7.858s] INFO:colcon.colcon_core.shell:Creating package script '/bristol_fsai_sim-docker/install/eufs_launcher/share/eufs_launcher/package.zsh'
[7.859s] Level 1:colcon.colcon_core.environment:create_file_with_runtime_dependencies(/bristol_fsai_sim-docker/install/eufs_launcher/share/colcon-core/packages/eufs_launcher)
[8.526s] DEBUG:colcon.colcon_core.event_handler.log_command:Invoked command in '/bristol_fsai_sim-docker/build/eufs_msgs' returned '0': CMAKE_PREFIX_PATH=/opt/ros/galactic /usr/bin/cmake /bristol_fsai_sim-docker/eufs_msgs -DAMENT_CMAKE_SYMLINK_INSTALL=1 -DCMAKE_INSTALL_PREFIX=/bristol_fsai_sim-docker/install/eufs_msgs
[8.531s] DEBUG:colcon.colcon_core.event_handler.log_command:Invoking command in '/bristol_fsai_sim-docker/build/eufs_msgs': CMAKE_PREFIX_PATH=/opt/ros/galactic /usr/bin/cmake --build /bristol_fsai_sim-docker/build/eufs_msgs -- -j8 -l8
[156.736s] DEBUG:colcon.colcon_core.event_handler.log_command:Invoked command in '/bristol_fsai_sim-docker/build/eufs_msgs' returned '0': CMAKE_PREFIX_PATH=/opt/ros/galactic /usr/bin/cmake --build /bristol_fsai_sim-docker/build/eufs_msgs -- -j8 -l8
[159.376s] DEBUG:colcon.colcon_core.event_handler.log_command:Invoking command in '/bristol_fsai_sim-docker/build/eufs_msgs': CMAKE_PREFIX_PATH=/opt/ros/galactic /usr/bin/cmake --install /bristol_fsai_sim-docker/build/eufs_msgs
[180.197s] Level 1:colcon.colcon_core.environment:create_environment_scripts_only(eufs_msgs)
[180.203s] Level 1:colcon.colcon_core.environment:checking '/bristol_fsai_sim-docker/install/eufs_msgs' for CMake module files
[180.203s] DEBUG:colcon.colcon_core.event_handler.log_command:Invoked command in '/bristol_fsai_sim-docker/build/eufs_msgs' returned '0': CMAKE_PREFIX_PATH=/opt/ros/galactic /usr/bin/cmake --install /bristol_fsai_sim-docker/build/eufs_msgs
[180.205s] Level 1:colcon.colcon_core.environment:checking '/bristol_fsai_sim-docker/install/eufs_msgs' for CMake config files
[180.213s] Level 1:colcon.colcon_core.shell:create_environment_hook('eufs_msgs', 'cmake_prefix_path')
[180.217s] INFO:colcon.colcon_core.shell:Creating environment hook '/bristol_fsai_sim-docker/install/eufs_msgs/share/eufs_msgs/hook/cmake_prefix_path.ps1'
[180.218s] INFO:colcon.colcon_core.shell:Creating environment descriptor '/bristol_fsai_sim-docker/install/eufs_msgs/share/eufs_msgs/hook/cmake_prefix_path.dsv'
[180.219s] INFO:colcon.colcon_core.shell:Creating environment hook '/bristol_fsai_sim-docker/install/eufs_msgs/share/eufs_msgs/hook/cmake_prefix_path.sh'
[180.220s] Level 1:colcon.colcon_core.environment:checking '/bristol_fsai_sim-docker/install/eufs_msgs/lib'
[180.221s] Level 1:colcon.colcon_core.shell:create_environment_hook('eufs_msgs', 'ld_library_path_lib')
[180.223s] INFO:colcon.colcon_core.shell:Creating environment hook '/bristol_fsai_sim-docker/install/eufs_msgs/share/eufs_msgs/hook/ld_library_path_lib.ps1'
[180.224s] INFO:colcon.colcon_core.shell:Creating environment descriptor '/bristol_fsai_sim-docker/install/eufs_msgs/share/eufs_msgs/hook/ld_library_path_lib.dsv'
[180.225s] INFO:colcon.colcon_core.shell:Creating environment hook '/bristol_fsai_sim-docker/install/eufs_msgs/share/eufs_msgs/hook/ld_library_path_lib.sh'
[180.225s] Level 1:colcon.colcon_core.environment:checking '/bristol_fsai_sim-docker/install/eufs_msgs/bin'
[180.225s] Level 1:colcon.colcon_core.environment:checking '/bristol_fsai_sim-docker/install/eufs_msgs/lib/pkgconfig/eufs_msgs.pc'
[180.226s] Level 1:colcon.colcon_core.environment:checking '/bristol_fsai_sim-docker/install/eufs_msgs/lib/python3.8/site-packages'
[180.226s] Level 1:colcon.colcon_core.shell:create_environment_hook('eufs_msgs', 'pythonpath')
[180.229s] INFO:colcon.colcon_core.shell:Creating environment hook '/bristol_fsai_sim-docker/install/eufs_msgs/share/eufs_msgs/hook/pythonpath.ps1'
[180.229s] INFO:colcon.colcon_core.shell:Creating environment descriptor '/bristol_fsai_sim-docker/install/eufs_msgs/share/eufs_msgs/hook/pythonpath.dsv'
[180.230s] INFO:colcon.colcon_core.shell:Creating environment hook '/bristol_fsai_sim-docker/install/eufs_msgs/share/eufs_msgs/hook/pythonpath.sh'
[180.231s] Level 1:colcon.colcon_core.environment:checking '/bristol_fsai_sim-docker/install/eufs_msgs/bin'
[180.234s] INFO:colcon.colcon_core.shell:Creating package script '/bristol_fsai_sim-docker/install/eufs_msgs/share/eufs_msgs/package.ps1'
[180.235s] INFO:colcon.colcon_core.shell:Creating package descriptor '/bristol_fsai_sim-docker/install/eufs_msgs/share/eufs_msgs/package.dsv'
[180.236s] INFO:colcon.colcon_core.shell:Creating package script '/bristol_fsai_sim-docker/install/eufs_msgs/share/eufs_msgs/package.sh'
[180.237s] INFO:colcon.colcon_core.shell:Creating package script '/bristol_fsai_sim-docker/install/eufs_msgs/share/eufs_msgs/package.bash'
[180.238s] INFO:colcon.colcon_core.shell:Creating package script '/bristol_fsai_sim-docker/install/eufs_msgs/share/eufs_msgs/package.zsh'
[180.238s] Level 1:colcon.colcon_core.environment:create_file_with_runtime_dependencies(/bristol_fsai_sim-docker/install/eufs_msgs/share/colcon-core/packages/eufs_msgs)
[182.768s] Level 1:colcon.colcon_core.environment:create_environment_scripts_only(eufs_msgs)
[182.773s] Level 1:colcon.colcon_core.environment:checking '/bristol_fsai_sim-docker/install/eufs_msgs' for CMake module files
[182.775s] Level 1:colcon.colcon_core.environment:checking '/bristol_fsai_sim-docker/install/eufs_msgs' for CMake config files
[182.785s] Level 1:colcon.colcon_core.shell:create_environment_hook('eufs_msgs', 'cmake_prefix_path')
[182.787s] INFO:colcon.colcon_core.shell:Creating environment hook '/bristol_fsai_sim-docker/install/eufs_msgs/share/eufs_msgs/hook/cmake_prefix_path.ps1'
[182.789s] INFO:colcon.colcon_core.shell:Creating environment descriptor '/bristol_fsai_sim-docker/install/eufs_msgs/share/eufs_msgs/hook/cmake_prefix_path.dsv'
[182.790s] INFO:colcon.colcon_core.shell:Creating environment hook '/bristol_fsai_sim-docker/install/eufs_msgs/share/eufs_msgs/hook/cmake_prefix_path.sh'
[182.791s] Level 1:colcon.colcon_core.environment:checking '/bristol_fsai_sim-docker/install/eufs_msgs/lib'
[182.791s] Level 1:colcon.colcon_core.shell:create_environment_hook('eufs_msgs', 'ld_library_path_lib')
[182.794s] INFO:colcon.colcon_core.shell:Creating environment hook '/bristol_fsai_sim-docker/install/eufs_msgs/share/eufs_msgs/hook/ld_library_path_lib.ps1'
[182.795s] INFO:colcon.colcon_core.shell:Creating environment descriptor '/bristol_fsai_sim-docker/install/eufs_msgs/share/eufs_msgs/hook/ld_library_path_lib.dsv'
[182.795s] INFO:colcon.colcon_core.shell:Creating environment hook '/bristol_fsai_sim-docker/install/eufs_msgs/share/eufs_msgs/hook/ld_library_path_lib.sh'
[182.796s] Level 1:colcon.colcon_core.environment:checking '/bristol_fsai_sim-docker/install/eufs_msgs/bin'
[182.796s] Level 1:colcon.colcon_core.environment:checking '/bristol_fsai_sim-docker/install/eufs_msgs/lib/pkgconfig/eufs_msgs.pc'
[182.796s] Level 1:colcon.colcon_core.environment:checking '/bristol_fsai_sim-docker/install/eufs_msgs/lib/python3.8/site-packages'
[182.796s] Level 1:colcon.colcon_core.shell:create_environment_hook('eufs_msgs', 'pythonpath')
[182.799s] INFO:colcon.colcon_core.shell:Creating environment hook '/bristol_fsai_sim-docker/install/eufs_msgs/share/eufs_msgs/hook/pythonpath.ps1'
[182.799s] INFO:colcon.colcon_core.shell:Creating environment descriptor '/bristol_fsai_sim-docker/install/eufs_msgs/share/eufs_msgs/hook/pythonpath.dsv'
[182.800s] INFO:colcon.colcon_core.shell:Creating environment hook '/bristol_fsai_sim-docker/install/eufs_msgs/share/eufs_msgs/hook/pythonpath.sh'
[182.801s] Level 1:colcon.colcon_core.environment:checking '/bristol_fsai_sim-docker/install/eufs_msgs/bin'
[182.803s] INFO:colcon.colcon_core.shell:Creating package script '/bristol_fsai_sim-docker/install/eufs_msgs/share/eufs_msgs/package.ps1'
[182.804s] INFO:colcon.colcon_core.shell:Creating package descriptor '/bristol_fsai_sim-docker/install/eufs_msgs/share/eufs_msgs/package.dsv'
[182.805s] INFO:colcon.colcon_core.shell:Creating package script '/bristol_fsai_sim-docker/install/eufs_msgs/share/eufs_msgs/package.sh'
[182.806s] INFO:colcon.colcon_core.shell:Creating package script '/bristol_fsai_sim-docker/install/eufs_msgs/share/eufs_msgs/package.bash'
[182.807s] INFO:colcon.colcon_core.shell:Creating package script '/bristol_fsai_sim-docker/install/eufs_msgs/share/eufs_msgs/package.zsh'
[182.807s] Level 1:colcon.colcon_core.environment:create_file_with_runtime_dependencies(/bristol_fsai_sim-docker/install/eufs_msgs/share/colcon-core/packages/eufs_msgs)
[182.808s] INFO:colcon.colcon_ros.task.ament_cmake.build:Building ROS package in '/bristol_fsai_sim-docker/eufs_sim/eufs_models' with build type 'ament_cmake'
[182.808s] INFO:colcon.colcon_cmake.task.cmake.build:Building CMake package in '/bristol_fsai_sim-docker/eufs_sim/eufs_models'
[182.811s] INFO:colcon.colcon_core.shell:Skip shell extension 'powershell' for command environment: Not usable outside of PowerShell
[182.811s] DEBUG:colcon.colcon_core.shell:Skip shell extension 'dsv' for command environment
[182.824s] INFO:colcon.colcon_ros.task.ament_cmake.build:Building ROS package in '/bristol_fsai_sim-docker/eufs_sim/control_cpp' with build type 'ament_cmake'
[182.826s] INFO:colcon.colcon_cmake.task.cmake.build:Building CMake package in '/bristol_fsai_sim-docker/eufs_sim/control_cpp'
[182.829s] INFO:colcon.colcon_core.shell:Skip shell extension 'powershell' for command environment: Not usable outside of PowerShell
[182.829s] DEBUG:colcon.colcon_core.shell:Skip shell extension 'dsv' for command environment
[182.848s] INFO:colcon.colcon_ros.task.ament_python.build:Building ROS package in '/bristol_fsai_sim-docker/eufs_sim/eufs_rqt' with build type 'ament_python'
[182.849s] Level 1:colcon.colcon_core.shell:create_environment_hook('eufs_rqt', 'ament_prefix_path')
[182.852s] INFO:colcon.colcon_core.shell:Creating environment hook '/bristol_fsai_sim-docker/install/eufs_rqt/share/eufs_rqt/hook/ament_prefix_path.ps1'
[182.855s] INFO:colcon.colcon_core.shell:Creating environment descriptor '/bristol_fsai_sim-docker/install/eufs_rqt/share/eufs_rqt/hook/ament_prefix_path.dsv'
[182.856s] INFO:colcon.colcon_core.shell:Creating environment hook '/bristol_fsai_sim-docker/install/eufs_rqt/share/eufs_rqt/hook/ament_prefix_path.sh'
[182.860s] INFO:colcon.colcon_core.shell:Skip shell extension 'powershell' for command environment: Not usable outside of PowerShell
[182.860s] DEBUG:colcon.colcon_core.shell:Skip shell extension 'dsv' for command environment
[182.877s] INFO:colcon.colcon_ros.task.ament_cmake.build:Building ROS package in '/bristol_fsai_sim-docker/eufs_rviz_plugins' with build type 'ament_cmake'
[182.878s] INFO:colcon.colcon_cmake.task.cmake.build:Building CMake package in '/bristol_fsai_sim-docker/eufs_rviz_plugins'
[182.882s] INFO:colcon.colcon_core.shell:Skip shell extension 'powershell' for command environment: Not usable outside of PowerShell
[182.882s] DEBUG:colcon.colcon_core.shell:Skip shell extension 'dsv' for command environment
[182.902s] INFO:colcon.colcon_ros.task.ament_cmake.build:Building ROS package in '/bristol_fsai_sim-docker/ros_can' with build type 'ament_cmake'
[182.902s] INFO:colcon.colcon_cmake.task.cmake.build:Building CMake package in '/bristol_fsai_sim-docker/ros_can'
[182.906s] INFO:colcon.colcon_core.shell:Skip shell extension 'powershell' for command environment: Not usable outside of PowerShell
[182.906s] DEBUG:colcon.colcon_core.shell:Skip shell extension 'dsv' for command environment
[182.950s] DEBUG:colcon.colcon_core.event_handler.log_command:Invoking command in '/bristol_fsai_sim-docker/build/eufs_models': AMENT_PREFIX_PATH=/bristol_fsai_sim-docker/install/eufs_msgs:${AMENT_PREFIX_PATH} CMAKE_PREFIX_PATH=/bristol_fsai_sim-docker/install/eufs_msgs:/opt/ros/galactic LD_LIBRARY_PATH=/bristol_fsai_sim-docker/install/eufs_msgs/lib:${LD_LIBRARY_PATH} PYTHONPATH=/bristol_fsai_sim-docker/install/eufs_msgs/lib/python3.8/site-packages:${PYTHONPATH} /usr/bin/cmake /bristol_fsai_sim-docker/eufs_sim/eufs_models -DAMENT_CMAKE_SYMLINK_INSTALL=1 -DCMAKE_INSTALL_PREFIX=/bristol_fsai_sim-docker/install/eufs_models
[182.962s] DEBUG:colcon.colcon_core.event_handler.log_command:Invoking command in '/bristol_fsai_sim-docker/build/control_cpp': AMENT_PREFIX_PATH=/bristol_fsai_sim-docker/install/eufs_msgs:${AMENT_PREFIX_PATH} CMAKE_PREFIX_PATH=/bristol_fsai_sim-docker/install/eufs_msgs:/opt/ros/galactic LD_LIBRARY_PATH=/bristol_fsai_sim-docker/install/eufs_msgs/lib:${LD_LIBRARY_PATH} PYTHONPATH=/bristol_fsai_sim-docker/install/eufs_msgs/lib/python3.8/site-packages:${PYTHONPATH} /usr/bin/cmake /bristol_fsai_sim-docker/eufs_sim/control_cpp -DAMENT_CMAKE_SYMLINK_INSTALL=1 -DCMAKE_INSTALL_PREFIX=/bristol_fsai_sim-docker/install/control_cpp
[183.437s] INFO:colcon.colcon_core.task.python.build:Building Python package in '/bristol_fsai_sim-docker/eufs_sim/eufs_rqt'
[183.441s] INFO:colcon.colcon_core.shell:Skip shell extension 'powershell' for command environment: Not usable outside of PowerShell
[183.442s] DEBUG:colcon.colcon_core.shell:Skip shell extension 'dsv' for command environment
[183.480s] DEBUG:colcon.colcon_core.event_handler.log_command:Invoking command in '/bristol_fsai_sim-docker/build/eufs_rviz_plugins': AMENT_PREFIX_PATH=/bristol_fsai_sim-docker/install/eufs_msgs:${AMENT_PREFIX_PATH} CMAKE_PREFIX_PATH=/bristol_fsai_sim-docker/install/eufs_msgs:/opt/ros/galactic LD_LIBRARY_PATH=/bristol_fsai_sim-docker/install/eufs_msgs/lib:${LD_LIBRARY_PATH} PYTHONPATH=/bristol_fsai_sim-docker/install/eufs_msgs/lib/python3.8/site-packages:${PYTHONPATH} /usr/bin/cmake /bristol_fsai_sim-docker/eufs_rviz_plugins -DAMENT_CMAKE_SYMLINK_INSTALL=1 -DCMAKE_INSTALL_PREFIX=/bristol_fsai_sim-docker/install/eufs_rviz_plugins
[183.506s] DEBUG:colcon.colcon_core.event_handler.log_command:Invoking command in '/bristol_fsai_sim-docker/build/ros_can': AMENT_PREFIX_PATH=/bristol_fsai_sim-docker/install/eufs_msgs:${AMENT_PREFIX_PATH} CMAKE_PREFIX_PATH=/bristol_fsai_sim-docker/install/eufs_msgs:/opt/ros/galactic LD_LIBRARY_PATH=/bristol_fsai_sim-docker/install/eufs_msgs/lib:${LD_LIBRARY_PATH} PYTHONPATH=/bristol_fsai_sim-docker/install/eufs_msgs/lib/python3.8/site-packages:${PYTHONPATH} /usr/bin/cmake /bristol_fsai_sim-docker/ros_can -DAMENT_CMAKE_SYMLINK_INSTALL=1 -DCMAKE_INSTALL_PREFIX=/bristol_fsai_sim-docker/install/ros_can
[184.536s] DEBUG:colcon.colcon_core.event_handler.log_command:Invoking command in '/bristol_fsai_sim-docker/build/eufs_rqt': AMENT_PREFIX_PATH=/bristol_fsai_sim-docker/install/eufs_msgs:${AMENT_PREFIX_PATH} CMAKE_PREFIX_PATH=/bristol_fsai_sim-docker/install/eufs_msgs LD_LIBRARY_PATH=/bristol_fsai_sim-docker/install/eufs_msgs/lib:${LD_LIBRARY_PATH} PYTHONPATH=/bristol_fsai_sim-docker/build/eufs_rqt/prefix_override:/bristol_fsai_sim-docker/install/eufs_rqt/lib/python3.8/site-packages:/bristol_fsai_sim-docker/install/eufs_msgs/lib/python3.8/site-packages:${PYTHONPATH} /usr/bin/python3 setup.py develop --editable --build-directory /bristol_fsai_sim-docker/build/eufs_rqt/build --no-deps install_data
[185.727s] Level 1:colcon.colcon_core.shell:create_environment_hook('eufs_rqt', 'pythonpath_develop')
[185.727s] DEBUG:colcon.colcon_core.event_handler.log_command:Invoked command in '/bristol_fsai_sim-docker/build/eufs_rqt' returned '0': AMENT_PREFIX_PATH=/bristol_fsai_sim-docker/install/eufs_msgs:${AMENT_PREFIX_PATH} CMAKE_PREFIX_PATH=/bristol_fsai_sim-docker/install/eufs_msgs LD_LIBRARY_PATH=/bristol_fsai_sim-docker/install/eufs_msgs/lib:${LD_LIBRARY_PATH} PYTHONPATH=/bristol_fsai_sim-docker/build/eufs_rqt/prefix_override:/bristol_fsai_sim-docker/install/eufs_rqt/lib/python3.8/site-packages:/bristol_fsai_sim-docker/install/eufs_msgs/lib/python3.8/site-packages:${PYTHONPATH} /usr/bin/python3 setup.py develop --editable --build-directory /bristol_fsai_sim-docker/build/eufs_rqt/build --no-deps install_data
[185.732s] INFO:colcon.colcon_core.shell:Creating environment hook '/bristol_fsai_sim-docker/build/eufs_rqt/src/share/eufs_rqt/hook/pythonpath_develop.ps1'
[185.735s] INFO:colcon.colcon_core.shell:Creating environment descriptor '/bristol_fsai_sim-docker/build/eufs_rqt/src/share/eufs_rqt/hook/pythonpath_develop.dsv'
[185.735s] INFO:colcon.colcon_core.shell:Creating environment hook '/bristol_fsai_sim-docker/build/eufs_rqt/src/share/eufs_rqt/hook/pythonpath_develop.sh'
[185.744s] Level 1:colcon.colcon_core.environment:checking '/bristol_fsai_sim-docker/install/eufs_rqt' for CMake module files
[185.745s] Level 1:colcon.colcon_core.environment:checking '/bristol_fsai_sim-docker/install/eufs_rqt' for CMake config files
[185.746s] Level 1:colcon.colcon_core.environment:checking '/bristol_fsai_sim-docker/install/eufs_rqt/lib'
[185.747s] Level 1:colcon.colcon_core.environment:checking '/bristol_fsai_sim-docker/install/eufs_rqt/bin'
[185.747s] Level 1:colcon.colcon_core.environment:checking '/bristol_fsai_sim-docker/install/eufs_rqt/lib/pkgconfig/eufs_rqt.pc'
[185.748s] Level 1:colcon.colcon_core.environment:checking '/bristol_fsai_sim-docker/install/eufs_rqt/lib/python3.8/site-packages'
[185.748s] Level 1:colcon.colcon_core.shell:create_environment_hook('eufs_rqt', 'pythonpath')
[185.752s] INFO:colcon.colcon_core.shell:Creating environment hook '/bristol_fsai_sim-docker/install/eufs_rqt/share/eufs_rqt/hook/pythonpath.ps1'
[185.753s] INFO:colcon.colcon_core.shell:Creating environment descriptor '/bristol_fsai_sim-docker/install/eufs_rqt/share/eufs_rqt/hook/pythonpath.dsv'
[185.754s] INFO:colcon.colcon_core.shell:Creating environment hook '/bristol_fsai_sim-docker/install/eufs_rqt/share/eufs_rqt/hook/pythonpath.sh'
[185.755s] Level 1:colcon.colcon_core.environment:checking '/bristol_fsai_sim-docker/install/eufs_rqt/bin'
[185.756s] Level 1:colcon.colcon_core.environment:create_environment_scripts_only(eufs_rqt)
[185.760s] INFO:colcon.colcon_core.shell:Creating package script '/bristol_fsai_sim-docker/install/eufs_rqt/share/eufs_rqt/package.ps1'
[185.762s] INFO:colcon.colcon_core.shell:Creating package descriptor '/bristol_fsai_sim-docker/install/eufs_rqt/share/eufs_rqt/package.dsv'
[185.764s] INFO:colcon.colcon_core.shell:Creating package script '/bristol_fsai_sim-docker/install/eufs_rqt/share/eufs_rqt/package.sh'
[185.765s] INFO:colcon.colcon_core.shell:Creating package script '/bristol_fsai_sim-docker/install/eufs_rqt/share/eufs_rqt/package.bash'
[185.766s] INFO:colcon.colcon_core.shell:Creating package script '/bristol_fsai_sim-docker/install/eufs_rqt/share/eufs_rqt/package.zsh'
[185.766s] Level 1:colcon.colcon_core.environment:create_file_with_runtime_dependencies(/bristol_fsai_sim-docker/install/eufs_rqt/share/colcon-core/packages/eufs_rqt)
[186.985s] DEBUG:colcon.colcon_core.event_handler.log_command:Invoked command in '/bristol_fsai_sim-docker/build/eufs_models' returned '0': AMENT_PREFIX_PATH=/bristol_fsai_sim-docker/install/eufs_msgs:${AMENT_PREFIX_PATH} CMAKE_PREFIX_PATH=/bristol_fsai_sim-docker/install/eufs_msgs:/opt/ros/galactic LD_LIBRARY_PATH=/bristol_fsai_sim-docker/install/eufs_msgs/lib:${LD_LIBRARY_PATH} PYTHONPATH=/bristol_fsai_sim-docker/install/eufs_msgs/lib/python3.8/site-packages:${PYTHONPATH} /usr/bin/cmake /bristol_fsai_sim-docker/eufs_sim/eufs_models -DAMENT_CMAKE_SYMLINK_INSTALL=1 -DCMAKE_INSTALL_PREFIX=/bristol_fsai_sim-docker/install/eufs_models
[187.016s] DEBUG:colcon.colcon_core.event_handler.log_command:Invoking command in '/bristol_fsai_sim-docker/build/eufs_models': AMENT_PREFIX_PATH=/bristol_fsai_sim-docker/install/eufs_msgs:${AMENT_PREFIX_PATH} CMAKE_PREFIX_PATH=/bristol_fsai_sim-docker/install/eufs_msgs:/opt/ros/galactic LD_LIBRARY_PATH=/bristol_fsai_sim-docker/install/eufs_msgs/lib:${LD_LIBRARY_PATH} PYTHONPATH=/bristol_fsai_sim-docker/install/eufs_msgs/lib/python3.8/site-packages:${PYTHONPATH} /usr/bin/cmake --build /bristol_fsai_sim-docker/build/eufs_models -- -j8 -l8
[189.817s] DEBUG:colcon.colcon_core.event_handler.log_command:Invoked command in '/bristol_fsai_sim-docker/build/eufs_models' returned '0': AMENT_PREFIX_PATH=/bristol_fsai_sim-docker/install/eufs_msgs:${AMENT_PREFIX_PATH} CMAKE_PREFIX_PATH=/bristol_fsai_sim-docker/install/eufs_msgs:/opt/ros/galactic LD_LIBRARY_PATH=/bristol_fsai_sim-docker/install/eufs_msgs/lib:${LD_LIBRARY_PATH} PYTHONPATH=/bristol_fsai_sim-docker/install/eufs_msgs/lib/python3.8/site-packages:${PYTHONPATH} /usr/bin/cmake --build /bristol_fsai_sim-docker/build/eufs_models -- -j8 -l8
[189.911s] DEBUG:colcon.colcon_core.event_handler.log_command:Invoking command in '/bristol_fsai_sim-docker/build/eufs_models': AMENT_PREFIX_PATH=/bristol_fsai_sim-docker/install/eufs_msgs:${AMENT_PREFIX_PATH} CMAKE_PREFIX_PATH=/bristol_fsai_sim-docker/install/eufs_msgs:/opt/ros/galactic LD_LIBRARY_PATH=/bristol_fsai_sim-docker/install/eufs_msgs/lib:${LD_LIBRARY_PATH} PYTHONPATH=/bristol_fsai_sim-docker/install/eufs_msgs/lib/python3.8/site-packages:${PYTHONPATH} /usr/bin/cmake --install /bristol_fsai_sim-docker/build/eufs_models
[190.328s] DEBUG:colcon.colcon_core.event_handler.log_command:Invoked command in '/bristol_fsai_sim-docker/build/control_cpp' returned '0': AMENT_PREFIX_PATH=/bristol_fsai_sim-docker/install/eufs_msgs:${AMENT_PREFIX_PATH} CMAKE_PREFIX_PATH=/bristol_fsai_sim-docker/install/eufs_msgs:/opt/ros/galactic LD_LIBRARY_PATH=/bristol_fsai_sim-docker/install/eufs_msgs/lib:${LD_LIBRARY_PATH} PYTHONPATH=/bristol_fsai_sim-docker/install/eufs_msgs/lib/python3.8/site-packages:${PYTHONPATH} /usr/bin/cmake /bristol_fsai_sim-docker/eufs_sim/control_cpp -DAMENT_CMAKE_SYMLINK_INSTALL=1 -DCMAKE_INSTALL_PREFIX=/bristol_fsai_sim-docker/install/control_cpp
[190.335s] DEBUG:colcon.colcon_core.event_handler.log_command:Invoking command in '/bristol_fsai_sim-docker/build/control_cpp': AMENT_PREFIX_PATH=/bristol_fsai_sim-docker/install/eufs_msgs:${AMENT_PREFIX_PATH} CMAKE_PREFIX_PATH=/bristol_fsai_sim-docker/install/eufs_msgs:/opt/ros/galactic LD_LIBRARY_PATH=/bristol_fsai_sim-docker/install/eufs_msgs/lib:${LD_LIBRARY_PATH} PYTHONPATH=/bristol_fsai_sim-docker/install/eufs_msgs/lib/python3.8/site-packages:${PYTHONPATH} /usr/bin/cmake --build /bristol_fsai_sim-docker/build/control_cpp -- -j8 -l8
[190.694s] DEBUG:colcon.colcon_core.event_handler.log_command:Invoked command in '/bristol_fsai_sim-docker/build/ros_can' returned '0': AMENT_PREFIX_PATH=/bristol_fsai_sim-docker/install/eufs_msgs:${AMENT_PREFIX_PATH} CMAKE_PREFIX_PATH=/bristol_fsai_sim-docker/install/eufs_msgs:/opt/ros/galactic LD_LIBRARY_PATH=/bristol_fsai_sim-docker/install/eufs_msgs/lib:${LD_LIBRARY_PATH} PYTHONPATH=/bristol_fsai_sim-docker/install/eufs_msgs/lib/python3.8/site-packages:${PYTHONPATH} /usr/bin/cmake /bristol_fsai_sim-docker/ros_can -DAMENT_CMAKE_SYMLINK_INSTALL=1 -DCMAKE_INSTALL_PREFIX=/bristol_fsai_sim-docker/install/ros_can
[190.702s] DEBUG:colcon.colcon_core.event_handler.log_command:Invoking command in '/bristol_fsai_sim-docker/build/ros_can': AMENT_PREFIX_PATH=/bristol_fsai_sim-docker/install/eufs_msgs:${AMENT_PREFIX_PATH} CMAKE_PREFIX_PATH=/bristol_fsai_sim-docker/install/eufs_msgs:/opt/ros/galactic LD_LIBRARY_PATH=/bristol_fsai_sim-docker/install/eufs_msgs/lib:${LD_LIBRARY_PATH} PYTHONPATH=/bristol_fsai_sim-docker/install/eufs_msgs/lib/python3.8/site-packages:${PYTHONPATH} /usr/bin/cmake --build /bristol_fsai_sim-docker/build/ros_can -- -j8 -l8
[190.743s] Level 1:colcon.colcon_core.environment:create_environment_scripts_only(eufs_models)
[190.744s] DEBUG:colcon.colcon_core.event_handler.log_command:Invoked command in '/bristol_fsai_sim-docker/build/eufs_models' returned '0': AMENT_PREFIX_PATH=/bristol_fsai_sim-docker/install/eufs_msgs:${AMENT_PREFIX_PATH} CMAKE_PREFIX_PATH=/bristol_fsai_sim-docker/install/eufs_msgs:/opt/ros/galactic LD_LIBRARY_PATH=/bristol_fsai_sim-docker/install/eufs_msgs/lib:${LD_LIBRARY_PATH} PYTHONPATH=/bristol_fsai_sim-docker/install/eufs_msgs/lib/python3.8/site-packages:${PYTHONPATH} /usr/bin/cmake --install /bristol_fsai_sim-docker/build/eufs_models
[190.750s] Level 1:colcon.colcon_core.environment:checking '/bristol_fsai_sim-docker/install/eufs_models' for CMake module files
[190.752s] Level 1:colcon.colcon_core.environment:checking '/bristol_fsai_sim-docker/install/eufs_models' for CMake config files
[190.753s] Level 1:colcon.colcon_core.shell:create_environment_hook('eufs_models', 'cmake_prefix_path')
[190.756s] INFO:colcon.colcon_core.shell:Creating environment hook '/bristol_fsai_sim-docker/install/eufs_models/share/eufs_models/hook/cmake_prefix_path.ps1'
[190.757s] INFO:colcon.colcon_core.shell:Creating environment descriptor '/bristol_fsai_sim-docker/install/eufs_models/share/eufs_models/hook/cmake_prefix_path.dsv'
[190.758s] INFO:colcon.colcon_core.shell:Creating environment hook '/bristol_fsai_sim-docker/install/eufs_models/share/eufs_models/hook/cmake_prefix_path.sh'
[190.760s] Level 1:colcon.colcon_core.environment:checking '/bristol_fsai_sim-docker/install/eufs_models/lib'
[190.760s] Level 1:colcon.colcon_core.environment:checking '/bristol_fsai_sim-docker/install/eufs_models/bin'
[190.760s] Level 1:colcon.colcon_core.environment:checking '/bristol_fsai_sim-docker/install/eufs_models/lib/pkgconfig/eufs_models.pc'
[190.761s] Level 1:colcon.colcon_core.environment:checking '/bristol_fsai_sim-docker/install/eufs_models/lib/python3.8/site-packages'
[190.761s] Level 1:colcon.colcon_core.environment:checking '/bristol_fsai_sim-docker/install/eufs_models/bin'
[190.765s] INFO:colcon.colcon_core.shell:Creating package script '/bristol_fsai_sim-docker/install/eufs_models/share/eufs_models/package.ps1'
[190.766s] INFO:colcon.colcon_core.shell:Creating package descriptor '/bristol_fsai_sim-docker/install/eufs_models/share/eufs_models/package.dsv'
[190.767s] INFO:colcon.colcon_core.shell:Creating package script '/bristol_fsai_sim-docker/install/eufs_models/share/eufs_models/package.sh'
[190.768s] INFO:colcon.colcon_core.shell:Creating package script '/bristol_fsai_sim-docker/install/eufs_models/share/eufs_models/package.bash'
[190.768s] INFO:colcon.colcon_core.shell:Creating package script '/bristol_fsai_sim-docker/install/eufs_models/share/eufs_models/package.zsh'
[190.769s] Level 1:colcon.colcon_core.environment:create_file_with_runtime_dependencies(/bristol_fsai_sim-docker/install/eufs_models/share/colcon-core/packages/eufs_models)
[190.886s] Level 1:colcon.colcon_core.environment:create_environment_scripts_only(eufs_models)
[190.892s] Level 1:colcon.colcon_core.environment:checking '/bristol_fsai_sim-docker/install/eufs_models' for CMake module files
[190.894s] Level 1:colcon.colcon_core.environment:checking '/bristol_fsai_sim-docker/install/eufs_models' for CMake config files
[190.895s] Level 1:colcon.colcon_core.shell:create_environment_hook('eufs_models', 'cmake_prefix_path')
[190.898s] INFO:colcon.colcon_core.shell:Creating environment hook '/bristol_fsai_sim-docker/install/eufs_models/share/eufs_models/hook/cmake_prefix_path.ps1'
[190.900s] INFO:colcon.colcon_core.shell:Creating environment descriptor '/bristol_fsai_sim-docker/install/eufs_models/share/eufs_models/hook/cmake_prefix_path.dsv'
[190.901s] INFO:colcon.colcon_core.shell:Creating environment hook '/bristol_fsai_sim-docker/install/eufs_models/share/eufs_models/hook/cmake_prefix_path.sh'
[190.902s] Level 1:colcon.colcon_core.environment:checking '/bristol_fsai_sim-docker/install/eufs_models/lib'
[190.902s] Level 1:colcon.colcon_core.environment:checking '/bristol_fsai_sim-docker/install/eufs_models/bin'
[190.902s] Level 1:colcon.colcon_core.environment:checking '/bristol_fsai_sim-docker/install/eufs_models/lib/pkgconfig/eufs_models.pc'
[190.903s] Level 1:colcon.colcon_core.environment:checking '/bristol_fsai_sim-docker/install/eufs_models/lib/python3.8/site-packages'
[190.903s] Level 1:colcon.colcon_core.environment:checking '/bristol_fsai_sim-docker/install/eufs_models/bin'
[190.907s] INFO:colcon.colcon_core.shell:Creating package script '/bristol_fsai_sim-docker/install/eufs_models/share/eufs_models/package.ps1'
[190.910s] INFO:colcon.colcon_core.shell:Creating package descriptor '/bristol_fsai_sim-docker/install/eufs_models/share/eufs_models/package.dsv'
[190.911s] INFO:colcon.colcon_core.shell:Creating package script '/bristol_fsai_sim-docker/install/eufs_models/share/eufs_models/package.sh'
[190.913s] INFO:colcon.colcon_core.shell:Creating package script '/bristol_fsai_sim-docker/install/eufs_models/share/eufs_models/package.bash'
[190.914s] INFO:colcon.colcon_core.shell:Creating package script '/bristol_fsai_sim-docker/install/eufs_models/share/eufs_models/package.zsh'
[190.914s] Level 1:colcon.colcon_core.environment:create_file_with_runtime_dependencies(/bristol_fsai_sim-docker/install/eufs_models/share/colcon-core/packages/eufs_models)
[190.916s] INFO:colcon.colcon_ros.task.ament_cmake.build:Building ROS package in '/bristol_fsai_sim-docker/eufs_sim/eufs_plugins' with build type 'ament_cmake'
[190.916s] INFO:colcon.colcon_cmake.task.cmake.build:Building CMake package in '/bristol_fsai_sim-docker/eufs_sim/eufs_plugins'
[190.920s] INFO:colcon.colcon_core.shell:Skip shell extension 'powershell' for command environment: Not usable outside of PowerShell
[190.921s] DEBUG:colcon.colcon_core.shell:Skip shell extension 'dsv' for command environment
[190.985s] DEBUG:colcon.colcon_core.event_handler.log_command:Invoking command in '/bristol_fsai_sim-docker/build/eufs_plugins': AMENT_PREFIX_PATH=/bristol_fsai_sim-docker/install/eufs_models:/bristol_fsai_sim-docker/install/eufs_msgs:${AMENT_PREFIX_PATH} CMAKE_PREFIX_PATH=/bristol_fsai_sim-docker/install/eufs_models:/bristol_fsai_sim-docker/install/eufs_msgs:/opt/ros/galactic LD_LIBRARY_PATH=/bristol_fsai_sim-docker/install/eufs_models/lib:/bristol_fsai_sim-docker/install/eufs_msgs/lib:${LD_LIBRARY_PATH} PYTHONPATH=/bristol_fsai_sim-docker/install/eufs_msgs/lib/python3.8/site-packages:${PYTHONPATH} /usr/bin/cmake /bristol_fsai_sim-docker/eufs_sim/eufs_plugins -DAMENT_CMAKE_SYMLINK_INSTALL=1 -DCMAKE_INSTALL_PREFIX=/bristol_fsai_sim-docker/install/eufs_plugins
[195.871s] DEBUG:colcon.colcon_core.event_handler.log_command:Invoked command in '/bristol_fsai_sim-docker/build/eufs_rviz_plugins' returned '0': AMENT_PREFIX_PATH=/bristol_fsai_sim-docker/install/eufs_msgs:${AMENT_PREFIX_PATH} CMAKE_PREFIX_PATH=/bristol_fsai_sim-docker/install/eufs_msgs:/opt/ros/galactic LD_LIBRARY_PATH=/bristol_fsai_sim-docker/install/eufs_msgs/lib:${LD_LIBRARY_PATH} PYTHONPATH=/bristol_fsai_sim-docker/install/eufs_msgs/lib/python3.8/site-packages:${PYTHONPATH} /usr/bin/cmake /bristol_fsai_sim-docker/eufs_rviz_plugins -DAMENT_CMAKE_SYMLINK_INSTALL=1 -DCMAKE_INSTALL_PREFIX=/bristol_fsai_sim-docker/install/eufs_rviz_plugins
[195.872s] DEBUG:colcon.colcon_core.event_handler.log_command:Invoking command in '/bristol_fsai_sim-docker/build/eufs_rviz_plugins': AMENT_PREFIX_PATH=/bristol_fsai_sim-docker/install/eufs_msgs:${AMENT_PREFIX_PATH} CMAKE_PREFIX_PATH=/bristol_fsai_sim-docker/install/eufs_msgs:/opt/ros/galactic LD_LIBRARY_PATH=/bristol_fsai_sim-docker/install/eufs_msgs/lib:${LD_LIBRARY_PATH} PYTHONPATH=/bristol_fsai_sim-docker/install/eufs_msgs/lib/python3.8/site-packages:${PYTHONPATH} /usr/bin/cmake --build /bristol_fsai_sim-docker/build/eufs_rviz_plugins -- -j8 -l8
[207.011s] DEBUG:colcon.colcon_core.event_handler.log_command:Invoked command in '/bristol_fsai_sim-docker/build/eufs_plugins' returned '0': AMENT_PREFIX_PATH=/bristol_fsai_sim-docker/install/eufs_models:/bristol_fsai_sim-docker/install/eufs_msgs:${AMENT_PREFIX_PATH} CMAKE_PREFIX_PATH=/bristol_fsai_sim-docker/install/eufs_models:/bristol_fsai_sim-docker/install/eufs_msgs:/opt/ros/galactic LD_LIBRARY_PATH=/bristol_fsai_sim-docker/install/eufs_models/lib:/bristol_fsai_sim-docker/install/eufs_msgs/lib:${LD_LIBRARY_PATH} PYTHONPATH=/bristol_fsai_sim-docker/install/eufs_msgs/lib/python3.8/site-packages:${PYTHONPATH} /usr/bin/cmake /bristol_fsai_sim-docker/eufs_sim/eufs_plugins -DAMENT_CMAKE_SYMLINK_INSTALL=1 -DCMAKE_INSTALL_PREFIX=/bristol_fsai_sim-docker/install/eufs_plugins
[207.015s] DEBUG:colcon.colcon_core.event_handler.log_command:Invoking command in '/bristol_fsai_sim-docker/build/eufs_plugins': AMENT_PREFIX_PATH=/bristol_fsai_sim-docker/install/eufs_models:/bristol_fsai_sim-docker/install/eufs_msgs:${AMENT_PREFIX_PATH} CMAKE_PREFIX_PATH=/bristol_fsai_sim-docker/install/eufs_models:/bristol_fsai_sim-docker/install/eufs_msgs:/opt/ros/galactic LD_LIBRARY_PATH=/bristol_fsai_sim-docker/install/eufs_models/lib:/bristol_fsai_sim-docker/install/eufs_msgs/lib:${LD_LIBRARY_PATH} PYTHONPATH=/bristol_fsai_sim-docker/install/eufs_msgs/lib/python3.8/site-packages:${PYTHONPATH} /usr/bin/cmake --build /bristol_fsai_sim-docker/build/eufs_plugins -- -j8 -l8
[230.155s] DEBUG:colcon.colcon_core.event_handler.log_command:Invoked command in '/bristol_fsai_sim-docker/build/ros_can' returned '0': AMENT_PREFIX_PATH=/bristol_fsai_sim-docker/install/eufs_msgs:${AMENT_PREFIX_PATH} CMAKE_PREFIX_PATH=/bristol_fsai_sim-docker/install/eufs_msgs:/opt/ros/galactic LD_LIBRARY_PATH=/bristol_fsai_sim-docker/install/eufs_msgs/lib:${LD_LIBRARY_PATH} PYTHONPATH=/bristol_fsai_sim-docker/install/eufs_msgs/lib/python3.8/site-packages:${PYTHONPATH} /usr/bin/cmake --build /bristol_fsai_sim-docker/build/ros_can -- -j8 -l8
[230.255s] DEBUG:colcon.colcon_core.event_handler.log_command:Invoking command in '/bristol_fsai_sim-docker/build/ros_can': AMENT_PREFIX_PATH=/bristol_fsai_sim-docker/install/eufs_msgs:${AMENT_PREFIX_PATH} CMAKE_PREFIX_PATH=/bristol_fsai_sim-docker/install/eufs_msgs:/opt/ros/galactic LD_LIBRARY_PATH=/bristol_fsai_sim-docker/install/eufs_msgs/lib:${LD_LIBRARY_PATH} PYTHONPATH=/bristol_fsai_sim-docker/install/eufs_msgs/lib/python3.8/site-packages:${PYTHONPATH} /usr/bin/cmake --install /bristol_fsai_sim-docker/build/ros_can
[230.713s] Level 1:colcon.colcon_core.environment:create_environment_scripts_only(ros_can)
[230.720s] Level 1:colcon.colcon_core.environment:checking '/bristol_fsai_sim-docker/install/ros_can' for CMake module files
[230.720s] DEBUG:colcon.colcon_core.event_handler.log_command:Invoked command in '/bristol_fsai_sim-docker/build/ros_can' returned '0': AMENT_PREFIX_PATH=/bristol_fsai_sim-docker/install/eufs_msgs:${AMENT_PREFIX_PATH} CMAKE_PREFIX_PATH=/bristol_fsai_sim-docker/install/eufs_msgs:/opt/ros/galactic LD_LIBRARY_PATH=/bristol_fsai_sim-docker/install/eufs_msgs/lib:${LD_LIBRARY_PATH} PYTHONPATH=/bristol_fsai_sim-docker/install/eufs_msgs/lib/python3.8/site-packages:${PYTHONPATH} /usr/bin/cmake --install /bristol_fsai_sim-docker/build/ros_can
[230.722s] Level 1:colcon.colcon_core.environment:checking '/bristol_fsai_sim-docker/install/ros_can' for CMake config files
[230.723s] Level 1:colcon.colcon_core.shell:create_environment_hook('ros_can', 'cmake_prefix_path')
[230.726s] INFO:colcon.colcon_core.shell:Creating environment hook '/bristol_fsai_sim-docker/install/ros_can/share/ros_can/hook/cmake_prefix_path.ps1'
[230.728s] INFO:colcon.colcon_core.shell:Creating environment descriptor '/bristol_fsai_sim-docker/install/ros_can/share/ros_can/hook/cmake_prefix_path.dsv'
[230.728s] INFO:colcon.colcon_core.shell:Creating environment hook '/bristol_fsai_sim-docker/install/ros_can/share/ros_can/hook/cmake_prefix_path.sh'
[230.730s] Level 1:colcon.colcon_core.environment:checking '/bristol_fsai_sim-docker/install/ros_can/lib'
[230.730s] Level 1:colcon.colcon_core.environment:checking '/bristol_fsai_sim-docker/install/ros_can/bin'
[230.730s] Level 1:colcon.colcon_core.environment:checking '/bristol_fsai_sim-docker/install/ros_can/lib/pkgconfig/ros_can.pc'
[230.730s] Level 1:colcon.colcon_core.environment:checking '/bristol_fsai_sim-docker/install/ros_can/lib/python3.8/site-packages'
[230.731s] Level 1:colcon.colcon_core.environment:checking '/bristol_fsai_sim-docker/install/ros_can/bin'
[230.735s] INFO:colcon.colcon_core.shell:Creating package script '/bristol_fsai_sim-docker/install/ros_can/share/ros_can/package.ps1'
[230.738s] INFO:colcon.colcon_core.shell:Creating package descriptor '/bristol_fsai_sim-docker/install/ros_can/share/ros_can/package.dsv'
[230.739s] INFO:colcon.colcon_core.shell:Creating package script '/bristol_fsai_sim-docker/install/ros_can/share/ros_can/package.sh'
[230.740s] INFO:colcon.colcon_core.shell:Creating package script '/bristol_fsai_sim-docker/install/ros_can/share/ros_can/package.bash'
[230.741s] INFO:colcon.colcon_core.shell:Creating package script '/bristol_fsai_sim-docker/install/ros_can/share/ros_can/package.zsh'
[230.741s] Level 1:colcon.colcon_core.environment:create_file_with_runtime_dependencies(/bristol_fsai_sim-docker/install/ros_can/share/colcon-core/packages/ros_can)
[230.814s] Level 1:colcon.colcon_core.environment:create_environment_scripts_only(ros_can)
[230.836s] Level 1:colcon.colcon_core.environment:checking '/bristol_fsai_sim-docker/install/ros_can' for CMake module files
[230.840s] Level 1:colcon.colcon_core.environment:checking '/bristol_fsai_sim-docker/install/ros_can' for CMake config files
[230.842s] Level 1:colcon.colcon_core.shell:create_environment_hook('ros_can', 'cmake_prefix_path')
[230.846s] INFO:colcon.colcon_core.shell:Creating environment hook '/bristol_fsai_sim-docker/install/ros_can/share/ros_can/hook/cmake_prefix_path.ps1'
[230.847s] INFO:colcon.colcon_core.shell:Creating environment descriptor '/bristol_fsai_sim-docker/install/ros_can/share/ros_can/hook/cmake_prefix_path.dsv'
[230.848s] INFO:colcon.colcon_core.shell:Creating environment hook '/bristol_fsai_sim-docker/install/ros_can/share/ros_can/hook/cmake_prefix_path.sh'
[230.849s] Level 1:colcon.colcon_core.environment:checking '/bristol_fsai_sim-docker/install/ros_can/lib'
[230.849s] Level 1:colcon.colcon_core.environment:checking '/bristol_fsai_sim-docker/install/ros_can/bin'
[230.849s] Level 1:colcon.colcon_core.environment:checking '/bristol_fsai_sim-docker/install/ros_can/lib/pkgconfig/ros_can.pc'
[230.850s] Level 1:colcon.colcon_core.environment:checking '/bristol_fsai_sim-docker/install/ros_can/lib/python3.8/site-packages'
[230.850s] Level 1:colcon.colcon_core.environment:checking '/bristol_fsai_sim-docker/install/ros_can/bin'
[230.854s] INFO:colcon.colcon_core.shell:Creating package script '/bristol_fsai_sim-docker/install/ros_can/share/ros_can/package.ps1'
[230.856s] INFO:colcon.colcon_core.shell:Creating package descriptor '/bristol_fsai_sim-docker/install/ros_can/share/ros_can/package.dsv'
[230.857s] INFO:colcon.colcon_core.shell:Creating package script '/bristol_fsai_sim-docker/install/ros_can/share/ros_can/package.sh'
[230.857s] INFO:colcon.colcon_core.shell:Creating package script '/bristol_fsai_sim-docker/install/ros_can/share/ros_can/package.bash'
[230.858s] INFO:colcon.colcon_core.shell:Creating package script '/bristol_fsai_sim-docker/install/ros_can/share/ros_can/package.zsh'
[230.859s] Level 1:colcon.colcon_core.environment:create_file_with_runtime_dependencies(/bristol_fsai_sim-docker/install/ros_can/share/colcon-core/packages/ros_can)
[242.209s] DEBUG:colcon.colcon_core.event_handler.log_command:Invoked command in '/bristol_fsai_sim-docker/build/control_cpp' returned '0': AMENT_PREFIX_PATH=/bristol_fsai_sim-docker/install/eufs_msgs:${AMENT_PREFIX_PATH} CMAKE_PREFIX_PATH=/bristol_fsai_sim-docker/install/eufs_msgs:/opt/ros/galactic LD_LIBRARY_PATH=/bristol_fsai_sim-docker/install/eufs_msgs/lib:${LD_LIBRARY_PATH} PYTHONPATH=/bristol_fsai_sim-docker/install/eufs_msgs/lib/python3.8/site-packages:${PYTHONPATH} /usr/bin/cmake --build /bristol_fsai_sim-docker/build/control_cpp -- -j8 -l8
[242.279s] DEBUG:colcon.colcon_core.event_handler.log_command:Invoking command in '/bristol_fsai_sim-docker/build/control_cpp': AMENT_PREFIX_PATH=/bristol_fsai_sim-docker/install/eufs_msgs:${AMENT_PREFIX_PATH} CMAKE_PREFIX_PATH=/bristol_fsai_sim-docker/install/eufs_msgs:/opt/ros/galactic LD_LIBRARY_PATH=/bristol_fsai_sim-docker/install/eufs_msgs/lib:${LD_LIBRARY_PATH} PYTHONPATH=/bristol_fsai_sim-docker/install/eufs_msgs/lib/python3.8/site-packages:${PYTHONPATH} /usr/bin/cmake --install /bristol_fsai_sim-docker/build/control_cpp
[242.702s] Level 1:colcon.colcon_core.environment:create_environment_scripts_only(control_cpp)
[242.709s] DEBUG:colcon.colcon_core.event_handler.log_command:Invoked command in '/bristol_fsai_sim-docker/build/control_cpp' returned '0': AMENT_PREFIX_PATH=/bristol_fsai_sim-docker/install/eufs_msgs:${AMENT_PREFIX_PATH} CMAKE_PREFIX_PATH=/bristol_fsai_sim-docker/install/eufs_msgs:/opt/ros/galactic LD_LIBRARY_PATH=/bristol_fsai_sim-docker/install/eufs_msgs/lib:${LD_LIBRARY_PATH} PYTHONPATH=/bristol_fsai_sim-docker/install/eufs_msgs/lib/python3.8/site-packages:${PYTHONPATH} /usr/bin/cmake --install /bristol_fsai_sim-docker/build/control_cpp
[242.710s] Level 1:colcon.colcon_core.environment:checking '/bristol_fsai_sim-docker/install/control_cpp' for CMake module files
[242.713s] Level 1:colcon.colcon_core.environment:checking '/bristol_fsai_sim-docker/install/control_cpp' for CMake config files
[242.715s] Level 1:colcon.colcon_core.shell:create_environment_hook('control_cpp', 'cmake_prefix_path')
[242.719s] INFO:colcon.colcon_core.shell:Creating environment hook '/bristol_fsai_sim-docker/install/control_cpp/share/control_cpp/hook/cmake_prefix_path.ps1'
[242.721s] INFO:colcon.colcon_core.shell:Creating environment descriptor '/bristol_fsai_sim-docker/install/control_cpp/share/control_cpp/hook/cmake_prefix_path.dsv'
[242.722s] INFO:colcon.colcon_core.shell:Creating environment hook '/bristol_fsai_sim-docker/install/control_cpp/share/control_cpp/hook/cmake_prefix_path.sh'
[242.724s] Level 1:colcon.colcon_core.environment:checking '/bristol_fsai_sim-docker/install/control_cpp/lib'
[242.724s] Level 1:colcon.colcon_core.environment:checking '/bristol_fsai_sim-docker/install/control_cpp/bin'
[242.724s] Level 1:colcon.colcon_core.environment:checking '/bristol_fsai_sim-docker/install/control_cpp/lib/pkgconfig/control_cpp.pc'
[242.725s] Level 1:colcon.colcon_core.environment:checking '/bristol_fsai_sim-docker/install/control_cpp/lib/python3.8/site-packages'
[242.726s] Level 1:colcon.colcon_core.environment:checking '/bristol_fsai_sim-docker/install/control_cpp/bin'
[242.730s] INFO:colcon.colcon_core.shell:Creating package script '/bristol_fsai_sim-docker/install/control_cpp/share/control_cpp/package.ps1'
[242.731s] INFO:colcon.colcon_core.shell:Creating package descriptor '/bristol_fsai_sim-docker/install/control_cpp/share/control_cpp/package.dsv'
[242.733s] INFO:colcon.colcon_core.shell:Creating package script '/bristol_fsai_sim-docker/install/control_cpp/share/control_cpp/package.sh'
[242.734s] INFO:colcon.colcon_core.shell:Creating package script '/bristol_fsai_sim-docker/install/control_cpp/share/control_cpp/package.bash'
[242.734s] INFO:colcon.colcon_core.shell:Creating package script '/bristol_fsai_sim-docker/install/control_cpp/share/control_cpp/package.zsh'
[242.735s] Level 1:colcon.colcon_core.environment:create_file_with_runtime_dependencies(/bristol_fsai_sim-docker/install/control_cpp/share/colcon-core/packages/control_cpp)
[242.834s] Level 1:colcon.colcon_core.environment:create_environment_scripts_only(control_cpp)
[242.841s] Level 1:colcon.colcon_core.environment:checking '/bristol_fsai_sim-docker/install/control_cpp' for CMake module files
[242.842s] Level 1:colcon.colcon_core.environment:checking '/bristol_fsai_sim-docker/install/control_cpp' for CMake config files
[242.843s] Level 1:colcon.colcon_core.shell:create_environment_hook('control_cpp', 'cmake_prefix_path')
[242.847s] INFO:colcon.colcon_core.shell:Creating environment hook '/bristol_fsai_sim-docker/install/control_cpp/share/control_cpp/hook/cmake_prefix_path.ps1'
[242.849s] INFO:colcon.colcon_core.shell:Creating environment descriptor '/bristol_fsai_sim-docker/install/control_cpp/share/control_cpp/hook/cmake_prefix_path.dsv'
[242.850s] INFO:colcon.colcon_core.shell:Creating environment hook '/bristol_fsai_sim-docker/install/control_cpp/share/control_cpp/hook/cmake_prefix_path.sh'
[242.851s] Level 1:colcon.colcon_core.environment:checking '/bristol_fsai_sim-docker/install/control_cpp/lib'
[242.852s] Level 1:colcon.colcon_core.environment:checking '/bristol_fsai_sim-docker/install/control_cpp/bin'
[242.852s] Level 1:colcon.colcon_core.environment:checking '/bristol_fsai_sim-docker/install/control_cpp/lib/pkgconfig/control_cpp.pc'
[242.852s] Level 1:colcon.colcon_core.environment:checking '/bristol_fsai_sim-docker/install/control_cpp/lib/python3.8/site-packages'
[242.853s] Level 1:colcon.colcon_core.environment:checking '/bristol_fsai_sim-docker/install/control_cpp/bin'
[242.857s] INFO:colcon.colcon_core.shell:Creating package script '/bristol_fsai_sim-docker/install/control_cpp/share/control_cpp/package.ps1'
[242.858s] INFO:colcon.colcon_core.shell:Creating package descriptor '/bristol_fsai_sim-docker/install/control_cpp/share/control_cpp/package.dsv'
[242.860s] INFO:colcon.colcon_core.shell:Creating package script '/bristol_fsai_sim-docker/install/control_cpp/share/control_cpp/package.sh'
[242.861s] INFO:colcon.colcon_core.shell:Creating package script '/bristol_fsai_sim-docker/install/control_cpp/share/control_cpp/package.bash'
[242.861s] INFO:colcon.colcon_core.shell:Creating package script '/bristol_fsai_sim-docker/install/control_cpp/share/control_cpp/package.zsh'
[242.862s] Level 1:colcon.colcon_core.environment:create_file_with_runtime_dependencies(/bristol_fsai_sim-docker/install/control_cpp/share/colcon-core/packages/control_cpp)
[282.014s] DEBUG:colcon.colcon_core.event_handler.log_command:Invoked command in '/bristol_fsai_sim-docker/build/eufs_rviz_plugins' returned '0': AMENT_PREFIX_PATH=/bristol_fsai_sim-docker/install/eufs_msgs:${AMENT_PREFIX_PATH} CMAKE_PREFIX_PATH=/bristol_fsai_sim-docker/install/eufs_msgs:/opt/ros/galactic LD_LIBRARY_PATH=/bristol_fsai_sim-docker/install/eufs_msgs/lib:${LD_LIBRARY_PATH} PYTHONPATH=/bristol_fsai_sim-docker/install/eufs_msgs/lib/python3.8/site-packages:${PYTHONPATH} /usr/bin/cmake --build /bristol_fsai_sim-docker/build/eufs_rviz_plugins -- -j8 -l8
[282.086s] DEBUG:colcon.colcon_core.event_handler.log_command:Invoking command in '/bristol_fsai_sim-docker/build/eufs_rviz_plugins': AMENT_PREFIX_PATH=/bristol_fsai_sim-docker/install/eufs_msgs:${AMENT_PREFIX_PATH} CMAKE_PREFIX_PATH=/bristol_fsai_sim-docker/install/eufs_msgs:/opt/ros/galactic LD_LIBRARY_PATH=/bristol_fsai_sim-docker/install/eufs_msgs/lib:${LD_LIBRARY_PATH} PYTHONPATH=/bristol_fsai_sim-docker/install/eufs_msgs/lib/python3.8/site-packages:${PYTHONPATH} /usr/bin/cmake --install /bristol_fsai_sim-docker/build/eufs_rviz_plugins
[282.610s] Level 1:colcon.colcon_core.environment:create_environment_scripts_only(eufs_rviz_plugins)
[282.614s] Level 1:colcon.colcon_core.environment:checking '/bristol_fsai_sim-docker/install/eufs_rviz_plugins' for CMake module files
[282.615s] DEBUG:colcon.colcon_core.event_handler.log_command:Invoked command in '/bristol_fsai_sim-docker/build/eufs_rviz_plugins' returned '0': AMENT_PREFIX_PATH=/bristol_fsai_sim-docker/install/eufs_msgs:${AMENT_PREFIX_PATH} CMAKE_PREFIX_PATH=/bristol_fsai_sim-docker/install/eufs_msgs:/opt/ros/galactic LD_LIBRARY_PATH=/bristol_fsai_sim-docker/install/eufs_msgs/lib:${LD_LIBRARY_PATH} PYTHONPATH=/bristol_fsai_sim-docker/install/eufs_msgs/lib/python3.8/site-packages:${PYTHONPATH} /usr/bin/cmake --install /bristol_fsai_sim-docker/build/eufs_rviz_plugins
[282.617s] Level 1:colcon.colcon_core.environment:checking '/bristol_fsai_sim-docker/install/eufs_rviz_plugins' for CMake config files
[282.618s] Level 1:colcon.colcon_core.shell:create_environment_hook('eufs_rviz_plugins', 'cmake_prefix_path')
[282.621s] INFO:colcon.colcon_core.shell:Creating environment hook '/bristol_fsai_sim-docker/install/eufs_rviz_plugins/share/eufs_rviz_plugins/hook/cmake_prefix_path.ps1'
[282.622s] INFO:colcon.colcon_core.shell:Creating environment descriptor '/bristol_fsai_sim-docker/install/eufs_rviz_plugins/share/eufs_rviz_plugins/hook/cmake_prefix_path.dsv'
[282.623s] INFO:colcon.colcon_core.shell:Creating environment hook '/bristol_fsai_sim-docker/install/eufs_rviz_plugins/share/eufs_rviz_plugins/hook/cmake_prefix_path.sh'
[282.624s] Level 1:colcon.colcon_core.environment:checking '/bristol_fsai_sim-docker/install/eufs_rviz_plugins/lib'
[282.624s] Level 1:colcon.colcon_core.shell:create_environment_hook('eufs_rviz_plugins', 'ld_library_path_lib')
[282.628s] INFO:colcon.colcon_core.shell:Creating environment hook '/bristol_fsai_sim-docker/install/eufs_rviz_plugins/share/eufs_rviz_plugins/hook/ld_library_path_lib.ps1'
[282.629s] INFO:colcon.colcon_core.shell:Creating environment descriptor '/bristol_fsai_sim-docker/install/eufs_rviz_plugins/share/eufs_rviz_plugins/hook/ld_library_path_lib.dsv'
[282.629s] INFO:colcon.colcon_core.shell:Creating environment hook '/bristol_fsai_sim-docker/install/eufs_rviz_plugins/share/eufs_rviz_plugins/hook/ld_library_path_lib.sh'
[282.630s] Level 1:colcon.colcon_core.environment:checking '/bristol_fsai_sim-docker/install/eufs_rviz_plugins/bin'
[282.630s] Level 1:colcon.colcon_core.environment:checking '/bristol_fsai_sim-docker/install/eufs_rviz_plugins/lib/pkgconfig/eufs_rviz_plugins.pc'
[282.631s] Level 1:colcon.colcon_core.environment:checking '/bristol_fsai_sim-docker/install/eufs_rviz_plugins/lib/python3.8/site-packages'
[282.631s] Level 1:colcon.colcon_core.environment:checking '/bristol_fsai_sim-docker/install/eufs_rviz_plugins/bin'
[282.633s] INFO:colcon.colcon_core.shell:Creating package script '/bristol_fsai_sim-docker/install/eufs_rviz_plugins/share/eufs_rviz_plugins/package.ps1'
[282.634s] INFO:colcon.colcon_core.shell:Creating package descriptor '/bristol_fsai_sim-docker/install/eufs_rviz_plugins/share/eufs_rviz_plugins/package.dsv'
[282.635s] INFO:colcon.colcon_core.shell:Creating package script '/bristol_fsai_sim-docker/install/eufs_rviz_plugins/share/eufs_rviz_plugins/package.sh'
[282.636s] INFO:colcon.colcon_core.shell:Creating package script '/bristol_fsai_sim-docker/install/eufs_rviz_plugins/share/eufs_rviz_plugins/package.bash'
[282.637s] INFO:colcon.colcon_core.shell:Creating package script '/bristol_fsai_sim-docker/install/eufs_rviz_plugins/share/eufs_rviz_plugins/package.zsh'
[282.637s] Level 1:colcon.colcon_core.environment:create_file_with_runtime_dependencies(/bristol_fsai_sim-docker/install/eufs_rviz_plugins/share/colcon-core/packages/eufs_rviz_plugins)
[282.716s] Level 1:colcon.colcon_core.environment:create_environment_scripts_only(eufs_rviz_plugins)
[282.721s] Level 1:colcon.colcon_core.environment:checking '/bristol_fsai_sim-docker/install/eufs_rviz_plugins' for CMake module files
[282.722s] Level 1:colcon.colcon_core.environment:checking '/bristol_fsai_sim-docker/install/eufs_rviz_plugins' for CMake config files
[282.723s] Level 1:colcon.colcon_core.shell:create_environment_hook('eufs_rviz_plugins', 'cmake_prefix_path')
[282.726s] INFO:colcon.colcon_core.shell:Creating environment hook '/bristol_fsai_sim-docker/install/eufs_rviz_plugins/share/eufs_rviz_plugins/hook/cmake_prefix_path.ps1'
[282.728s] INFO:colcon.colcon_core.shell:Creating environment descriptor '/bristol_fsai_sim-docker/install/eufs_rviz_plugins/share/eufs_rviz_plugins/hook/cmake_prefix_path.dsv'
[282.728s] INFO:colcon.colcon_core.shell:Creating environment hook '/bristol_fsai_sim-docker/install/eufs_rviz_plugins/share/eufs_rviz_plugins/hook/cmake_prefix_path.sh'
[282.730s] Level 1:colcon.colcon_core.environment:checking '/bristol_fsai_sim-docker/install/eufs_rviz_plugins/lib'
[282.730s] Level 1:colcon.colcon_core.shell:create_environment_hook('eufs_rviz_plugins', 'ld_library_path_lib')
[282.732s] INFO:colcon.colcon_core.shell:Creating environment hook '/bristol_fsai_sim-docker/install/eufs_rviz_plugins/share/eufs_rviz_plugins/hook/ld_library_path_lib.ps1'
[282.733s] INFO:colcon.colcon_core.shell:Creating environment descriptor '/bristol_fsai_sim-docker/install/eufs_rviz_plugins/share/eufs_rviz_plugins/hook/ld_library_path_lib.dsv'
[282.733s] INFO:colcon.colcon_core.shell:Creating environment hook '/bristol_fsai_sim-docker/install/eufs_rviz_plugins/share/eufs_rviz_plugins/hook/ld_library_path_lib.sh'
[282.734s] Level 1:colcon.colcon_core.environment:checking '/bristol_fsai_sim-docker/install/eufs_rviz_plugins/bin'
[282.734s] Level 1:colcon.colcon_core.environment:checking '/bristol_fsai_sim-docker/install/eufs_rviz_plugins/lib/pkgconfig/eufs_rviz_plugins.pc'
[282.734s] Level 1:colcon.colcon_core.environment:checking '/bristol_fsai_sim-docker/install/eufs_rviz_plugins/lib/python3.8/site-packages'
[282.735s] Level 1:colcon.colcon_core.environment:checking '/bristol_fsai_sim-docker/install/eufs_rviz_plugins/bin'
[282.737s] INFO:colcon.colcon_core.shell:Creating package script '/bristol_fsai_sim-docker/install/eufs_rviz_plugins/share/eufs_rviz_plugins/package.ps1'
[282.739s] INFO:colcon.colcon_core.shell:Creating package descriptor '/bristol_fsai_sim-docker/install/eufs_rviz_plugins/share/eufs_rviz_plugins/package.dsv'
[282.739s] INFO:colcon.colcon_core.shell:Creating package script '/bristol_fsai_sim-docker/install/eufs_rviz_plugins/share/eufs_rviz_plugins/package.sh'
[282.740s] INFO:colcon.colcon_core.shell:Creating package script '/bristol_fsai_sim-docker/install/eufs_rviz_plugins/share/eufs_rviz_plugins/package.bash'
[282.741s] INFO:colcon.colcon_core.shell:Creating package script '/bristol_fsai_sim-docker/install/eufs_rviz_plugins/share/eufs_rviz_plugins/package.zsh'
[282.741s] Level 1:colcon.colcon_core.environment:create_file_with_runtime_dependencies(/bristol_fsai_sim-docker/install/eufs_rviz_plugins/share/colcon-core/packages/eufs_rviz_plugins)
[383.504s] DEBUG:colcon.colcon_core.event_handler.log_command:Invoked command in '/bristol_fsai_sim-docker/build/eufs_plugins' returned '0': AMENT_PREFIX_PATH=/bristol_fsai_sim-docker/install/eufs_models:/bristol_fsai_sim-docker/install/eufs_msgs:${AMENT_PREFIX_PATH} CMAKE_PREFIX_PATH=/bristol_fsai_sim-docker/install/eufs_models:/bristol_fsai_sim-docker/install/eufs_msgs:/opt/ros/galactic LD_LIBRARY_PATH=/bristol_fsai_sim-docker/install/eufs_models/lib:/bristol_fsai_sim-docker/install/eufs_msgs/lib:${LD_LIBRARY_PATH} PYTHONPATH=/bristol_fsai_sim-docker/install/eufs_msgs/lib/python3.8/site-packages:${PYTHONPATH} /usr/bin/cmake --build /bristol_fsai_sim-docker/build/eufs_plugins -- -j8 -l8
[383.575s] DEBUG:colcon.colcon_core.event_handler.log_command:Invoking command in '/bristol_fsai_sim-docker/build/eufs_plugins': AMENT_PREFIX_PATH=/bristol_fsai_sim-docker/install/eufs_models:/bristol_fsai_sim-docker/install/eufs_msgs:${AMENT_PREFIX_PATH} CMAKE_PREFIX_PATH=/bristol_fsai_sim-docker/install/eufs_models:/bristol_fsai_sim-docker/install/eufs_msgs:/opt/ros/galactic LD_LIBRARY_PATH=/bristol_fsai_sim-docker/install/eufs_models/lib:/bristol_fsai_sim-docker/install/eufs_msgs/lib:${LD_LIBRARY_PATH} PYTHONPATH=/bristol_fsai_sim-docker/install/eufs_msgs/lib/python3.8/site-packages:${PYTHONPATH} /usr/bin/cmake --install /bristol_fsai_sim-docker/build/eufs_plugins
[384.109s] Level 1:colcon.colcon_core.environment:create_environment_scripts_only(eufs_plugins)
[384.113s] Level 1:colcon.colcon_core.environment:checking '/bristol_fsai_sim-docker/install/eufs_plugins' for CMake module files
[384.113s] DEBUG:colcon.colcon_core.event_handler.log_command:Invoked command in '/bristol_fsai_sim-docker/build/eufs_plugins' returned '0': AMENT_PREFIX_PATH=/bristol_fsai_sim-docker/install/eufs_models:/bristol_fsai_sim-docker/install/eufs_msgs:${AMENT_PREFIX_PATH} CMAKE_PREFIX_PATH=/bristol_fsai_sim-docker/install/eufs_models:/bristol_fsai_sim-docker/install/eufs_msgs:/opt/ros/galactic LD_LIBRARY_PATH=/bristol_fsai_sim-docker/install/eufs_models/lib:/bristol_fsai_sim-docker/install/eufs_msgs/lib:${LD_LIBRARY_PATH} PYTHONPATH=/bristol_fsai_sim-docker/install/eufs_msgs/lib/python3.8/site-packages:${PYTHONPATH} /usr/bin/cmake --install /bristol_fsai_sim-docker/build/eufs_plugins
[384.114s] Level 1:colcon.colcon_core.environment:checking '/bristol_fsai_sim-docker/install/eufs_plugins' for CMake config files
[384.115s] Level 1:colcon.colcon_core.shell:create_environment_hook('eufs_plugins', 'cmake_prefix_path')
[384.117s] INFO:colcon.colcon_core.shell:Creating environment hook '/bristol_fsai_sim-docker/install/eufs_plugins/share/eufs_plugins/hook/cmake_prefix_path.ps1'
[384.118s] INFO:colcon.colcon_core.shell:Creating environment descriptor '/bristol_fsai_sim-docker/install/eufs_plugins/share/eufs_plugins/hook/cmake_prefix_path.dsv'
[384.118s] INFO:colcon.colcon_core.shell:Creating environment hook '/bristol_fsai_sim-docker/install/eufs_plugins/share/eufs_plugins/hook/cmake_prefix_path.sh'
[384.119s] Level 1:colcon.colcon_core.environment:checking '/bristol_fsai_sim-docker/install/eufs_plugins/lib'
[384.120s] Level 1:colcon.colcon_core.shell:create_environment_hook('eufs_plugins', 'ld_library_path_lib')
[384.122s] INFO:colcon.colcon_core.shell:Creating environment hook '/bristol_fsai_sim-docker/install/eufs_plugins/share/eufs_plugins/hook/ld_library_path_lib.ps1'
[384.122s] INFO:colcon.colcon_core.shell:Creating environment descriptor '/bristol_fsai_sim-docker/install/eufs_plugins/share/eufs_plugins/hook/ld_library_path_lib.dsv'
[384.123s] INFO:colcon.colcon_core.shell:Creating environment hook '/bristol_fsai_sim-docker/install/eufs_plugins/share/eufs_plugins/hook/ld_library_path_lib.sh'
[384.123s] Level 1:colcon.colcon_core.environment:checking '/bristol_fsai_sim-docker/install/eufs_plugins/bin'
[384.123s] Level 1:colcon.colcon_core.environment:checking '/bristol_fsai_sim-docker/install/eufs_plugins/lib/pkgconfig/eufs_plugins.pc'
[384.124s] Level 1:colcon.colcon_core.environment:checking '/bristol_fsai_sim-docker/install/eufs_plugins/lib/python3.8/site-packages'
[384.124s] Level 1:colcon.colcon_core.environment:checking '/bristol_fsai_sim-docker/install/eufs_plugins/bin'
[384.127s] INFO:colcon.colcon_core.shell:Creating package script '/bristol_fsai_sim-docker/install/eufs_plugins/share/eufs_plugins/package.ps1'
[384.128s] INFO:colcon.colcon_core.shell:Creating package descriptor '/bristol_fsai_sim-docker/install/eufs_plugins/share/eufs_plugins/package.dsv'
[384.129s] INFO:colcon.colcon_core.shell:Creating package script '/bristol_fsai_sim-docker/install/eufs_plugins/share/eufs_plugins/package.sh'
[384.130s] INFO:colcon.colcon_core.shell:Creating package script '/bristol_fsai_sim-docker/install/eufs_plugins/share/eufs_plugins/package.bash'
[384.130s] INFO:colcon.colcon_core.shell:Creating package script '/bristol_fsai_sim-docker/install/eufs_plugins/share/eufs_plugins/package.zsh'
[384.131s] Level 1:colcon.colcon_core.environment:create_file_with_runtime_dependencies(/bristol_fsai_sim-docker/install/eufs_plugins/share/colcon-core/packages/eufs_plugins)
[384.197s] Level 1:colcon.colcon_core.environment:create_environment_scripts_only(eufs_plugins)
[384.201s] Level 1:colcon.colcon_core.environment:checking '/bristol_fsai_sim-docker/install/eufs_plugins' for CMake module files
[384.202s] Level 1:colcon.colcon_core.environment:checking '/bristol_fsai_sim-docker/install/eufs_plugins' for CMake config files
[384.202s] Level 1:colcon.colcon_core.shell:create_environment_hook('eufs_plugins', 'cmake_prefix_path')
[384.204s] INFO:colcon.colcon_core.shell:Creating environment hook '/bristol_fsai_sim-docker/install/eufs_plugins/share/eufs_plugins/hook/cmake_prefix_path.ps1'
[384.205s] INFO:colcon.colcon_core.shell:Creating environment descriptor '/bristol_fsai_sim-docker/install/eufs_plugins/share/eufs_plugins/hook/cmake_prefix_path.dsv'
[384.206s] INFO:colcon.colcon_core.shell:Creating environment hook '/bristol_fsai_sim-docker/install/eufs_plugins/share/eufs_plugins/hook/cmake_prefix_path.sh'
[384.207s] Level 1:colcon.colcon_core.environment:checking '/bristol_fsai_sim-docker/install/eufs_plugins/lib'
[384.207s] Level 1:colcon.colcon_core.shell:create_environment_hook('eufs_plugins', 'ld_library_path_lib')
[384.209s] INFO:colcon.colcon_core.shell:Creating environment hook '/bristol_fsai_sim-docker/install/eufs_plugins/share/eufs_plugins/hook/ld_library_path_lib.ps1'
[384.209s] INFO:colcon.colcon_core.shell:Creating environment descriptor '/bristol_fsai_sim-docker/install/eufs_plugins/share/eufs_plugins/hook/ld_library_path_lib.dsv'
[384.210s] INFO:colcon.colcon_core.shell:Creating environment hook '/bristol_fsai_sim-docker/install/eufs_plugins/share/eufs_plugins/hook/ld_library_path_lib.sh'
[384.210s] Level 1:colcon.colcon_core.environment:checking '/bristol_fsai_sim-docker/install/eufs_plugins/bin'
[384.211s] Level 1:colcon.colcon_core.environment:checking '/bristol_fsai_sim-docker/install/eufs_plugins/lib/pkgconfig/eufs_plugins.pc'
[384.211s] Level 1:colcon.colcon_core.environment:checking '/bristol_fsai_sim-docker/install/eufs_plugins/lib/python3.8/site-packages'
[384.211s] Level 1:colcon.colcon_core.environment:checking '/bristol_fsai_sim-docker/install/eufs_plugins/bin'
[384.214s] INFO:colcon.colcon_core.shell:Creating package script '/bristol_fsai_sim-docker/install/eufs_plugins/share/eufs_plugins/package.ps1'
[384.214s] INFO:colcon.colcon_core.shell:Creating package descriptor '/bristol_fsai_sim-docker/install/eufs_plugins/share/eufs_plugins/package.dsv'
[384.215s] INFO:colcon.colcon_core.shell:Creating package script '/bristol_fsai_sim-docker/install/eufs_plugins/share/eufs_plugins/package.sh'
[384.216s] INFO:colcon.colcon_core.shell:Creating package script '/bristol_fsai_sim-docker/install/eufs_plugins/share/eufs_plugins/package.bash'
[384.216s] INFO:colcon.colcon_core.shell:Creating package script '/bristol_fsai_sim-docker/install/eufs_plugins/share/eufs_plugins/package.zsh'
[384.217s] Level 1:colcon.colcon_core.environment:create_file_with_runtime_dependencies(/bristol_fsai_sim-docker/install/eufs_plugins/share/colcon-core/packages/eufs_plugins)
[384.218s] DEBUG:colcon.colcon_parallel_executor.executor.parallel:closing loop
[384.218s] DEBUG:colcon.colcon_parallel_executor.executor.parallel:loop closed
[384.218s] DEBUG:colcon.colcon_parallel_executor.executor.parallel:run_until_complete finished with '0'
[384.219s] DEBUG:colcon.colcon_core.event_reactor:joining thread
[384.231s] INFO:colcon.colcon_core.plugin_system:Skipping extension 'colcon_notification.desktop_notification.notify_send': Could not find 'notify-send'
[384.231s] INFO:colcon.colcon_core.plugin_system:Skipping extension 'colcon_notification.desktop_notification.terminal_notifier': Not used on non-Darwin systems
[384.232s] INFO:colcon.colcon_core.plugin_system:Skipping extension 'colcon_notification.desktop_notification.win32': Not used on non-Windows systems
[384.232s] INFO:colcon.colcon_notification.desktop_notification:Sending desktop notification using 'notify2'
[384.235s] DEBUG:colcon.colcon_notification.desktop_notification.notify2:Failed to initialize notify2: org.freedesktop.DBus.Error.Spawn.ExecFailed: /usr/bin/dbus-launch terminated abnormally without any error message
[384.236s] DEBUG:colcon.colcon_core.event_reactor:joined thread
[384.244s] INFO:colcon.colcon_core.shell:Creating prefix script '/bristol_fsai_sim-docker/install/local_setup.ps1'
[384.246s] INFO:colcon.colcon_core.shell:Creating prefix util module '/bristol_fsai_sim-docker/install/_local_setup_util_ps1.py'
[384.250s] INFO:colcon.colcon_core.shell:Creating prefix chain script '/bristol_fsai_sim-docker/install/setup.ps1'
[384.253s] INFO:colcon.colcon_core.shell:Creating prefix script '/bristol_fsai_sim-docker/install/local_setup.sh'
[384.254s] INFO:colcon.colcon_core.shell:Creating prefix util module '/bristol_fsai_sim-docker/install/_local_setup_util_sh.py'
[384.256s] INFO:colcon.colcon_core.shell:Creating prefix chain script '/bristol_fsai_sim-docker/install/setup.sh'
[384.259s] INFO:colcon.colcon_core.shell:Creating prefix script '/bristol_fsai_sim-docker/install/local_setup.bash'
[384.260s] INFO:colcon.colcon_core.shell:Creating prefix chain script '/bristol_fsai_sim-docker/install/setup.bash'
[384.263s] INFO:colcon.colcon_core.shell:Creating prefix script '/bristol_fsai_sim-docker/install/local_setup.zsh'
[384.264s] INFO:colcon.colcon_core.shell:Creating prefix chain script '/bristol_fsai_sim-docker/install/setup.zsh'
