[0.183s] Invoking command in '/bristol_fsai_sim-docker/build/eufs_msgs': CMAKE_PREFIX_PATH=/opt/ros/galactic /usr/bin/cmake /bristol_fsai_sim-docker/eufs_msgs -DAMENT_CMAKE_SYMLINK_INSTALL=1 -DCMAKE_INSTALL_PREFIX=/bristol_fsai_sim-docker/install/eufs_msgs
[2.096s] -- The C compiler identification is GNU 9.4.0
[2.097s] -- The CXX compiler identification is GNU 9.4.0
[2.097s] -- Check for working C compiler: /usr/bin/cc
[2.097s] -- Check for working C compiler: /usr/bin/cc -- works
[2.097s] -- Detecting C compiler ABI info
[2.097s] -- Detecting C compiler ABI info - done
[2.098s] -- Detecting C compile features
[2.099s] -- Detecting C compile features - done
[2.099s] -- Check for working CXX compiler: /usr/bin/c++
[2.101s] -- Check for working CXX compiler: /usr/bin/c++ -- works
[2.101s] -- Detecting CXX compiler ABI info
[2.102s] -- Detecting CXX compiler ABI info - done
[2.102s] -- Detecting CXX compile features
[2.103s] -- Detecting CXX compile features - done
[2.103s] -- Found ament_cmake: 1.1.6 (/opt/ros/galactic/share/ament_cmake/cmake)
[2.103s] -- Found PythonInterp: /usr/bin/python3 (found suitable version "3.8.10", minimum required is "3") 
[2.105s] -- Using PYTHON_EXECUTABLE: /usr/bin/python3
[2.105s] -- Override CMake install command with custom implementation using symlinks instead of copying resources
[2.109s] -- Found rosidl_default_generators: 1.1.1 (/opt/ros/galactic/share/rosidl_default_generators/cmake)
[2.109s] -- Using all available rosidl_typesupport_c: rosidl_typesupport_fastrtps_c;rosidl_typesupport_introspection_c
[2.110s] -- Found rosidl_adapter: 2.2.3 (/opt/ros/galactic/share/rosidl_adapter/cmake)
[2.110s] -- Found OpenSSL: /usr/lib/x86_64-linux-gnu/libcrypto.so (found version "1.1.1f")  
[2.110s] -- Found FastRTPS: /opt/ros/galactic/include  
[2.110s] -- Using all available rosidl_typesupport_cpp: rosidl_typesupport_fastrtps_cpp;rosidl_typesupport_introspection_cpp
[2.115s] -- Found std_msgs: 2.2.4 (/opt/ros/galactic/share/std_msgs/cmake)
[2.214s] -- Found geometry_msgs: 2.2.4 (/opt/ros/galactic/share/geometry_msgs/cmake)
[2.359s] -- Found sensor_msgs: 2.2.4 (/opt/ros/galactic/share/sensor_msgs/cmake)
[2.872s] -- Found PythonInterp: /usr/bin/python3 (found version "3.8.10") 
[5.444s] -- Found ament_cmake_ros: 0.9.2 (/opt/ros/galactic/share/ament_cmake_ros/cmake)
[6.457s] -- Using all available rosidl_typesupport_c: rosidl_typesupport_fastrtps_c;rosidl_typesupport_introspection_c
[6.918s] -- Using all available rosidl_typesupport_cpp: rosidl_typesupport_fastrtps_cpp;rosidl_typesupport_introspection_cpp
[6.988s] -- Found PythonInterp: /usr/bin/python3 (found suitable version "3.8.10", minimum required is "3.5") 
[6.992s] -- Found python_cmake_module: 0.8.1 (/opt/ros/galactic/share/python_cmake_module/cmake)
[7.061s] -- Found PythonLibs: /usr/lib/x86_64-linux-gnu/libpython3.8.so (found suitable version "3.8.10", minimum required is "3.5") 
[7.061s] -- Using PYTHON_EXECUTABLE: /usr/bin/python3
[7.061s] -- Using PYTHON_INCLUDE_DIRS: /usr/include/python3.8
[7.061s] -- Using PYTHON_LIBRARIES: /usr/lib/x86_64-linux-gnu/libpython3.8.so
[7.104s] -- Found PythonExtra: .so  
[7.516s] -- Configuring done
[8.043s] -- Generating done
[8.052s] -- Build files have been written to: /bristol_fsai_sim-docker/build/eufs_msgs
[8.073s] Invoked command in '/bristol_fsai_sim-docker/build/eufs_msgs' returned '0': CMAKE_PREFIX_PATH=/opt/ros/galactic /usr/bin/cmake /bristol_fsai_sim-docker/eufs_msgs -DAMENT_CMAKE_SYMLINK_INSTALL=1 -DCMAKE_INSTALL_PREFIX=/bristol_fsai_sim-docker/install/eufs_msgs
[8.079s] Invoking command in '/bristol_fsai_sim-docker/build/eufs_msgs': CMAKE_PREFIX_PATH=/opt/ros/galactic /usr/bin/cmake --build /bristol_fsai_sim-docker/build/eufs_msgs -- -j8 -l8
[8.285s] [35m[1mScanning dependencies of target eufs_msgs__cpp[0m
[8.294s] [  0%] [34m[1mGenerating C code for ROS interfaces[0m
[8.316s] [  0%] [34m[1mGenerating C++ code for ROS interfaces[0m
[18.473s] [  0%] Built target eufs_msgs__cpp
[18.521s] [  0%] [34m[1mGenerating C++ introspection for ROS interfaces[0m
[18.521s] [  0%] [34m[1mGenerating C++ type support for eProsima Fast-RTPS[0m
[18.523s] [  0%] [34m[1mGenerating C++ type support dispatch for ROS interfaces[0m
[21.847s] [35m[1mScanning dependencies of target eufs_msgs__rosidl_generator_c[0m
[22.055s] [  0%] [32mBuilding C object CMakeFiles/eufs_msgs__rosidl_generator_c.dir/rosidl_generator_c/eufs_msgs/msg/detail/can_state__functions.c.o[0m
[22.073s] [  0%] [32mBuilding C object CMakeFiles/eufs_msgs__rosidl_generator_c.dir/rosidl_generator_c/eufs_msgs/msg/detail/car_state__functions.c.o[0m
[22.074s] [  1%] [32mBuilding C object CMakeFiles/eufs_msgs__rosidl_generator_c.dir/rosidl_generator_c/eufs_msgs/msg/detail/bounding_boxes__functions.c.o[0m
[22.082s] [  1%] [32mBuilding C object CMakeFiles/eufs_msgs__rosidl_generator_c.dir/rosidl_generator_c/eufs_msgs/msg/detail/car_forces__functions.c.o[0m
[22.092s] [  1%] [32mBuilding C object CMakeFiles/eufs_msgs__rosidl_generator_c.dir/rosidl_generator_c/eufs_msgs/msg/detail/bounding_box__functions.c.o[0m
[22.221s] [  1%] [32mBuilding C object CMakeFiles/eufs_msgs__rosidl_generator_c.dir/rosidl_generator_c/eufs_msgs/msg/detail/chassis_command__functions.c.o[0m
[22.285s] [  1%] [32mBuilding C object CMakeFiles/eufs_msgs__rosidl_generator_c.dir/rosidl_generator_c/eufs_msgs/msg/detail/chassis_state__functions.c.o[0m
[22.302s] [  2%] [32mBuilding C object CMakeFiles/eufs_msgs__rosidl_generator_c.dir/rosidl_generator_c/eufs_msgs/msg/detail/cone_array__functions.c.o[0m
[22.331s] [  2%] [32mBuilding C object CMakeFiles/eufs_msgs__rosidl_generator_c.dir/rosidl_generator_c/eufs_msgs/msg/detail/cone_array_with_covariance__functions.c.o[0m
[22.332s] [  2%] [32mBuilding C object CMakeFiles/eufs_msgs__rosidl_generator_c.dir/rosidl_generator_c/eufs_msgs/msg/detail/cone_array_with_covariance_plus__functions.c.o[0m
[22.414s] [  2%] [32mBuilding C object CMakeFiles/eufs_msgs__rosidl_generator_c.dir/rosidl_generator_c/eufs_msgs/msg/detail/cone_with_covariance__functions.c.o[0m
[22.477s] [  3%] [32mBuilding C object CMakeFiles/eufs_msgs__rosidl_generator_c.dir/rosidl_generator_c/eufs_msgs/msg/detail/cone_association__functions.c.o[0m
[22.487s] [  3%] [32mBuilding C object CMakeFiles/eufs_msgs__rosidl_generator_c.dir/rosidl_generator_c/eufs_msgs/msg/detail/cone_with_covariance_plus__functions.c.o[0m
[22.533s] [  3%] [32mBuilding C object CMakeFiles/eufs_msgs__rosidl_generator_c.dir/rosidl_generator_c/eufs_msgs/msg/detail/cone_association_array__functions.c.o[0m
[22.567s] [  3%] [32mBuilding C object CMakeFiles/eufs_msgs__rosidl_generator_c.dir/rosidl_generator_c/eufs_msgs/msg/detail/cone_association_array_array_stamped__functions.c.o[0m
[22.627s] [  3%] [32mBuilding C object CMakeFiles/eufs_msgs__rosidl_generator_c.dir/rosidl_generator_c/eufs_msgs/msg/detail/cone_association_array_stamped__functions.c.o[0m
[22.642s] [  3%] [32mBuilding C object CMakeFiles/eufs_msgs__rosidl_generator_c.dir/rosidl_generator_c/eufs_msgs/msg/detail/costmap__functions.c.o[0m
[22.684s] [  3%] [32mBuilding C object CMakeFiles/eufs_msgs__rosidl_generator_c.dir/rosidl_generator_c/eufs_msgs/msg/detail/cpu_usage__functions.c.o[0m
[22.688s] [  4%] [32mBuilding C object CMakeFiles/eufs_msgs__rosidl_generator_c.dir/rosidl_generator_c/eufs_msgs/msg/detail/cpu_status__functions.c.o[0m
[22.784s] [  4%] [32mBuilding C object CMakeFiles/eufs_msgs__rosidl_generator_c.dir/rosidl_generator_c/eufs_msgs/msg/detail/ekf_err__functions.c.o[0m
[22.853s] [  4%] [32mBuilding C object CMakeFiles/eufs_msgs__rosidl_generator_c.dir/rosidl_generator_c/eufs_msgs/msg/detail/full_state__functions.c.o[0m
[22.857s] [  4%] [32mBuilding C object CMakeFiles/eufs_msgs__rosidl_generator_c.dir/rosidl_generator_c/eufs_msgs/msg/detail/ekf_state__functions.c.o[0m
[23.004s] [  5%] [32mBuilding C object CMakeFiles/eufs_msgs__rosidl_generator_c.dir/rosidl_generator_c/eufs_msgs/msg/detail/integration_err__functions.c.o[0m
[23.008s] [  5%] [32mBuilding C object CMakeFiles/eufs_msgs__rosidl_generator_c.dir/rosidl_generator_c/eufs_msgs/msg/detail/heartbeat__functions.c.o[0m
[23.041s] [  5%] [32mBuilding C object CMakeFiles/eufs_msgs__rosidl_generator_c.dir/rosidl_generator_c/eufs_msgs/msg/detail/lap_stats__functions.c.o[0m
[23.089s] [  5%] [32mBuilding C object CMakeFiles/eufs_msgs__rosidl_generator_c.dir/rosidl_generator_c/eufs_msgs/msg/detail/mpc_state__functions.c.o[0m
[23.143s] [  5%] [32mBuilding C object CMakeFiles/eufs_msgs__rosidl_generator_c.dir/rosidl_generator_c/eufs_msgs/msg/detail/node_state__functions.c.o[0m
[23.279s] [  5%] [32mBuilding C object CMakeFiles/eufs_msgs__rosidl_generator_c.dir/rosidl_generator_c/eufs_msgs/msg/detail/node_state_array__functions.c.o[0m
[23.292s] [  5%] [32mBuilding C object CMakeFiles/eufs_msgs__rosidl_generator_c.dir/rosidl_generator_c/eufs_msgs/msg/detail/particle__functions.c.o[0m
[23.295s] [  6%] [32mBuilding C object CMakeFiles/eufs_msgs__rosidl_generator_c.dir/rosidl_generator_c/eufs_msgs/msg/detail/oss__functions.c.o[0m
[23.326s] [  6%] [32mBuilding C object CMakeFiles/eufs_msgs__rosidl_generator_c.dir/rosidl_generator_c/eufs_msgs/msg/detail/particle_slam__functions.c.o[0m
[23.339s] [  6%] [32mBuilding C object CMakeFiles/eufs_msgs__rosidl_generator_c.dir/rosidl_generator_c/eufs_msgs/msg/detail/particle_slam_stamped__functions.c.o[0m
[23.445s] [  6%] [32mBuilding C object CMakeFiles/eufs_msgs__rosidl_generator_c.dir/rosidl_generator_c/eufs_msgs/msg/detail/particle_stamped__functions.c.o[0m
[23.458s] [  6%] [32mBuilding C object CMakeFiles/eufs_msgs__rosidl_generator_c.dir/rosidl_generator_c/eufs_msgs/msg/detail/path_integral_params__functions.c.o[0m
[23.517s] [  7%] [32mBuilding C object CMakeFiles/eufs_msgs__rosidl_generator_c.dir/rosidl_generator_c/eufs_msgs/msg/detail/path_integral_stats__functions.c.o[0m
[23.583s] [  7%] [32mBuilding C object CMakeFiles/eufs_msgs__rosidl_generator_c.dir/rosidl_generator_c/eufs_msgs/msg/detail/path_integral_timing__functions.c.o[0m
[23.598s] [  7%] [32mBuilding C object CMakeFiles/eufs_msgs__rosidl_generator_c.dir/rosidl_generator_c/eufs_msgs/msg/detail/path_integral_status__functions.c.o[0m
[23.667s] [  7%] [32mBuilding C object CMakeFiles/eufs_msgs__rosidl_generator_c.dir/rosidl_generator_c/eufs_msgs/msg/detail/planning_mode__functions.c.o[0m
[23.674s] [  7%] [32mBuilding C object CMakeFiles/eufs_msgs__rosidl_generator_c.dir/rosidl_generator_c/eufs_msgs/msg/detail/point_array__functions.c.o[0m
[23.707s] [  8%] [32mBuilding C object CMakeFiles/eufs_msgs__rosidl_generator_c.dir/rosidl_generator_c/eufs_msgs/msg/detail/point_array_stamped__functions.c.o[0m
[23.777s] [  8%] [32mBuilding C object CMakeFiles/eufs_msgs__rosidl_generator_c.dir/rosidl_generator_c/eufs_msgs/msg/detail/pure_pursuit_checkpoint__functions.c.o[0m
[23.785s] [  8%] [32mBuilding C object CMakeFiles/eufs_msgs__rosidl_generator_c.dir/rosidl_generator_c/eufs_msgs/msg/detail/pure_pursuit_checkpoint_array_stamped__functions.c.o[0m
[23.825s] [  8%] [32mBuilding C object CMakeFiles/eufs_msgs__rosidl_generator_c.dir/rosidl_generator_c/eufs_msgs/msg/detail/runstop__functions.c.o[0m
[23.871s] [  8%] [32mBuilding C object CMakeFiles/eufs_msgs__rosidl_generator_c.dir/rosidl_generator_c/eufs_msgs/msg/detail/slam_err__functions.c.o[0m
[23.965s] [  8%] [32mBuilding C object CMakeFiles/eufs_msgs__rosidl_generator_c.dir/rosidl_generator_c/eufs_msgs/msg/detail/slam_state__functions.c.o[0m
[23.977s] [  9%] [32mBuilding C object CMakeFiles/eufs_msgs__rosidl_generator_c.dir/rosidl_generator_c/eufs_msgs/msg/detail/state_machine_state__functions.c.o[0m
[23.991s] [  9%] [32mBuilding C object CMakeFiles/eufs_msgs__rosidl_generator_c.dir/rosidl_generator_c/eufs_msgs/msg/detail/stereo_image__functions.c.o[0m
[24.050s] [  9%] [32mBuilding C object CMakeFiles/eufs_msgs__rosidl_generator_c.dir/rosidl_generator_c/eufs_msgs/msg/detail/system_status__functions.c.o[0m
[24.051s] [  9%] [32mBuilding C object CMakeFiles/eufs_msgs__rosidl_generator_c.dir/rosidl_generator_c/eufs_msgs/msg/detail/topic_status__functions.c.o[0m
[24.145s] [  9%] [32mBuilding C object CMakeFiles/eufs_msgs__rosidl_generator_c.dir/rosidl_generator_c/eufs_msgs/msg/detail/vehicle_commands__functions.c.o[0m
[24.202s] [ 10%] [32mBuilding C object CMakeFiles/eufs_msgs__rosidl_generator_c.dir/rosidl_generator_c/eufs_msgs/msg/detail/vehicle_commands_stamped__functions.c.o[0m
[24.219s] [ 10%] [32mBuilding C object CMakeFiles/eufs_msgs__rosidl_generator_c.dir/rosidl_generator_c/eufs_msgs/msg/detail/waypoint__functions.c.o[0m
[24.236s] [ 10%] [32mBuilding C object CMakeFiles/eufs_msgs__rosidl_generator_c.dir/rosidl_generator_c/eufs_msgs/msg/detail/waypoint_array_stamped__functions.c.o[0m
[24.281s] [ 10%] [32mBuilding C object CMakeFiles/eufs_msgs__rosidl_generator_c.dir/rosidl_generator_c/eufs_msgs/msg/detail/wheel_odometry_err__functions.c.o[0m
[24.350s] [ 10%] [32mBuilding C object CMakeFiles/eufs_msgs__rosidl_generator_c.dir/rosidl_generator_c/eufs_msgs/msg/detail/wheel_speeds__functions.c.o[0m
[24.386s] [ 11%] [32mBuilding C object CMakeFiles/eufs_msgs__rosidl_generator_c.dir/rosidl_generator_c/eufs_msgs/msg/detail/wheel_speeds_stamped__functions.c.o[0m
[24.457s] [ 11%] [32mBuilding C object CMakeFiles/eufs_msgs__rosidl_generator_c.dir/rosidl_generator_c/eufs_msgs/action/detail/check_for_objects__functions.c.o[0m
[24.480s] [ 11%] [32mBuilding C object CMakeFiles/eufs_msgs__rosidl_generator_c.dir/rosidl_generator_c/eufs_msgs/srv/detail/record_start__functions.c.o[0m
[24.519s] [ 11%] [32mBuilding C object CMakeFiles/eufs_msgs__rosidl_generator_c.dir/rosidl_generator_c/eufs_msgs/srv/detail/record_stop__functions.c.o[0m
[24.549s] [ 11%] [32mBuilding C object CMakeFiles/eufs_msgs__rosidl_generator_c.dir/rosidl_generator_c/eufs_msgs/srv/detail/register__functions.c.o[0m
[24.559s] [ 11%] [32mBuilding C object CMakeFiles/eufs_msgs__rosidl_generator_c.dir/rosidl_generator_c/eufs_msgs/srv/detail/set_can_state__functions.c.o[0m
[24.693s] [ 12%] [32mBuilding C object CMakeFiles/eufs_msgs__rosidl_generator_c.dir/rosidl_generator_c/eufs_msgs/srv/detail/set_string__functions.c.o[0m
[24.698s] [ 12%] [32mBuilding C object CMakeFiles/eufs_msgs__rosidl_generator_c.dir/rosidl_generator_c/eufs_msgs/srv/detail/set_track__functions.c.o[0m
[24.773s] [ 12%] [32mBuilding C object CMakeFiles/eufs_msgs__rosidl_generator_c.dir/rosidl_generator_c/eufs_msgs/srv/detail/set_mission__functions.c.o[0m
[24.816s] [ 12%] [32mBuilding C object CMakeFiles/eufs_msgs__rosidl_generator_c.dir/rosidl_generator_c/eufs_msgs/srv/detail/get_map__functions.c.o[0m
[24.966s] [ 12%] [32m[1mLinking C shared library libeufs_msgs__rosidl_generator_c.so[0m
[25.175s] [ 12%] Built target eufs_msgs__rosidl_generator_c
[25.225s] [ 13%] [34m[1mGenerating C type support dispatch for ROS interfaces[0m
[25.226s] [ 14%] [34m[1mGenerating C introspection for ROS interfaces[0m
[27.696s] [35m[1mScanning dependencies of target eufs_msgs__rosidl_typesupport_cpp[0m
[27.886s] [ 15%] [32mBuilding CXX object CMakeFiles/eufs_msgs__rosidl_typesupport_cpp.dir/rosidl_typesupport_cpp/eufs_msgs/msg/bounding_boxes__type_support.cpp.o[0m
[27.891s] [ 15%] [32mBuilding CXX object CMakeFiles/eufs_msgs__rosidl_typesupport_cpp.dir/rosidl_typesupport_cpp/eufs_msgs/msg/can_state__type_support.cpp.o[0m
[27.899s] [ 15%] [32mBuilding CXX object CMakeFiles/eufs_msgs__rosidl_typesupport_cpp.dir/rosidl_typesupport_cpp/eufs_msgs/msg/car_forces__type_support.cpp.o[0m
[27.906s] [ 15%] [32mBuilding CXX object CMakeFiles/eufs_msgs__rosidl_typesupport_cpp.dir/rosidl_typesupport_cpp/eufs_msgs/msg/bounding_box__type_support.cpp.o[0m
[28.903s] [ 15%] [32mBuilding CXX object CMakeFiles/eufs_msgs__rosidl_typesupport_cpp.dir/rosidl_typesupport_cpp/eufs_msgs/msg/car_state__type_support.cpp.o[0m
[29.063s] [ 15%] [32mBuilding CXX object CMakeFiles/eufs_msgs__rosidl_typesupport_cpp.dir/rosidl_typesupport_cpp/eufs_msgs/msg/chassis_command__type_support.cpp.o[0m
[29.294s] [ 16%] [32mBuilding CXX object CMakeFiles/eufs_msgs__rosidl_typesupport_cpp.dir/rosidl_typesupport_cpp/eufs_msgs/msg/chassis_state__type_support.cpp.o[0m
[29.401s] [ 16%] [32mBuilding CXX object CMakeFiles/eufs_msgs__rosidl_typesupport_cpp.dir/rosidl_typesupport_cpp/eufs_msgs/msg/cone_array__type_support.cpp.o[0m
[29.995s] [ 16%] [32mBuilding CXX object CMakeFiles/eufs_msgs__rosidl_typesupport_cpp.dir/rosidl_typesupport_cpp/eufs_msgs/msg/cone_array_with_covariance__type_support.cpp.o[0m
[30.374s] [ 16%] [32mBuilding CXX object CMakeFiles/eufs_msgs__rosidl_typesupport_cpp.dir/rosidl_typesupport_cpp/eufs_msgs/msg/cone_array_with_covariance_plus__type_support.cpp.o[0m
[30.379s] [ 16%] [32mBuilding CXX object CMakeFiles/eufs_msgs__rosidl_typesupport_cpp.dir/rosidl_typesupport_cpp/eufs_msgs/msg/cone_with_covariance__type_support.cpp.o[0m
[30.608s] [ 16%] [32mBuilding CXX object CMakeFiles/eufs_msgs__rosidl_typesupport_cpp.dir/rosidl_typesupport_cpp/eufs_msgs/msg/cone_with_covariance_plus__type_support.cpp.o[0m
[31.097s] [ 17%] [32mBuilding CXX object CMakeFiles/eufs_msgs__rosidl_typesupport_cpp.dir/rosidl_typesupport_cpp/eufs_msgs/msg/cone_association__type_support.cpp.o[0m
[31.581s] [ 17%] [32mBuilding CXX object CMakeFiles/eufs_msgs__rosidl_typesupport_cpp.dir/rosidl_typesupport_cpp/eufs_msgs/msg/cone_association_array__type_support.cpp.o[0m
[31.975s] [ 17%] [32mBuilding CXX object CMakeFiles/eufs_msgs__rosidl_typesupport_cpp.dir/rosidl_typesupport_cpp/eufs_msgs/msg/cone_association_array_array_stamped__type_support.cpp.o[0m
[32.022s] [ 17%] [32mBuilding CXX object CMakeFiles/eufs_msgs__rosidl_typesupport_cpp.dir/rosidl_typesupport_cpp/eufs_msgs/msg/cone_association_array_stamped__type_support.cpp.o[0m
[32.092s] [ 17%] [32mBuilding CXX object CMakeFiles/eufs_msgs__rosidl_typesupport_cpp.dir/rosidl_typesupport_cpp/eufs_msgs/msg/costmap__type_support.cpp.o[0m
[32.702s] [ 18%] [32mBuilding CXX object CMakeFiles/eufs_msgs__rosidl_typesupport_cpp.dir/rosidl_typesupport_cpp/eufs_msgs/msg/cpu_status__type_support.cpp.o[0m
[33.233s] [ 18%] [32mBuilding CXX object CMakeFiles/eufs_msgs__rosidl_typesupport_cpp.dir/rosidl_typesupport_cpp/eufs_msgs/msg/cpu_usage__type_support.cpp.o[0m
[33.340s] [ 18%] [32mBuilding CXX object CMakeFiles/eufs_msgs__rosidl_typesupport_cpp.dir/rosidl_typesupport_cpp/eufs_msgs/msg/ekf_err__type_support.cpp.o[0m
[33.564s] [ 18%] [32mBuilding CXX object CMakeFiles/eufs_msgs__rosidl_typesupport_cpp.dir/rosidl_typesupport_cpp/eufs_msgs/msg/ekf_state__type_support.cpp.o[0m
[33.693s] [35m[1mScanning dependencies of target eufs_msgs__rosidl_typesupport_introspection_cpp[0m
[33.986s] [ 19%] [32mBuilding CXX object CMakeFiles/eufs_msgs__rosidl_typesupport_introspection_cpp.dir/rosidl_typesupport_introspection_cpp/eufs_msgs/msg/detail/bounding_box__type_support.cpp.o[0m
[34.028s] [ 19%] [32mBuilding CXX object CMakeFiles/eufs_msgs__rosidl_typesupport_cpp.dir/rosidl_typesupport_cpp/eufs_msgs/msg/full_state__type_support.cpp.o[0m
[34.344s] [ 19%] [32mBuilding CXX object CMakeFiles/eufs_msgs__rosidl_typesupport_introspection_cpp.dir/rosidl_typesupport_introspection_cpp/eufs_msgs/msg/detail/bounding_boxes__type_support.cpp.o[0m
[34.585s] [ 19%] [32mBuilding CXX object CMakeFiles/eufs_msgs__rosidl_typesupport_introspection_cpp.dir/rosidl_typesupport_introspection_cpp/eufs_msgs/msg/detail/can_state__type_support.cpp.o[0m
[34.674s] [ 19%] [32mBuilding CXX object CMakeFiles/eufs_msgs__rosidl_typesupport_cpp.dir/rosidl_typesupport_cpp/eufs_msgs/msg/heartbeat__type_support.cpp.o[0m
[35.129s] [ 20%] [32mBuilding CXX object CMakeFiles/eufs_msgs__rosidl_typesupport_cpp.dir/rosidl_typesupport_cpp/eufs_msgs/msg/integration_err__type_support.cpp.o[0m
[35.562s] [ 20%] [32mBuilding CXX object CMakeFiles/eufs_msgs__rosidl_typesupport_cpp.dir/rosidl_typesupport_cpp/eufs_msgs/msg/lap_stats__type_support.cpp.o[0m
[35.682s] [ 20%] [32mBuilding CXX object CMakeFiles/eufs_msgs__rosidl_typesupport_introspection_cpp.dir/rosidl_typesupport_introspection_cpp/eufs_msgs/msg/detail/car_forces__type_support.cpp.o[0m
[35.746s] [ 20%] [32mBuilding CXX object CMakeFiles/eufs_msgs__rosidl_typesupport_cpp.dir/rosidl_typesupport_cpp/eufs_msgs/msg/node_state__type_support.cpp.o[0m
[35.774s] [ 20%] [32mBuilding CXX object CMakeFiles/eufs_msgs__rosidl_typesupport_cpp.dir/rosidl_typesupport_cpp/eufs_msgs/msg/mpc_state__type_support.cpp.o[0m
[36.463s] [ 20%] [32mBuilding CXX object CMakeFiles/eufs_msgs__rosidl_typesupport_introspection_cpp.dir/rosidl_typesupport_introspection_cpp/eufs_msgs/msg/detail/car_state__type_support.cpp.o[0m
[36.623s] [ 20%] [32mBuilding CXX object CMakeFiles/eufs_msgs__rosidl_typesupport_introspection_cpp.dir/rosidl_typesupport_introspection_cpp/eufs_msgs/msg/detail/chassis_command__type_support.cpp.o[0m
[36.638s] [ 20%] [32mBuilding CXX object CMakeFiles/eufs_msgs__rosidl_typesupport_cpp.dir/rosidl_typesupport_cpp/eufs_msgs/msg/node_state_array__type_support.cpp.o[0m
[36.678s] [ 21%] [32mBuilding CXX object CMakeFiles/eufs_msgs__rosidl_typesupport_introspection_cpp.dir/rosidl_typesupport_introspection_cpp/eufs_msgs/msg/detail/chassis_state__type_support.cpp.o[0m
[36.814s] [ 21%] [32mBuilding CXX object CMakeFiles/eufs_msgs__rosidl_typesupport_introspection_cpp.dir/rosidl_typesupport_introspection_cpp/eufs_msgs/msg/detail/cone_array__type_support.cpp.o[0m
[37.557s] [35m[1mScanning dependencies of target eufs_msgs__rosidl_typesupport_c[0m
[37.623s] [ 22%] [32mBuilding CXX object CMakeFiles/eufs_msgs__rosidl_typesupport_cpp.dir/rosidl_typesupport_cpp/eufs_msgs/msg/oss__type_support.cpp.o[0m
[37.722s] [ 22%] [32mBuilding CXX object CMakeFiles/eufs_msgs__rosidl_typesupport_c.dir/rosidl_typesupport_c/eufs_msgs/msg/bounding_box__type_support.cpp.o[0m
[37.808s] [ 22%] [32mBuilding CXX object CMakeFiles/eufs_msgs__rosidl_typesupport_c.dir/rosidl_typesupport_c/eufs_msgs/msg/bounding_boxes__type_support.cpp.o[0m
[37.873s] [ 22%] [32mBuilding CXX object CMakeFiles/eufs_msgs__rosidl_typesupport_cpp.dir/rosidl_typesupport_cpp/eufs_msgs/msg/particle__type_support.cpp.o[0m
[37.975s] [ 22%] [32mBuilding CXX object CMakeFiles/eufs_msgs__rosidl_typesupport_introspection_cpp.dir/rosidl_typesupport_introspection_cpp/eufs_msgs/msg/detail/cone_array_with_covariance__type_support.cpp.o[0m
[38.083s] [ 22%] [32mBuilding CXX object CMakeFiles/eufs_msgs__rosidl_typesupport_c.dir/rosidl_typesupport_c/eufs_msgs/msg/can_state__type_support.cpp.o[0m
[38.153s] [ 22%] [32mBuilding CXX object CMakeFiles/eufs_msgs__rosidl_typesupport_cpp.dir/rosidl_typesupport_cpp/eufs_msgs/msg/particle_slam__type_support.cpp.o[0m
[38.265s] [ 22%] [32mBuilding CXX object CMakeFiles/eufs_msgs__rosidl_typesupport_c.dir/rosidl_typesupport_c/eufs_msgs/msg/car_forces__type_support.cpp.o[0m
[38.427s] [ 22%] [32mBuilding CXX object CMakeFiles/eufs_msgs__rosidl_typesupport_c.dir/rosidl_typesupport_c/eufs_msgs/msg/car_state__type_support.cpp.o[0m
[38.492s] [ 23%] [32mBuilding CXX object CMakeFiles/eufs_msgs__rosidl_typesupport_c.dir/rosidl_typesupport_c/eufs_msgs/msg/chassis_command__type_support.cpp.o[0m
[38.594s] [ 23%] [32mBuilding CXX object CMakeFiles/eufs_msgs__rosidl_typesupport_cpp.dir/rosidl_typesupport_cpp/eufs_msgs/msg/particle_slam_stamped__type_support.cpp.o[0m
[38.660s] [ 23%] [32mBuilding CXX object CMakeFiles/eufs_msgs__rosidl_typesupport_c.dir/rosidl_typesupport_c/eufs_msgs/msg/chassis_state__type_support.cpp.o[0m
[38.760s] [35m[1mScanning dependencies of target eufs_msgs__rosidl_typesupport_fastrtps_cpp[0m
[38.796s] [ 23%] [32mBuilding CXX object CMakeFiles/eufs_msgs__rosidl_typesupport_c.dir/rosidl_typesupport_c/eufs_msgs/msg/cone_array__type_support.cpp.o[0m
[38.959s] [ 23%] [32mBuilding CXX object CMakeFiles/eufs_msgs__rosidl_typesupport_c.dir/rosidl_typesupport_c/eufs_msgs/msg/cone_array_with_covariance__type_support.cpp.o[0m
[38.973s] [ 23%] [32mBuilding CXX object CMakeFiles/eufs_msgs__rosidl_typesupport_introspection_cpp.dir/rosidl_typesupport_introspection_cpp/eufs_msgs/msg/detail/cone_array_with_covariance_plus__type_support.cpp.o[0m
[39.090s] [ 23%] [32mBuilding CXX object CMakeFiles/eufs_msgs__rosidl_typesupport_c.dir/rosidl_typesupport_c/eufs_msgs/msg/cone_array_with_covariance_plus__type_support.cpp.o[0m
[39.101s] [ 24%] [32mBuilding CXX object CMakeFiles/eufs_msgs__rosidl_typesupport_fastrtps_cpp.dir/rosidl_typesupport_fastrtps_cpp/eufs_msgs/msg/detail/dds_fastrtps/bounding_boxes__type_support.cpp.o[0m
[39.133s] [ 24%] [32mBuilding CXX object CMakeFiles/eufs_msgs__rosidl_typesupport_fastrtps_cpp.dir/rosidl_typesupport_fastrtps_cpp/eufs_msgs/msg/detail/dds_fastrtps/bounding_box__type_support.cpp.o[0m
[39.151s] [ 24%] [32mBuilding CXX object CMakeFiles/eufs_msgs__rosidl_typesupport_cpp.dir/rosidl_typesupport_cpp/eufs_msgs/msg/particle_stamped__type_support.cpp.o[0m
[39.195s] [ 24%] [32mBuilding CXX object CMakeFiles/eufs_msgs__rosidl_typesupport_introspection_cpp.dir/rosidl_typesupport_introspection_cpp/eufs_msgs/msg/detail/cone_with_covariance__type_support.cpp.o[0m
[39.214s] [ 25%] [32mBuilding CXX object CMakeFiles/eufs_msgs__rosidl_typesupport_c.dir/rosidl_typesupport_c/eufs_msgs/msg/cone_with_covariance__type_support.cpp.o[0m
[39.452s] [ 25%] [32mBuilding CXX object CMakeFiles/eufs_msgs__rosidl_typesupport_c.dir/rosidl_typesupport_c/eufs_msgs/msg/cone_with_covariance_plus__type_support.cpp.o[0m
[39.525s] [ 25%] [32mBuilding CXX object CMakeFiles/eufs_msgs__rosidl_typesupport_fastrtps_cpp.dir/rosidl_typesupport_fastrtps_cpp/eufs_msgs/msg/detail/dds_fastrtps/can_state__type_support.cpp.o[0m
[39.597s] [ 25%] [32mBuilding CXX object CMakeFiles/eufs_msgs__rosidl_typesupport_c.dir/rosidl_typesupport_c/eufs_msgs/msg/cone_association__type_support.cpp.o[0m
[39.843s] [ 25%] [32mBuilding CXX object CMakeFiles/eufs_msgs__rosidl_typesupport_c.dir/rosidl_typesupport_c/eufs_msgs/msg/cone_association_array__type_support.cpp.o[0m
[40.067s] [ 25%] [32mBuilding CXX object CMakeFiles/eufs_msgs__rosidl_typesupport_c.dir/rosidl_typesupport_c/eufs_msgs/msg/cone_association_array_array_stamped__type_support.cpp.o[0m
[40.189s] [ 25%] [32mBuilding CXX object CMakeFiles/eufs_msgs__rosidl_typesupport_c.dir/rosidl_typesupport_c/eufs_msgs/msg/cone_association_array_stamped__type_support.cpp.o[0m
[40.424s] [ 26%] [32mBuilding CXX object CMakeFiles/eufs_msgs__rosidl_typesupport_c.dir/rosidl_typesupport_c/eufs_msgs/msg/costmap__type_support.cpp.o[0m
[40.452s] [ 27%] [32mBuilding CXX object CMakeFiles/eufs_msgs__rosidl_typesupport_cpp.dir/rosidl_typesupport_cpp/eufs_msgs/msg/path_integral_params__type_support.cpp.o[0m
[40.461s] [ 28%] [32mBuilding CXX object CMakeFiles/eufs_msgs__rosidl_typesupport_introspection_cpp.dir/rosidl_typesupport_introspection_cpp/eufs_msgs/msg/detail/cone_with_covariance_plus__type_support.cpp.o[0m
[40.562s] [ 28%] [32mBuilding CXX object CMakeFiles/eufs_msgs__rosidl_typesupport_introspection_cpp.dir/rosidl_typesupport_introspection_cpp/eufs_msgs/msg/detail/cone_association__type_support.cpp.o[0m
[40.647s] [ 28%] [32mBuilding CXX object CMakeFiles/eufs_msgs__rosidl_typesupport_c.dir/rosidl_typesupport_c/eufs_msgs/msg/cpu_status__type_support.cpp.o[0m
[40.785s] [ 28%] [32mBuilding CXX object CMakeFiles/eufs_msgs__rosidl_typesupport_cpp.dir/rosidl_typesupport_cpp/eufs_msgs/msg/path_integral_stats__type_support.cpp.o[0m
[40.890s] [ 28%] [32mBuilding CXX object CMakeFiles/eufs_msgs__rosidl_typesupport_c.dir/rosidl_typesupport_c/eufs_msgs/msg/ekf_err__type_support.cpp.o[0m
[40.940s] [ 28%] [32mBuilding CXX object CMakeFiles/eufs_msgs__rosidl_typesupport_c.dir/rosidl_typesupport_c/eufs_msgs/msg/cpu_usage__type_support.cpp.o[0m
[40.993s] [ 28%] [32mBuilding CXX object CMakeFiles/eufs_msgs__rosidl_typesupport_introspection_cpp.dir/rosidl_typesupport_introspection_cpp/eufs_msgs/msg/detail/cone_association_array__type_support.cpp.o[0m
[41.091s] [ 28%] [32mBuilding CXX object CMakeFiles/eufs_msgs__rosidl_typesupport_c.dir/rosidl_typesupport_c/eufs_msgs/msg/ekf_state__type_support.cpp.o[0m
[41.229s] [ 29%] [32mBuilding CXX object CMakeFiles/eufs_msgs__rosidl_typesupport_c.dir/rosidl_typesupport_c/eufs_msgs/msg/full_state__type_support.cpp.o[0m
[41.358s] [ 29%] [32mBuilding CXX object CMakeFiles/eufs_msgs__rosidl_typesupport_fastrtps_cpp.dir/rosidl_typesupport_fastrtps_cpp/eufs_msgs/msg/detail/dds_fastrtps/car_forces__type_support.cpp.o[0m
[41.380s] [ 29%] [32mBuilding CXX object CMakeFiles/eufs_msgs__rosidl_typesupport_c.dir/rosidl_typesupport_c/eufs_msgs/msg/heartbeat__type_support.cpp.o[0m
[41.490s] [ 29%] [32mBuilding CXX object CMakeFiles/eufs_msgs__rosidl_typesupport_c.dir/rosidl_typesupport_c/eufs_msgs/msg/integration_err__type_support.cpp.o[0m
[41.509s] [ 29%] [32mBuilding CXX object CMakeFiles/eufs_msgs__rosidl_typesupport_cpp.dir/rosidl_typesupport_cpp/eufs_msgs/msg/path_integral_status__type_support.cpp.o[0m
[41.567s] [ 29%] [32mBuilding CXX object CMakeFiles/eufs_msgs__rosidl_typesupport_fastrtps_cpp.dir/rosidl_typesupport_fastrtps_cpp/eufs_msgs/msg/detail/dds_fastrtps/car_state__type_support.cpp.o[0m
[41.583s] [ 29%] [32mBuilding CXX object CMakeFiles/eufs_msgs__rosidl_typesupport_c.dir/rosidl_typesupport_c/eufs_msgs/msg/lap_stats__type_support.cpp.o[0m
[41.632s] [ 29%] [32mBuilding CXX object CMakeFiles/eufs_msgs__rosidl_typesupport_cpp.dir/rosidl_typesupport_cpp/eufs_msgs/msg/path_integral_timing__type_support.cpp.o[0m
[41.718s] [ 29%] [32mBuilding CXX object CMakeFiles/eufs_msgs__rosidl_typesupport_c.dir/rosidl_typesupport_c/eufs_msgs/msg/mpc_state__type_support.cpp.o[0m
[41.740s] [ 29%] [32mBuilding CXX object CMakeFiles/eufs_msgs__rosidl_typesupport_introspection_cpp.dir/rosidl_typesupport_introspection_cpp/eufs_msgs/msg/detail/cone_association_array_array_stamped__type_support.cpp.o[0m
[41.869s] [ 30%] [32mBuilding CXX object CMakeFiles/eufs_msgs__rosidl_typesupport_c.dir/rosidl_typesupport_c/eufs_msgs/msg/node_state__type_support.cpp.o[0m
[42.159s] [ 30%] [32mBuilding CXX object CMakeFiles/eufs_msgs__rosidl_typesupport_c.dir/rosidl_typesupport_c/eufs_msgs/msg/node_state_array__type_support.cpp.o[0m
[42.290s] [ 30%] [32mBuilding CXX object CMakeFiles/eufs_msgs__rosidl_typesupport_c.dir/rosidl_typesupport_c/eufs_msgs/msg/oss__type_support.cpp.o[0m
[42.392s] [ 30%] [32mBuilding CXX object CMakeFiles/eufs_msgs__rosidl_typesupport_introspection_cpp.dir/rosidl_typesupport_introspection_cpp/eufs_msgs/msg/detail/cone_association_array_stamped__type_support.cpp.o[0m
[42.399s] [35m[1mScanning dependencies of target eufs_msgs__rosidl_typesupport_introspection_c[0m
[42.443s] [ 30%] [32mBuilding CXX object CMakeFiles/eufs_msgs__rosidl_typesupport_c.dir/rosidl_typesupport_c/eufs_msgs/msg/particle__type_support.cpp.o[0m
[42.611s] [ 30%] [32mBuilding CXX object CMakeFiles/eufs_msgs__rosidl_typesupport_fastrtps_cpp.dir/rosidl_typesupport_fastrtps_cpp/eufs_msgs/msg/detail/dds_fastrtps/chassis_command__type_support.cpp.o[0m
[42.618s] [ 30%] [32mBuilding CXX object CMakeFiles/eufs_msgs__rosidl_typesupport_c.dir/rosidl_typesupport_c/eufs_msgs/msg/particle_slam__type_support.cpp.o[0m
[42.684s] [ 30%] [32mBuilding C object CMakeFiles/eufs_msgs__rosidl_typesupport_introspection_c.dir/rosidl_typesupport_introspection_c/eufs_msgs/msg/detail/bounding_box__type_support.c.o[0m
[42.832s] [ 30%] [32mBuilding C object CMakeFiles/eufs_msgs__rosidl_typesupport_introspection_c.dir/rosidl_typesupport_introspection_c/eufs_msgs/msg/detail/bounding_boxes__type_support.c.o[0m
[42.839s] [ 30%] [32mBuilding CXX object CMakeFiles/eufs_msgs__rosidl_typesupport_c.dir/rosidl_typesupport_c/eufs_msgs/msg/particle_slam_stamped__type_support.cpp.o[0m
[43.004s] [ 30%] [32mBuilding CXX object CMakeFiles/eufs_msgs__rosidl_typesupport_cpp.dir/rosidl_typesupport_cpp/eufs_msgs/msg/planning_mode__type_support.cpp.o[0m
[43.043s] [ 30%] [32mBuilding C object CMakeFiles/eufs_msgs__rosidl_typesupport_introspection_c.dir/rosidl_typesupport_introspection_c/eufs_msgs/msg/detail/can_state__type_support.c.o[0m
[43.057s] [ 31%] [32mBuilding CXX object CMakeFiles/eufs_msgs__rosidl_typesupport_c.dir/rosidl_typesupport_c/eufs_msgs/msg/particle_stamped__type_support.cpp.o[0m
[43.099s] [ 32%] [32mBuilding CXX object CMakeFiles/eufs_msgs__rosidl_typesupport_fastrtps_cpp.dir/rosidl_typesupport_fastrtps_cpp/eufs_msgs/msg/detail/dds_fastrtps/chassis_state__type_support.cpp.o[0m
[43.179s] [ 32%] [32mBuilding C object CMakeFiles/eufs_msgs__rosidl_typesupport_introspection_c.dir/rosidl_typesupport_introspection_c/eufs_msgs/msg/detail/car_forces__type_support.c.o[0m
[43.187s] [ 32%] [32mBuilding CXX object CMakeFiles/eufs_msgs__rosidl_typesupport_introspection_cpp.dir/rosidl_typesupport_introspection_cpp/eufs_msgs/msg/detail/costmap__type_support.cpp.o[0m
[43.240s] [ 32%] [32mBuilding CXX object CMakeFiles/eufs_msgs__rosidl_typesupport_c.dir/rosidl_typesupport_c/eufs_msgs/msg/path_integral_params__type_support.cpp.o[0m
[43.362s] [ 33%] [32mBuilding C object CMakeFiles/eufs_msgs__rosidl_typesupport_introspection_c.dir/rosidl_typesupport_introspection_c/eufs_msgs/msg/detail/car_state__type_support.c.o[0m
[43.362s] [ 33%] [32mBuilding CXX object CMakeFiles/eufs_msgs__rosidl_typesupport_c.dir/rosidl_typesupport_c/eufs_msgs/msg/path_integral_stats__type_support.cpp.o[0m
[43.379s] [ 33%] [32mBuilding CXX object CMakeFiles/eufs_msgs__rosidl_typesupport_c.dir/rosidl_typesupport_c/eufs_msgs/msg/path_integral_status__type_support.cpp.o[0m
[43.536s] [ 33%] [32mBuilding C object CMakeFiles/eufs_msgs__rosidl_typesupport_introspection_c.dir/rosidl_typesupport_introspection_c/eufs_msgs/msg/detail/chassis_command__type_support.c.o[0m
[43.542s] [ 33%] [32mBuilding CXX object CMakeFiles/eufs_msgs__rosidl_typesupport_cpp.dir/rosidl_typesupport_cpp/eufs_msgs/msg/point_array__type_support.cpp.o[0m
[43.620s] [ 33%] [32mBuilding CXX object CMakeFiles/eufs_msgs__rosidl_typesupport_c.dir/rosidl_typesupport_c/eufs_msgs/msg/path_integral_timing__type_support.cpp.o[0m
[43.704s] [ 33%] [32mBuilding C object CMakeFiles/eufs_msgs__rosidl_typesupport_introspection_c.dir/rosidl_typesupport_introspection_c/eufs_msgs/msg/detail/chassis_state__type_support.c.o[0m
[43.717s] [ 34%] [32mBuilding CXX object CMakeFiles/eufs_msgs__rosidl_typesupport_c.dir/rosidl_typesupport_c/eufs_msgs/msg/planning_mode__type_support.cpp.o[0m
[43.837s] [ 34%] [32mBuilding C object CMakeFiles/eufs_msgs__rosidl_typesupport_introspection_c.dir/rosidl_typesupport_introspection_c/eufs_msgs/msg/detail/cone_array__type_support.c.o[0m
[43.942s] [ 34%] [32mBuilding CXX object CMakeFiles/eufs_msgs__rosidl_typesupport_c.dir/rosidl_typesupport_c/eufs_msgs/msg/point_array__type_support.cpp.o[0m
[43.979s] [ 34%] [32mBuilding C object CMakeFiles/eufs_msgs__rosidl_typesupport_introspection_c.dir/rosidl_typesupport_introspection_c/eufs_msgs/msg/detail/cone_array_with_covariance__type_support.c.o[0m
[44.032s] [ 34%] [32mBuilding CXX object CMakeFiles/eufs_msgs__rosidl_typesupport_c.dir/rosidl_typesupport_c/eufs_msgs/msg/point_array_stamped__type_support.cpp.o[0m
[44.114s] [ 34%] [32mBuilding C object CMakeFiles/eufs_msgs__rosidl_typesupport_introspection_c.dir/rosidl_typesupport_introspection_c/eufs_msgs/msg/detail/cone_array_with_covariance_plus__type_support.c.o[0m
[44.122s] [ 34%] [32mBuilding CXX object CMakeFiles/eufs_msgs__rosidl_typesupport_c.dir/rosidl_typesupport_c/eufs_msgs/msg/pure_pursuit_checkpoint__type_support.cpp.o[0m
[44.212s] [ 34%] [32mBuilding CXX object CMakeFiles/eufs_msgs__rosidl_typesupport_c.dir/rosidl_typesupport_c/eufs_msgs/msg/pure_pursuit_checkpoint_array_stamped__type_support.cpp.o[0m
[44.218s] [ 35%] [32mBuilding C object CMakeFiles/eufs_msgs__rosidl_typesupport_introspection_c.dir/rosidl_typesupport_introspection_c/eufs_msgs/msg/detail/cone_with_covariance__type_support.c.o[0m
[44.312s] [ 35%] [32mBuilding C object CMakeFiles/eufs_msgs__rosidl_typesupport_introspection_c.dir/rosidl_typesupport_introspection_c/eufs_msgs/msg/detail/cone_with_covariance_plus__type_support.c.o[0m
[44.312s] [ 35%] [32mBuilding CXX object CMakeFiles/eufs_msgs__rosidl_typesupport_c.dir/rosidl_typesupport_c/eufs_msgs/msg/runstop__type_support.cpp.o[0m
[44.349s] [ 36%] [32mBuilding CXX object CMakeFiles/eufs_msgs__rosidl_typesupport_introspection_cpp.dir/rosidl_typesupport_introspection_cpp/eufs_msgs/msg/detail/cpu_status__type_support.cpp.o[0m
[44.402s] [ 36%] [32mBuilding C object CMakeFiles/eufs_msgs__rosidl_typesupport_introspection_c.dir/rosidl_typesupport_introspection_c/eufs_msgs/msg/detail/cone_association__type_support.c.o[0m
[44.407s] [ 37%] [32mBuilding CXX object CMakeFiles/eufs_msgs__rosidl_typesupport_c.dir/rosidl_typesupport_c/eufs_msgs/msg/slam_err__type_support.cpp.o[0m
[44.491s] [ 37%] [32mBuilding CXX object CMakeFiles/eufs_msgs__rosidl_typesupport_cpp.dir/rosidl_typesupport_cpp/eufs_msgs/msg/pure_pursuit_checkpoint__type_support.cpp.o[0m
[44.491s] [ 37%] [32mBuilding CXX object CMakeFiles/eufs_msgs__rosidl_typesupport_c.dir/rosidl_typesupport_c/eufs_msgs/msg/slam_state__type_support.cpp.o[0m
[44.501s] [ 37%] [32mBuilding C object CMakeFiles/eufs_msgs__rosidl_typesupport_introspection_c.dir/rosidl_typesupport_introspection_c/eufs_msgs/msg/detail/cone_association_array__type_support.c.o[0m
[44.588s] [ 37%] [32mBuilding CXX object CMakeFiles/eufs_msgs__rosidl_typesupport_c.dir/rosidl_typesupport_c/eufs_msgs/msg/state_machine_state__type_support.cpp.o[0m
[44.628s] [ 37%] [32mBuilding CXX object CMakeFiles/eufs_msgs__rosidl_typesupport_fastrtps_cpp.dir/rosidl_typesupport_fastrtps_cpp/eufs_msgs/msg/detail/dds_fastrtps/cone_array__type_support.cpp.o[0m
[44.628s] [ 38%] [32mBuilding C object CMakeFiles/eufs_msgs__rosidl_typesupport_introspection_c.dir/rosidl_typesupport_introspection_c/eufs_msgs/msg/detail/cone_association_array_stamped__type_support.c.o[0m
[44.677s] [ 38%] [32mBuilding CXX object CMakeFiles/eufs_msgs__rosidl_typesupport_c.dir/rosidl_typesupport_c/eufs_msgs/msg/stereo_image__type_support.cpp.o[0m
[44.757s] [ 38%] [32mBuilding C object CMakeFiles/eufs_msgs__rosidl_typesupport_introspection_c.dir/rosidl_typesupport_introspection_c/eufs_msgs/msg/detail/cone_association_array_array_stamped__type_support.c.o[0m
[44.821s] [ 38%] [32mBuilding CXX object CMakeFiles/eufs_msgs__rosidl_typesupport_c.dir/rosidl_typesupport_c/eufs_msgs/msg/system_status__type_support.cpp.o[0m
[44.863s] [ 38%] [32mBuilding C object CMakeFiles/eufs_msgs__rosidl_typesupport_introspection_c.dir/rosidl_typesupport_introspection_c/eufs_msgs/msg/detail/costmap__type_support.c.o[0m
[44.913s] [ 39%] [32mBuilding CXX object CMakeFiles/eufs_msgs__rosidl_typesupport_c.dir/rosidl_typesupport_c/eufs_msgs/msg/topic_status__type_support.cpp.o[0m
[44.967s] [ 39%] [32mBuilding C object CMakeFiles/eufs_msgs__rosidl_typesupport_introspection_c.dir/rosidl_typesupport_introspection_c/eufs_msgs/msg/detail/cpu_status__type_support.c.o[0m
[45.005s] [ 39%] [32mBuilding CXX object CMakeFiles/eufs_msgs__rosidl_typesupport_c.dir/rosidl_typesupport_c/eufs_msgs/msg/vehicle_commands__type_support.cpp.o[0m
[45.069s] [ 39%] [32mBuilding C object CMakeFiles/eufs_msgs__rosidl_typesupport_introspection_c.dir/rosidl_typesupport_introspection_c/eufs_msgs/msg/detail/cpu_usage__type_support.c.o[0m
[45.091s] [ 39%] [32mBuilding CXX object CMakeFiles/eufs_msgs__rosidl_typesupport_c.dir/rosidl_typesupport_c/eufs_msgs/msg/vehicle_commands_stamped__type_support.cpp.o[0m
[45.147s] [ 39%] [32mBuilding CXX object CMakeFiles/eufs_msgs__rosidl_typesupport_introspection_cpp.dir/rosidl_typesupport_introspection_cpp/eufs_msgs/msg/detail/cpu_usage__type_support.cpp.o[0m
[45.177s] [ 39%] [32mBuilding C object CMakeFiles/eufs_msgs__rosidl_typesupport_introspection_c.dir/rosidl_typesupport_introspection_c/eufs_msgs/msg/detail/ekf_err__type_support.c.o[0m
[45.186s] [ 39%] [32mBuilding CXX object CMakeFiles/eufs_msgs__rosidl_typesupport_c.dir/rosidl_typesupport_c/eufs_msgs/msg/waypoint__type_support.cpp.o[0m
[45.267s] [ 39%] [32mBuilding CXX object CMakeFiles/eufs_msgs__rosidl_typesupport_cpp.dir/rosidl_typesupport_cpp/eufs_msgs/msg/runstop__type_support.cpp.o[0m
[45.273s] [ 40%] [32mBuilding C object CMakeFiles/eufs_msgs__rosidl_typesupport_introspection_c.dir/rosidl_typesupport_introspection_c/eufs_msgs/msg/detail/ekf_state__type_support.c.o[0m
[45.274s] [ 40%] [32mBuilding CXX object CMakeFiles/eufs_msgs__rosidl_typesupport_c.dir/rosidl_typesupport_c/eufs_msgs/msg/waypoint_array_stamped__type_support.cpp.o[0m
[45.360s] [ 40%] [32mBuilding CXX object CMakeFiles/eufs_msgs__rosidl_typesupport_c.dir/rosidl_typesupport_c/eufs_msgs/msg/wheel_odometry_err__type_support.cpp.o[0m
[45.384s] [ 40%] [32mBuilding C object CMakeFiles/eufs_msgs__rosidl_typesupport_introspection_c.dir/rosidl_typesupport_introspection_c/eufs_msgs/msg/detail/full_state__type_support.c.o[0m
[45.441s] [ 41%] [32mBuilding CXX object CMakeFiles/eufs_msgs__rosidl_typesupport_c.dir/rosidl_typesupport_c/eufs_msgs/msg/wheel_speeds__type_support.cpp.o[0m
[45.488s] [ 41%] [32mBuilding C object CMakeFiles/eufs_msgs__rosidl_typesupport_introspection_c.dir/rosidl_typesupport_introspection_c/eufs_msgs/msg/detail/heartbeat__type_support.c.o[0m
[45.555s] [ 41%] [32mBuilding CXX object CMakeFiles/eufs_msgs__rosidl_typesupport_c.dir/rosidl_typesupport_c/eufs_msgs/msg/wheel_speeds_stamped__type_support.cpp.o[0m
[45.577s] [ 41%] [32mBuilding C object CMakeFiles/eufs_msgs__rosidl_typesupport_introspection_c.dir/rosidl_typesupport_introspection_c/eufs_msgs/msg/detail/integration_err__type_support.c.o[0m
[45.667s] [ 41%] [32mBuilding CXX object CMakeFiles/eufs_msgs__rosidl_typesupport_c.dir/rosidl_typesupport_c/eufs_msgs/action/check_for_objects__type_support.cpp.o[0m
[45.668s] [ 41%] [32mBuilding C object CMakeFiles/eufs_msgs__rosidl_typesupport_introspection_c.dir/rosidl_typesupport_introspection_c/eufs_msgs/msg/detail/lap_stats__type_support.c.o[0m
[45.777s] [ 41%] [32mBuilding C object CMakeFiles/eufs_msgs__rosidl_typesupport_introspection_c.dir/rosidl_typesupport_introspection_c/eufs_msgs/msg/detail/mpc_state__type_support.c.o[0m
[45.819s] [ 41%] [32mBuilding CXX object CMakeFiles/eufs_msgs__rosidl_typesupport_c.dir/rosidl_typesupport_c/eufs_msgs/srv/record_start__type_support.cpp.o[0m
[45.867s] [ 42%] [32mBuilding C object CMakeFiles/eufs_msgs__rosidl_typesupport_introspection_c.dir/rosidl_typesupport_introspection_c/eufs_msgs/msg/detail/node_state__type_support.c.o[0m
[45.867s] [ 42%] [32mBuilding CXX object CMakeFiles/eufs_msgs__rosidl_typesupport_fastrtps_cpp.dir/rosidl_typesupport_fastrtps_cpp/eufs_msgs/msg/detail/dds_fastrtps/cone_array_with_covariance__type_support.cpp.o[0m
[45.922s] [ 42%] [32mBuilding CXX object CMakeFiles/eufs_msgs__rosidl_typesupport_c.dir/rosidl_typesupport_c/eufs_msgs/srv/record_stop__type_support.cpp.o[0m
[45.974s] [ 42%] [32mBuilding C object CMakeFiles/eufs_msgs__rosidl_typesupport_introspection_c.dir/rosidl_typesupport_introspection_c/eufs_msgs/msg/detail/node_state_array__type_support.c.o[0m
[46.015s] [ 42%] [32mBuilding CXX object CMakeFiles/eufs_msgs__rosidl_typesupport_cpp.dir/rosidl_typesupport_cpp/eufs_msgs/msg/slam_err__type_support.cpp.o[0m
[46.019s] [ 42%] [32mBuilding CXX object CMakeFiles/eufs_msgs__rosidl_typesupport_introspection_cpp.dir/rosidl_typesupport_introspection_cpp/eufs_msgs/msg/detail/ekf_err__type_support.cpp.o[0m
[46.022s] [ 43%] [32mBuilding CXX object CMakeFiles/eufs_msgs__rosidl_typesupport_c.dir/rosidl_typesupport_c/eufs_msgs/srv/register__type_support.cpp.o[0m
[46.109s] [ 43%] [32mBuilding CXX object CMakeFiles/eufs_msgs__rosidl_typesupport_c.dir/rosidl_typesupport_c/eufs_msgs/srv/set_can_state__type_support.cpp.o[0m
[46.113s] [ 43%] [32mBuilding C object CMakeFiles/eufs_msgs__rosidl_typesupport_introspection_c.dir/rosidl_typesupport_introspection_c/eufs_msgs/msg/detail/oss__type_support.c.o[0m
[46.202s] [ 43%] [32mBuilding CXX object CMakeFiles/eufs_msgs__rosidl_typesupport_c.dir/rosidl_typesupport_c/eufs_msgs/srv/set_string__type_support.cpp.o[0m
[46.211s] [ 43%] [32mBuilding C object CMakeFiles/eufs_msgs__rosidl_typesupport_introspection_c.dir/rosidl_typesupport_introspection_c/eufs_msgs/msg/detail/particle__type_support.c.o[0m
[46.302s] [ 43%] [32mBuilding CXX object CMakeFiles/eufs_msgs__rosidl_typesupport_c.dir/rosidl_typesupport_c/eufs_msgs/srv/set_track__type_support.cpp.o[0m
[46.312s] [ 43%] [32mBuilding C object CMakeFiles/eufs_msgs__rosidl_typesupport_introspection_c.dir/rosidl_typesupport_introspection_c/eufs_msgs/msg/detail/particle_slam__type_support.c.o[0m
[46.410s] [ 43%] [32mBuilding CXX object CMakeFiles/eufs_msgs__rosidl_typesupport_c.dir/rosidl_typesupport_c/eufs_msgs/srv/set_mission__type_support.cpp.o[0m
[46.458s] [ 44%] [32mBuilding C object CMakeFiles/eufs_msgs__rosidl_typesupport_introspection_c.dir/rosidl_typesupport_introspection_c/eufs_msgs/msg/detail/particle_slam_stamped__type_support.c.o[0m
[46.515s] [ 45%] [32mBuilding CXX object CMakeFiles/eufs_msgs__rosidl_typesupport_c.dir/rosidl_typesupport_c/eufs_msgs/srv/get_map__type_support.cpp.o[0m
[46.566s] [ 45%] [32mBuilding C object CMakeFiles/eufs_msgs__rosidl_typesupport_introspection_c.dir/rosidl_typesupport_introspection_c/eufs_msgs/msg/detail/particle_stamped__type_support.c.o[0m
[46.604s] [ 45%] [32m[1mLinking CXX shared library libeufs_msgs__rosidl_typesupport_c.so[0m
[46.688s] [ 45%] [32mBuilding C object CMakeFiles/eufs_msgs__rosidl_typesupport_introspection_c.dir/rosidl_typesupport_introspection_c/eufs_msgs/msg/detail/path_integral_params__type_support.c.o[0m
[46.785s] [ 45%] Built target eufs_msgs__rosidl_typesupport_c
[46.801s] [ 45%] [32mBuilding CXX object CMakeFiles/eufs_msgs__rosidl_typesupport_cpp.dir/rosidl_typesupport_cpp/eufs_msgs/msg/pure_pursuit_checkpoint_array_stamped__type_support.cpp.o[0m
[46.803s] [ 45%] [32mBuilding C object CMakeFiles/eufs_msgs__rosidl_typesupport_introspection_c.dir/rosidl_typesupport_introspection_c/eufs_msgs/msg/detail/path_integral_stats__type_support.c.o[0m
[46.877s] [ 45%] [32mBuilding CXX object CMakeFiles/eufs_msgs__rosidl_typesupport_introspection_cpp.dir/rosidl_typesupport_introspection_cpp/eufs_msgs/msg/detail/ekf_state__type_support.cpp.o[0m
[46.906s] [ 45%] [32mBuilding C object CMakeFiles/eufs_msgs__rosidl_typesupport_introspection_c.dir/rosidl_typesupport_introspection_c/eufs_msgs/msg/detail/path_integral_status__type_support.c.o[0m
[46.990s] [ 45%] [32mBuilding C object CMakeFiles/eufs_msgs__rosidl_typesupport_introspection_c.dir/rosidl_typesupport_introspection_c/eufs_msgs/msg/detail/path_integral_timing__type_support.c.o[0m
[47.077s] [ 46%] [32mBuilding C object CMakeFiles/eufs_msgs__rosidl_typesupport_introspection_c.dir/rosidl_typesupport_introspection_c/eufs_msgs/msg/detail/planning_mode__type_support.c.o[0m
[47.081s] [ 47%] [32mBuilding CXX object CMakeFiles/eufs_msgs__rosidl_typesupport_fastrtps_cpp.dir/rosidl_typesupport_fastrtps_cpp/eufs_msgs/msg/detail/dds_fastrtps/cone_with_covariance_plus__type_support.cpp.o[0m
[47.160s] [ 47%] [32mBuilding C object CMakeFiles/eufs_msgs__rosidl_typesupport_introspection_c.dir/rosidl_typesupport_introspection_c/eufs_msgs/msg/detail/point_array__type_support.c.o[0m
[47.267s] [ 47%] [32mBuilding C object CMakeFiles/eufs_msgs__rosidl_typesupport_introspection_c.dir/rosidl_typesupport_introspection_c/eufs_msgs/msg/detail/point_array_stamped__type_support.c.o[0m
[47.365s] [ 47%] [32mBuilding C object CMakeFiles/eufs_msgs__rosidl_typesupport_introspection_c.dir/rosidl_typesupport_introspection_c/eufs_msgs/msg/detail/pure_pursuit_checkpoint__type_support.c.o[0m
[47.455s] [ 47%] [32mBuilding C object CMakeFiles/eufs_msgs__rosidl_typesupport_introspection_c.dir/rosidl_typesupport_introspection_c/eufs_msgs/msg/detail/pure_pursuit_checkpoint_array_stamped__type_support.c.o[0m
[47.512s] [ 48%] [32mBuilding CXX object CMakeFiles/eufs_msgs__rosidl_typesupport_cpp.dir/rosidl_typesupport_cpp/eufs_msgs/msg/point_array_stamped__type_support.cpp.o[0m
[47.553s] [ 49%] [32mBuilding C object CMakeFiles/eufs_msgs__rosidl_typesupport_introspection_c.dir/rosidl_typesupport_introspection_c/eufs_msgs/msg/detail/runstop__type_support.c.o[0m
[47.581s] [ 49%] [32mBuilding CXX object CMakeFiles/eufs_msgs__rosidl_typesupport_introspection_cpp.dir/rosidl_typesupport_introspection_cpp/eufs_msgs/msg/detail/full_state__type_support.cpp.o[0m
[47.643s] [ 49%] [32mBuilding C object CMakeFiles/eufs_msgs__rosidl_typesupport_introspection_c.dir/rosidl_typesupport_introspection_c/eufs_msgs/msg/detail/slam_err__type_support.c.o[0m
[47.740s] [ 49%] [32mBuilding C object CMakeFiles/eufs_msgs__rosidl_typesupport_introspection_c.dir/rosidl_typesupport_introspection_c/eufs_msgs/msg/detail/slam_state__type_support.c.o[0m
[47.832s] [ 49%] [32mBuilding C object CMakeFiles/eufs_msgs__rosidl_typesupport_introspection_c.dir/rosidl_typesupport_introspection_c/eufs_msgs/msg/detail/state_machine_state__type_support.c.o[0m
[47.931s] [ 49%] [32mBuilding C object CMakeFiles/eufs_msgs__rosidl_typesupport_introspection_c.dir/rosidl_typesupport_introspection_c/eufs_msgs/msg/detail/stereo_image__type_support.c.o[0m
[48.025s] [ 49%] [32mBuilding C object CMakeFiles/eufs_msgs__rosidl_typesupport_introspection_c.dir/rosidl_typesupport_introspection_c/eufs_msgs/msg/detail/system_status__type_support.c.o[0m
[48.118s] [ 50%] [32mBuilding C object CMakeFiles/eufs_msgs__rosidl_typesupport_introspection_c.dir/rosidl_typesupport_introspection_c/eufs_msgs/msg/detail/topic_status__type_support.c.o[0m
[48.121s] [ 50%] [32mBuilding CXX object CMakeFiles/eufs_msgs__rosidl_typesupport_fastrtps_cpp.dir/rosidl_typesupport_fastrtps_cpp/eufs_msgs/msg/detail/dds_fastrtps/cone_with_covariance__type_support.cpp.o[0m
[48.204s] [ 51%] [32mBuilding CXX object CMakeFiles/eufs_msgs__rosidl_typesupport_cpp.dir/rosidl_typesupport_cpp/eufs_msgs/msg/slam_state__type_support.cpp.o[0m
[48.216s] [ 51%] [32mBuilding C object CMakeFiles/eufs_msgs__rosidl_typesupport_introspection_c.dir/rosidl_typesupport_introspection_c/eufs_msgs/msg/detail/vehicle_commands__type_support.c.o[0m
[48.274s] [ 52%] [32mBuilding CXX object CMakeFiles/eufs_msgs__rosidl_typesupport_introspection_cpp.dir/rosidl_typesupport_introspection_cpp/eufs_msgs/msg/detail/heartbeat__type_support.cpp.o[0m
[48.297s] [ 52%] [32mBuilding C object CMakeFiles/eufs_msgs__rosidl_typesupport_introspection_c.dir/rosidl_typesupport_introspection_c/eufs_msgs/msg/detail/vehicle_commands_stamped__type_support.c.o[0m
[48.392s] [ 52%] [32mBuilding C object CMakeFiles/eufs_msgs__rosidl_typesupport_introspection_c.dir/rosidl_typesupport_introspection_c/eufs_msgs/msg/detail/waypoint__type_support.c.o[0m
[48.483s] [ 52%] [32mBuilding C object CMakeFiles/eufs_msgs__rosidl_typesupport_introspection_c.dir/rosidl_typesupport_introspection_c/eufs_msgs/msg/detail/waypoint_array_stamped__type_support.c.o[0m
[48.583s] [ 53%] [32mBuilding C object CMakeFiles/eufs_msgs__rosidl_typesupport_introspection_c.dir/rosidl_typesupport_introspection_c/eufs_msgs/msg/detail/wheel_odometry_err__type_support.c.o[0m
[48.677s] [ 53%] [32mBuilding C object CMakeFiles/eufs_msgs__rosidl_typesupport_introspection_c.dir/rosidl_typesupport_introspection_c/eufs_msgs/msg/detail/wheel_speeds__type_support.c.o[0m
[48.761s] [ 53%] [32mBuilding C object CMakeFiles/eufs_msgs__rosidl_typesupport_introspection_c.dir/rosidl_typesupport_introspection_c/eufs_msgs/msg/detail/wheel_speeds_stamped__type_support.c.o[0m
[48.858s] [ 53%] [32mBuilding C object CMakeFiles/eufs_msgs__rosidl_typesupport_introspection_c.dir/rosidl_typesupport_introspection_c/eufs_msgs/action/detail/check_for_objects__type_support.c.o[0m
[49.000s] [ 53%] [32mBuilding C object CMakeFiles/eufs_msgs__rosidl_typesupport_introspection_c.dir/rosidl_typesupport_introspection_c/eufs_msgs/srv/detail/record_start__type_support.c.o[0m
[49.014s] [ 53%] [32mBuilding CXX object CMakeFiles/eufs_msgs__rosidl_typesupport_cpp.dir/rosidl_typesupport_cpp/eufs_msgs/msg/state_machine_state__type_support.cpp.o[0m
[49.095s] [ 53%] [32mBuilding CXX object CMakeFiles/eufs_msgs__rosidl_typesupport_introspection_cpp.dir/rosidl_typesupport_introspection_cpp/eufs_msgs/msg/detail/integration_err__type_support.cpp.o[0m
[49.101s] [ 54%] [32mBuilding C object CMakeFiles/eufs_msgs__rosidl_typesupport_introspection_c.dir/rosidl_typesupport_introspection_c/eufs_msgs/srv/detail/record_stop__type_support.c.o[0m
[49.194s] [ 54%] [32mBuilding C object CMakeFiles/eufs_msgs__rosidl_typesupport_introspection_c.dir/rosidl_typesupport_introspection_c/eufs_msgs/srv/detail/register__type_support.c.o[0m
[49.250s] [ 54%] [32mBuilding CXX object CMakeFiles/eufs_msgs__rosidl_typesupport_fastrtps_cpp.dir/rosidl_typesupport_fastrtps_cpp/eufs_msgs/msg/detail/dds_fastrtps/cone_association_array__type_support.cpp.o[0m
[49.315s] [ 54%] [32mBuilding C object CMakeFiles/eufs_msgs__rosidl_typesupport_introspection_c.dir/rosidl_typesupport_introspection_c/eufs_msgs/srv/detail/set_can_state__type_support.c.o[0m
[49.413s] [ 54%] [32mBuilding C object CMakeFiles/eufs_msgs__rosidl_typesupport_introspection_c.dir/rosidl_typesupport_introspection_c/eufs_msgs/srv/detail/set_string__type_support.c.o[0m
[49.510s] [ 54%] [32mBuilding C object CMakeFiles/eufs_msgs__rosidl_typesupport_introspection_c.dir/rosidl_typesupport_introspection_c/eufs_msgs/srv/detail/set_track__type_support.c.o[0m
[49.637s] [ 54%] [32mBuilding C object CMakeFiles/eufs_msgs__rosidl_typesupport_introspection_c.dir/rosidl_typesupport_introspection_c/eufs_msgs/srv/detail/set_mission__type_support.c.o[0m
[49.727s] [ 55%] [32mBuilding C object CMakeFiles/eufs_msgs__rosidl_typesupport_introspection_c.dir/rosidl_typesupport_introspection_c/eufs_msgs/srv/detail/get_map__type_support.c.o[0m
[49.806s] [ 55%] [32mBuilding CXX object CMakeFiles/eufs_msgs__rosidl_typesupport_cpp.dir/rosidl_typesupport_cpp/eufs_msgs/msg/stereo_image__type_support.cpp.o[0m
[49.818s] [ 55%] [32m[1mLinking C shared library libeufs_msgs__rosidl_typesupport_introspection_c.so[0m
[49.935s] [ 55%] [32mBuilding CXX object CMakeFiles/eufs_msgs__rosidl_typesupport_introspection_cpp.dir/rosidl_typesupport_introspection_cpp/eufs_msgs/msg/detail/lap_stats__type_support.cpp.o[0m
[49.959s] [ 55%] Built target eufs_msgs__rosidl_typesupport_introspection_c
[50.439s] [ 55%] [32mBuilding CXX object CMakeFiles/eufs_msgs__rosidl_typesupport_fastrtps_cpp.dir/rosidl_typesupport_fastrtps_cpp/eufs_msgs/msg/detail/dds_fastrtps/cone_association_array_stamped__type_support.cpp.o[0m
[50.440s] [ 55%] [32mBuilding CXX object CMakeFiles/eufs_msgs__rosidl_typesupport_cpp.dir/rosidl_typesupport_cpp/eufs_msgs/msg/system_status__type_support.cpp.o[0m
[50.566s] [ 55%] [32mBuilding CXX object CMakeFiles/eufs_msgs__rosidl_typesupport_introspection_cpp.dir/rosidl_typesupport_introspection_cpp/eufs_msgs/msg/detail/mpc_state__type_support.cpp.o[0m
[51.047s] [ 55%] [32mBuilding CXX object CMakeFiles/eufs_msgs__rosidl_typesupport_cpp.dir/rosidl_typesupport_cpp/eufs_msgs/msg/topic_status__type_support.cpp.o[0m
[51.191s] [ 55%] [32mBuilding CXX object CMakeFiles/eufs_msgs__rosidl_typesupport_introspection_cpp.dir/rosidl_typesupport_introspection_cpp/eufs_msgs/msg/detail/node_state__type_support.cpp.o[0m
[51.344s] [ 56%] [32mBuilding CXX object CMakeFiles/eufs_msgs__rosidl_typesupport_fastrtps_cpp.dir/rosidl_typesupport_fastrtps_cpp/eufs_msgs/msg/detail/dds_fastrtps/cpu_status__type_support.cpp.o[0m
[51.670s] [ 56%] [32mBuilding CXX object CMakeFiles/eufs_msgs__rosidl_typesupport_cpp.dir/rosidl_typesupport_cpp/eufs_msgs/msg/vehicle_commands__type_support.cpp.o[0m
[51.820s] [ 57%] [32mBuilding CXX object CMakeFiles/eufs_msgs__rosidl_typesupport_introspection_cpp.dir/rosidl_typesupport_introspection_cpp/eufs_msgs/msg/detail/node_state_array__type_support.cpp.o[0m
[52.233s] [ 57%] [32mBuilding CXX object CMakeFiles/eufs_msgs__rosidl_typesupport_fastrtps_cpp.dir/rosidl_typesupport_fastrtps_cpp/eufs_msgs/msg/detail/dds_fastrtps/cpu_usage__type_support.cpp.o[0m
[52.273s] [ 58%] [32mBuilding CXX object CMakeFiles/eufs_msgs__rosidl_typesupport_cpp.dir/rosidl_typesupport_cpp/eufs_msgs/msg/vehicle_commands_stamped__type_support.cpp.o[0m
[52.605s] [ 58%] [32mBuilding CXX object CMakeFiles/eufs_msgs__rosidl_typesupport_introspection_cpp.dir/rosidl_typesupport_introspection_cpp/eufs_msgs/msg/detail/oss__type_support.cpp.o[0m
[52.950s] [ 58%] [32mBuilding CXX object CMakeFiles/eufs_msgs__rosidl_typesupport_cpp.dir/rosidl_typesupport_cpp/eufs_msgs/msg/waypoint__type_support.cpp.o[0m
[53.259s] [ 58%] [32mBuilding CXX object CMakeFiles/eufs_msgs__rosidl_typesupport_fastrtps_cpp.dir/rosidl_typesupport_fastrtps_cpp/eufs_msgs/msg/detail/dds_fastrtps/costmap__type_support.cpp.o[0m
[53.294s] [ 58%] [32mBuilding CXX object CMakeFiles/eufs_msgs__rosidl_typesupport_introspection_cpp.dir/rosidl_typesupport_introspection_cpp/eufs_msgs/msg/detail/particle__type_support.cpp.o[0m
[53.568s] [ 58%] [32mBuilding CXX object CMakeFiles/eufs_msgs__rosidl_typesupport_cpp.dir/rosidl_typesupport_cpp/eufs_msgs/msg/waypoint_array_stamped__type_support.cpp.o[0m
[53.987s] [ 58%] [32mBuilding CXX object CMakeFiles/eufs_msgs__rosidl_typesupport_introspection_cpp.dir/rosidl_typesupport_introspection_cpp/eufs_msgs/msg/detail/particle_slam_stamped__type_support.cpp.o[0m
[54.247s] [ 58%] [32mBuilding CXX object CMakeFiles/eufs_msgs__rosidl_typesupport_cpp.dir/rosidl_typesupport_cpp/eufs_msgs/msg/wheel_odometry_err__type_support.cpp.o[0m
[54.262s] [ 58%] [32mBuilding CXX object CMakeFiles/eufs_msgs__rosidl_typesupport_fastrtps_cpp.dir/rosidl_typesupport_fastrtps_cpp/eufs_msgs/msg/detail/dds_fastrtps/ekf_err__type_support.cpp.o[0m
[54.679s] [ 58%] [32mBuilding CXX object CMakeFiles/eufs_msgs__rosidl_typesupport_introspection_cpp.dir/rosidl_typesupport_introspection_cpp/eufs_msgs/msg/detail/particle_stamped__type_support.cpp.o[0m
[54.853s] [ 58%] [32mBuilding CXX object CMakeFiles/eufs_msgs__rosidl_typesupport_cpp.dir/rosidl_typesupport_cpp/eufs_msgs/msg/wheel_speeds__type_support.cpp.o[0m
[55.170s] [ 58%] [32mBuilding CXX object CMakeFiles/eufs_msgs__rosidl_typesupport_fastrtps_cpp.dir/rosidl_typesupport_fastrtps_cpp/eufs_msgs/msg/detail/dds_fastrtps/ekf_state__type_support.cpp.o[0m
[55.356s] [ 59%] [32mBuilding CXX object CMakeFiles/eufs_msgs__rosidl_typesupport_introspection_cpp.dir/rosidl_typesupport_introspection_cpp/eufs_msgs/msg/detail/path_integral_params__type_support.cpp.o[0m
[55.466s] [ 60%] [32mBuilding CXX object CMakeFiles/eufs_msgs__rosidl_typesupport_cpp.dir/rosidl_typesupport_cpp/eufs_msgs/msg/wheel_speeds_stamped__type_support.cpp.o[0m
[55.972s] [ 60%] [32mBuilding CXX object CMakeFiles/eufs_msgs__rosidl_typesupport_introspection_cpp.dir/rosidl_typesupport_introspection_cpp/eufs_msgs/msg/detail/particle_slam__type_support.cpp.o[0m
[56.063s] [ 61%] [32mBuilding CXX object CMakeFiles/eufs_msgs__rosidl_typesupport_fastrtps_cpp.dir/rosidl_typesupport_fastrtps_cpp/eufs_msgs/msg/detail/dds_fastrtps/heartbeat__type_support.cpp.o[0m
[56.072s] [ 61%] [32mBuilding CXX object CMakeFiles/eufs_msgs__rosidl_typesupport_cpp.dir/rosidl_typesupport_cpp/eufs_msgs/action/check_for_objects__type_support.cpp.o[0m
[56.771s] [ 61%] [32mBuilding CXX object CMakeFiles/eufs_msgs__rosidl_typesupport_introspection_cpp.dir/rosidl_typesupport_introspection_cpp/eufs_msgs/msg/detail/path_integral_stats__type_support.cpp.o[0m
[56.952s] [ 61%] [32mBuilding CXX object CMakeFiles/eufs_msgs__rosidl_typesupport_fastrtps_cpp.dir/rosidl_typesupport_fastrtps_cpp/eufs_msgs/msg/detail/dds_fastrtps/integration_err__type_support.cpp.o[0m
[57.144s] [ 61%] [32mBuilding CXX object CMakeFiles/eufs_msgs__rosidl_typesupport_cpp.dir/rosidl_typesupport_cpp/eufs_msgs/srv/record_start__type_support.cpp.o[0m
[57.428s] [ 61%] [32mBuilding CXX object CMakeFiles/eufs_msgs__rosidl_typesupport_introspection_cpp.dir/rosidl_typesupport_introspection_cpp/eufs_msgs/msg/detail/path_integral_status__type_support.cpp.o[0m
[57.770s] [ 61%] [32mBuilding CXX object CMakeFiles/eufs_msgs__rosidl_typesupport_cpp.dir/rosidl_typesupport_cpp/eufs_msgs/srv/record_stop__type_support.cpp.o[0m
[57.858s] [ 61%] [32mBuilding CXX object CMakeFiles/eufs_msgs__rosidl_typesupport_fastrtps_cpp.dir/rosidl_typesupport_fastrtps_cpp/eufs_msgs/msg/detail/dds_fastrtps/full_state__type_support.cpp.o[0m
[58.056s] [ 61%] [32mBuilding CXX object CMakeFiles/eufs_msgs__rosidl_typesupport_introspection_cpp.dir/rosidl_typesupport_introspection_cpp/eufs_msgs/msg/detail/planning_mode__type_support.cpp.o[0m
[58.380s] [ 61%] [32mBuilding CXX object CMakeFiles/eufs_msgs__rosidl_typesupport_cpp.dir/rosidl_typesupport_cpp/eufs_msgs/srv/register__type_support.cpp.o[0m
[58.689s] [ 61%] [32mBuilding CXX object CMakeFiles/eufs_msgs__rosidl_typesupport_introspection_cpp.dir/rosidl_typesupport_introspection_cpp/eufs_msgs/msg/detail/path_integral_timing__type_support.cpp.o[0m
[58.789s] [ 61%] [32mBuilding CXX object CMakeFiles/eufs_msgs__rosidl_typesupport_fastrtps_cpp.dir/rosidl_typesupport_fastrtps_cpp/eufs_msgs/msg/detail/dds_fastrtps/lap_stats__type_support.cpp.o[0m
[59.067s] [ 61%] [32mBuilding CXX object CMakeFiles/eufs_msgs__rosidl_typesupport_cpp.dir/rosidl_typesupport_cpp/eufs_msgs/srv/set_can_state__type_support.cpp.o[0m
[59.388s] [ 61%] [32mBuilding CXX object CMakeFiles/eufs_msgs__rosidl_typesupport_introspection_cpp.dir/rosidl_typesupport_introspection_cpp/eufs_msgs/msg/detail/point_array_stamped__type_support.cpp.o[0m
[59.702s] [ 62%] [32mBuilding CXX object CMakeFiles/eufs_msgs__rosidl_typesupport_cpp.dir/rosidl_typesupport_cpp/eufs_msgs/srv/set_string__type_support.cpp.o[0m
[59.746s] [ 62%] [32mBuilding CXX object CMakeFiles/eufs_msgs__rosidl_typesupport_fastrtps_cpp.dir/rosidl_typesupport_fastrtps_cpp/eufs_msgs/msg/detail/dds_fastrtps/mpc_state__type_support.cpp.o[0m
[60.091s] [ 63%] [32mBuilding CXX object CMakeFiles/eufs_msgs__rosidl_typesupport_introspection_cpp.dir/rosidl_typesupport_introspection_cpp/eufs_msgs/msg/detail/point_array__type_support.cpp.o[0m
[60.309s] [ 63%] [32mBuilding CXX object CMakeFiles/eufs_msgs__rosidl_typesupport_cpp.dir/rosidl_typesupport_cpp/eufs_msgs/srv/set_mission__type_support.cpp.o[0m
[60.706s] [ 63%] [32mBuilding CXX object CMakeFiles/eufs_msgs__rosidl_typesupport_fastrtps_cpp.dir/rosidl_typesupport_fastrtps_cpp/eufs_msgs/msg/detail/dds_fastrtps/cone_association_array_array_stamped__type_support.cpp.o[0m
[60.970s] [ 63%] [32mBuilding CXX object CMakeFiles/eufs_msgs__rosidl_typesupport_introspection_cpp.dir/rosidl_typesupport_introspection_cpp/eufs_msgs/msg/detail/pure_pursuit_checkpoint__type_support.cpp.o[0m
[61.084s] [ 63%] [32mBuilding CXX object CMakeFiles/eufs_msgs__rosidl_typesupport_cpp.dir/rosidl_typesupport_cpp/eufs_msgs/srv/get_map__type_support.cpp.o[0m
[61.603s] [ 63%] [32mBuilding CXX object CMakeFiles/eufs_msgs__rosidl_typesupport_introspection_cpp.dir/rosidl_typesupport_introspection_cpp/eufs_msgs/msg/detail/pure_pursuit_checkpoint_array_stamped__type_support.cpp.o[0m
[61.694s] [ 63%] [32mBuilding CXX object CMakeFiles/eufs_msgs__rosidl_typesupport_cpp.dir/rosidl_typesupport_cpp/eufs_msgs/srv/set_track__type_support.cpp.o[0m
[61.781s] [ 63%] [32mBuilding CXX object CMakeFiles/eufs_msgs__rosidl_typesupport_fastrtps_cpp.dir/rosidl_typesupport_fastrtps_cpp/eufs_msgs/msg/detail/dds_fastrtps/node_state_array__type_support.cpp.o[0m
[62.329s] [ 63%] [32m[1mLinking CXX shared library libeufs_msgs__rosidl_typesupport_cpp.so[0m
[62.346s] [ 63%] [32mBuilding CXX object CMakeFiles/eufs_msgs__rosidl_typesupport_introspection_cpp.dir/rosidl_typesupport_introspection_cpp/eufs_msgs/msg/detail/slam_err__type_support.cpp.o[0m
[62.465s] [ 63%] Built target eufs_msgs__rosidl_typesupport_cpp
[62.777s] [ 64%] [32mBuilding CXX object CMakeFiles/eufs_msgs__rosidl_typesupport_fastrtps_cpp.dir/rosidl_typesupport_fastrtps_cpp/eufs_msgs/msg/detail/dds_fastrtps/oss__type_support.cpp.o[0m
[62.949s] [ 64%] [32mBuilding CXX object CMakeFiles/eufs_msgs__rosidl_typesupport_introspection_cpp.dir/rosidl_typesupport_introspection_cpp/eufs_msgs/msg/detail/state_machine_state__type_support.cpp.o[0m
[63.534s] [ 65%] [32mBuilding CXX object CMakeFiles/eufs_msgs__rosidl_typesupport_introspection_cpp.dir/rosidl_typesupport_introspection_cpp/eufs_msgs/msg/detail/slam_state__type_support.cpp.o[0m
[63.638s] [ 65%] [32mBuilding CXX object CMakeFiles/eufs_msgs__rosidl_typesupport_fastrtps_cpp.dir/rosidl_typesupport_fastrtps_cpp/eufs_msgs/msg/detail/dds_fastrtps/particle_slam__type_support.cpp.o[0m
[64.113s] [ 65%] [32mBuilding CXX object CMakeFiles/eufs_msgs__rosidl_typesupport_introspection_cpp.dir/rosidl_typesupport_introspection_cpp/eufs_msgs/msg/detail/stereo_image__type_support.cpp.o[0m
[64.627s] [ 65%] [32mBuilding CXX object CMakeFiles/eufs_msgs__rosidl_typesupport_fastrtps_cpp.dir/rosidl_typesupport_fastrtps_cpp/eufs_msgs/msg/detail/dds_fastrtps/particle_slam_stamped__type_support.cpp.o[0m
[64.728s] [ 65%] [32mBuilding CXX object CMakeFiles/eufs_msgs__rosidl_typesupport_introspection_cpp.dir/rosidl_typesupport_introspection_cpp/eufs_msgs/msg/detail/system_status__type_support.cpp.o[0m
[65.426s] [ 65%] [32mBuilding CXX object CMakeFiles/eufs_msgs__rosidl_typesupport_introspection_cpp.dir/rosidl_typesupport_introspection_cpp/eufs_msgs/msg/detail/runstop__type_support.cpp.o[0m
[65.490s] [ 66%] [32mBuilding CXX object CMakeFiles/eufs_msgs__rosidl_typesupport_fastrtps_cpp.dir/rosidl_typesupport_fastrtps_cpp/eufs_msgs/msg/detail/dds_fastrtps/path_integral_params__type_support.cpp.o[0m
[66.006s] [ 66%] [32mBuilding CXX object CMakeFiles/eufs_msgs__rosidl_typesupport_introspection_cpp.dir/rosidl_typesupport_introspection_cpp/eufs_msgs/msg/detail/topic_status__type_support.cpp.o[0m
[66.352s] [ 66%] [32mBuilding CXX object CMakeFiles/eufs_msgs__rosidl_typesupport_fastrtps_cpp.dir/rosidl_typesupport_fastrtps_cpp/eufs_msgs/msg/detail/dds_fastrtps/path_integral_stats__type_support.cpp.o[0m
[66.591s] [ 67%] [32mBuilding CXX object CMakeFiles/eufs_msgs__rosidl_typesupport_introspection_cpp.dir/rosidl_typesupport_introspection_cpp/eufs_msgs/msg/detail/vehicle_commands__type_support.cpp.o[0m
[67.173s] [ 67%] [32mBuilding CXX object CMakeFiles/eufs_msgs__rosidl_typesupport_introspection_cpp.dir/rosidl_typesupport_introspection_cpp/eufs_msgs/msg/detail/vehicle_commands_stamped__type_support.cpp.o[0m
[67.205s] [ 67%] [32mBuilding CXX object CMakeFiles/eufs_msgs__rosidl_typesupport_fastrtps_cpp.dir/rosidl_typesupport_fastrtps_cpp/eufs_msgs/msg/detail/dds_fastrtps/path_integral_status__type_support.cpp.o[0m
[67.854s] [ 67%] [32mBuilding CXX object CMakeFiles/eufs_msgs__rosidl_typesupport_introspection_cpp.dir/rosidl_typesupport_introspection_cpp/eufs_msgs/msg/detail/waypoint__type_support.cpp.o[0m
[68.146s] [ 67%] [32mBuilding CXX object CMakeFiles/eufs_msgs__rosidl_typesupport_fastrtps_cpp.dir/rosidl_typesupport_fastrtps_cpp/eufs_msgs/msg/detail/dds_fastrtps/particle_stamped__type_support.cpp.o[0m
[68.463s] [ 67%] [32mBuilding CXX object CMakeFiles/eufs_msgs__rosidl_typesupport_introspection_cpp.dir/rosidl_typesupport_introspection_cpp/eufs_msgs/msg/detail/wheel_odometry_err__type_support.cpp.o[0m
[69.012s] [ 67%] [32mBuilding CXX object CMakeFiles/eufs_msgs__rosidl_typesupport_fastrtps_cpp.dir/rosidl_typesupport_fastrtps_cpp/eufs_msgs/msg/detail/dds_fastrtps/path_integral_timing__type_support.cpp.o[0m
[69.065s] [ 67%] [32mBuilding CXX object CMakeFiles/eufs_msgs__rosidl_typesupport_introspection_cpp.dir/rosidl_typesupport_introspection_cpp/eufs_msgs/msg/detail/wheel_speeds__type_support.cpp.o[0m
[69.631s] [ 68%] [32mBuilding CXX object CMakeFiles/eufs_msgs__rosidl_typesupport_introspection_cpp.dir/rosidl_typesupport_introspection_cpp/eufs_msgs/msg/detail/wheel_speeds_stamped__type_support.cpp.o[0m
[69.885s] [ 68%] [32mBuilding CXX object CMakeFiles/eufs_msgs__rosidl_typesupport_fastrtps_cpp.dir/rosidl_typesupport_fastrtps_cpp/eufs_msgs/msg/detail/dds_fastrtps/planning_mode__type_support.cpp.o[0m
[70.267s] [ 68%] [32mBuilding CXX object CMakeFiles/eufs_msgs__rosidl_typesupport_introspection_cpp.dir/rosidl_typesupport_introspection_cpp/eufs_msgs/action/detail/check_for_objects__type_support.cpp.o[0m
[70.717s] [ 68%] [32mBuilding CXX object CMakeFiles/eufs_msgs__rosidl_typesupport_fastrtps_cpp.dir/rosidl_typesupport_fastrtps_cpp/eufs_msgs/msg/detail/dds_fastrtps/point_array__type_support.cpp.o[0m
[71.360s] [ 68%] [32mBuilding CXX object CMakeFiles/eufs_msgs__rosidl_typesupport_introspection_cpp.dir/rosidl_typesupport_introspection_cpp/eufs_msgs/srv/detail/record_start__type_support.cpp.o[0m
[71.622s] [ 69%] [32mBuilding CXX object CMakeFiles/eufs_msgs__rosidl_typesupport_fastrtps_cpp.dir/rosidl_typesupport_fastrtps_cpp/eufs_msgs/msg/detail/dds_fastrtps/point_array_stamped__type_support.cpp.o[0m
[71.939s] [ 69%] [32mBuilding CXX object CMakeFiles/eufs_msgs__rosidl_typesupport_introspection_cpp.dir/rosidl_typesupport_introspection_cpp/eufs_msgs/srv/detail/record_stop__type_support.cpp.o[0m
[72.522s] [ 69%] [32mBuilding CXX object CMakeFiles/eufs_msgs__rosidl_typesupport_introspection_cpp.dir/rosidl_typesupport_introspection_cpp/eufs_msgs/msg/detail/waypoint_array_stamped__type_support.cpp.o[0m
[72.542s] [ 69%] [32mBuilding CXX object CMakeFiles/eufs_msgs__rosidl_typesupport_fastrtps_cpp.dir/rosidl_typesupport_fastrtps_cpp/eufs_msgs/msg/detail/dds_fastrtps/pure_pursuit_checkpoint_array_stamped__type_support.cpp.o[0m
[73.208s] [ 69%] [32mBuilding CXX object CMakeFiles/eufs_msgs__rosidl_typesupport_introspection_cpp.dir/rosidl_typesupport_introspection_cpp/eufs_msgs/srv/detail/register__type_support.cpp.o[0m
[73.481s] [ 69%] [32mBuilding CXX object CMakeFiles/eufs_msgs__rosidl_typesupport_fastrtps_cpp.dir/rosidl_typesupport_fastrtps_cpp/eufs_msgs/msg/detail/dds_fastrtps/pure_pursuit_checkpoint__type_support.cpp.o[0m
[73.801s] [ 69%] [32mBuilding CXX object CMakeFiles/eufs_msgs__rosidl_typesupport_introspection_cpp.dir/rosidl_typesupport_introspection_cpp/eufs_msgs/srv/detail/set_string__type_support.cpp.o[0m
[74.315s] [ 69%] [32mBuilding CXX object CMakeFiles/eufs_msgs__rosidl_typesupport_fastrtps_cpp.dir/rosidl_typesupport_fastrtps_cpp/eufs_msgs/msg/detail/dds_fastrtps/runstop__type_support.cpp.o[0m
[74.374s] [ 69%] [32mBuilding CXX object CMakeFiles/eufs_msgs__rosidl_typesupport_introspection_cpp.dir/rosidl_typesupport_introspection_cpp/eufs_msgs/srv/detail/set_track__type_support.cpp.o[0m
[75.012s] [ 70%] [32mBuilding CXX object CMakeFiles/eufs_msgs__rosidl_typesupport_introspection_cpp.dir/rosidl_typesupport_introspection_cpp/eufs_msgs/srv/detail/set_can_state__type_support.cpp.o[0m
[75.151s] [ 71%] [32mBuilding CXX object CMakeFiles/eufs_msgs__rosidl_typesupport_fastrtps_cpp.dir/rosidl_typesupport_fastrtps_cpp/eufs_msgs/msg/detail/dds_fastrtps/slam_state__type_support.cpp.o[0m
[75.590s] [ 71%] [32mBuilding CXX object CMakeFiles/eufs_msgs__rosidl_typesupport_introspection_cpp.dir/rosidl_typesupport_introspection_cpp/eufs_msgs/srv/detail/set_mission__type_support.cpp.o[0m
[76.002s] [ 71%] [32mBuilding CXX object CMakeFiles/eufs_msgs__rosidl_typesupport_fastrtps_cpp.dir/rosidl_typesupport_fastrtps_cpp/eufs_msgs/msg/detail/dds_fastrtps/state_machine_state__type_support.cpp.o[0m
[76.171s] [ 71%] [32mBuilding CXX object CMakeFiles/eufs_msgs__rosidl_typesupport_introspection_cpp.dir/rosidl_typesupport_introspection_cpp/eufs_msgs/srv/detail/get_map__type_support.cpp.o[0m
[76.827s] [ 71%] [32mBuilding CXX object CMakeFiles/eufs_msgs__rosidl_typesupport_fastrtps_cpp.dir/rosidl_typesupport_fastrtps_cpp/eufs_msgs/msg/detail/dds_fastrtps/stereo_image__type_support.cpp.o[0m
[76.856s] [ 72%] [32m[1mLinking CXX shared library libeufs_msgs__rosidl_typesupport_introspection_cpp.so[0m
[77.136s] [ 72%] Built target eufs_msgs__rosidl_typesupport_introspection_cpp
[77.664s] [ 72%] [32mBuilding CXX object CMakeFiles/eufs_msgs__rosidl_typesupport_fastrtps_cpp.dir/rosidl_typesupport_fastrtps_cpp/eufs_msgs/msg/detail/dds_fastrtps/topic_status__type_support.cpp.o[0m
[78.494s] [ 73%] [32mBuilding CXX object CMakeFiles/eufs_msgs__rosidl_typesupport_fastrtps_cpp.dir/rosidl_typesupport_fastrtps_cpp/eufs_msgs/msg/detail/dds_fastrtps/vehicle_commands__type_support.cpp.o[0m
[79.315s] [ 73%] [32mBuilding CXX object CMakeFiles/eufs_msgs__rosidl_typesupport_fastrtps_cpp.dir/rosidl_typesupport_fastrtps_cpp/eufs_msgs/msg/detail/dds_fastrtps/vehicle_commands_stamped__type_support.cpp.o[0m
[80.117s] [ 73%] [32mBuilding CXX object CMakeFiles/eufs_msgs__rosidl_typesupport_fastrtps_cpp.dir/rosidl_typesupport_fastrtps_cpp/eufs_msgs/msg/detail/dds_fastrtps/system_status__type_support.cpp.o[0m
[80.117s] [ 73%] [32mBuilding CXX object CMakeFiles/eufs_msgs__rosidl_typesupport_fastrtps_cpp.dir/rosidl_typesupport_fastrtps_cpp/eufs_msgs/msg/detail/dds_fastrtps/waypoint__type_support.cpp.o[0m
[80.988s] [ 73%] [32mBuilding CXX object CMakeFiles/eufs_msgs__rosidl_typesupport_fastrtps_cpp.dir/rosidl_typesupport_fastrtps_cpp/eufs_msgs/msg/detail/dds_fastrtps/waypoint_array_stamped__type_support.cpp.o[0m
[80.994s] [ 73%] [32mBuilding CXX object CMakeFiles/eufs_msgs__rosidl_typesupport_fastrtps_cpp.dir/rosidl_typesupport_fastrtps_cpp/eufs_msgs/msg/detail/dds_fastrtps/slam_err__type_support.cpp.o[0m
[81.095s] [ 73%] [32mBuilding CXX object CMakeFiles/eufs_msgs__rosidl_typesupport_fastrtps_cpp.dir/rosidl_typesupport_fastrtps_cpp/eufs_msgs/msg/detail/dds_fastrtps/wheel_odometry_err__type_support.cpp.o[0m
[81.912s] [ 73%] [32mBuilding CXX object CMakeFiles/eufs_msgs__rosidl_typesupport_fastrtps_cpp.dir/rosidl_typesupport_fastrtps_cpp/eufs_msgs/msg/detail/dds_fastrtps/wheel_speeds__type_support.cpp.o[0m
[81.998s] [ 74%] [32mBuilding CXX object CMakeFiles/eufs_msgs__rosidl_typesupport_fastrtps_cpp.dir/rosidl_typesupport_fastrtps_cpp/eufs_msgs/msg/detail/dds_fastrtps/wheel_speeds_stamped__type_support.cpp.o[0m
[82.010s] [ 74%] [32mBuilding CXX object CMakeFiles/eufs_msgs__rosidl_typesupport_fastrtps_cpp.dir/rosidl_typesupport_fastrtps_cpp/eufs_msgs/action/detail/dds_fastrtps/check_for_objects__type_support.cpp.o[0m
[82.839s] [ 74%] [32mBuilding CXX object CMakeFiles/eufs_msgs__rosidl_typesupport_fastrtps_cpp.dir/rosidl_typesupport_fastrtps_cpp/eufs_msgs/msg/detail/dds_fastrtps/particle__type_support.cpp.o[0m
[82.839s] [ 74%] [32mBuilding CXX object CMakeFiles/eufs_msgs__rosidl_typesupport_fastrtps_cpp.dir/rosidl_typesupport_fastrtps_cpp/eufs_msgs/srv/detail/dds_fastrtps/record_start__type_support.cpp.o[0m
[82.904s] [ 74%] [32mBuilding CXX object CMakeFiles/eufs_msgs__rosidl_typesupport_fastrtps_cpp.dir/rosidl_typesupport_fastrtps_cpp/eufs_msgs/srv/detail/dds_fastrtps/record_stop__type_support.cpp.o[0m
[83.379s] [ 74%] [32mBuilding CXX object CMakeFiles/eufs_msgs__rosidl_typesupport_fastrtps_cpp.dir/rosidl_typesupport_fastrtps_cpp/eufs_msgs/srv/detail/dds_fastrtps/register__type_support.cpp.o[0m
[84.299s] [ 74%] [32mBuilding CXX object CMakeFiles/eufs_msgs__rosidl_typesupport_fastrtps_cpp.dir/rosidl_typesupport_fastrtps_cpp/eufs_msgs/srv/detail/dds_fastrtps/set_mission__type_support.cpp.o[0m
[85.141s] [ 74%] [32mBuilding CXX object CMakeFiles/eufs_msgs__rosidl_typesupport_fastrtps_cpp.dir/rosidl_typesupport_fastrtps_cpp/eufs_msgs/srv/detail/dds_fastrtps/get_map__type_support.cpp.o[0m
[86.068s] [ 74%] [32mBuilding CXX object CMakeFiles/eufs_msgs__rosidl_typesupport_fastrtps_cpp.dir/rosidl_typesupport_fastrtps_cpp/eufs_msgs/srv/detail/dds_fastrtps/set_track__type_support.cpp.o[0m
[86.903s] [ 74%] [32mBuilding CXX object CMakeFiles/eufs_msgs__rosidl_typesupport_fastrtps_cpp.dir/rosidl_typesupport_fastrtps_cpp/eufs_msgs/srv/detail/dds_fastrtps/set_string__type_support.cpp.o[0m
[87.744s] [ 75%] [32mBuilding CXX object CMakeFiles/eufs_msgs__rosidl_typesupport_fastrtps_cpp.dir/rosidl_typesupport_fastrtps_cpp/eufs_msgs/srv/detail/dds_fastrtps/set_can_state__type_support.cpp.o[0m
[88.584s] [ 75%] [32mBuilding CXX object CMakeFiles/eufs_msgs__rosidl_typesupport_fastrtps_cpp.dir/rosidl_typesupport_fastrtps_cpp/eufs_msgs/msg/detail/dds_fastrtps/node_state__type_support.cpp.o[0m
[89.399s] [ 75%] [32mBuilding CXX object CMakeFiles/eufs_msgs__rosidl_typesupport_fastrtps_cpp.dir/rosidl_typesupport_fastrtps_cpp/eufs_msgs/msg/detail/dds_fastrtps/cone_array_with_covariance_plus__type_support.cpp.o[0m
[89.399s] [ 75%] [32mBuilding CXX object CMakeFiles/eufs_msgs__rosidl_typesupport_fastrtps_cpp.dir/rosidl_typesupport_fastrtps_cpp/eufs_msgs/msg/detail/dds_fastrtps/cone_association__type_support.cpp.o[0m
[90.345s] [ 75%] [32m[1mLinking CXX shared library libeufs_msgs__rosidl_typesupport_fastrtps_cpp.so[0m
[90.653s] [ 75%] Built target eufs_msgs__rosidl_typesupport_fastrtps_cpp
[90.690s] [ 76%] [34m[1mGenerating C type support for eProsima Fast-RTPS[0m
[98.805s] [35m[1mScanning dependencies of target eufs_msgs__rosidl_typesupport_fastrtps_c[0m
[99.046s] [ 76%] [32mBuilding CXX object CMakeFiles/eufs_msgs__rosidl_typesupport_fastrtps_c.dir/rosidl_typesupport_fastrtps_c/eufs_msgs/msg/detail/bounding_box__type_support_c.cpp.o[0m
[99.761s] [ 76%] [32mBuilding CXX object CMakeFiles/eufs_msgs__rosidl_typesupport_fastrtps_c.dir/rosidl_typesupport_fastrtps_c/eufs_msgs/msg/detail/cone_array__type_support_c.cpp.o[0m
[100.467s] [ 76%] [32mBuilding CXX object CMakeFiles/eufs_msgs__rosidl_typesupport_fastrtps_c.dir/rosidl_typesupport_fastrtps_c/eufs_msgs/msg/detail/cone_array_with_covariance__type_support_c.cpp.o[0m
[101.169s] [ 76%] [32mBuilding CXX object CMakeFiles/eufs_msgs__rosidl_typesupport_fastrtps_c.dir/rosidl_typesupport_fastrtps_c/eufs_msgs/msg/detail/cone_array_with_covariance_plus__type_support_c.cpp.o[0m
[101.863s] [ 77%] [32mBuilding CXX object CMakeFiles/eufs_msgs__rosidl_typesupport_fastrtps_c.dir/rosidl_typesupport_fastrtps_c/eufs_msgs/msg/detail/cone_with_covariance__type_support_c.cpp.o[0m
[102.549s] [ 77%] [32mBuilding CXX object CMakeFiles/eufs_msgs__rosidl_typesupport_fastrtps_c.dir/rosidl_typesupport_fastrtps_c/eufs_msgs/msg/detail/cone_with_covariance_plus__type_support_c.cpp.o[0m
[103.241s] [ 77%] [32mBuilding CXX object CMakeFiles/eufs_msgs__rosidl_typesupport_fastrtps_c.dir/rosidl_typesupport_fastrtps_c/eufs_msgs/msg/detail/cone_association__type_support_c.cpp.o[0m
[103.950s] [ 77%] [32mBuilding CXX object CMakeFiles/eufs_msgs__rosidl_typesupport_fastrtps_c.dir/rosidl_typesupport_fastrtps_c/eufs_msgs/msg/detail/cone_association_array__type_support_c.cpp.o[0m
[104.674s] [ 77%] [32mBuilding CXX object CMakeFiles/eufs_msgs__rosidl_typesupport_fastrtps_c.dir/rosidl_typesupport_fastrtps_c/eufs_msgs/msg/detail/cone_association_array_array_stamped__type_support_c.cpp.o[0m
[105.367s] [ 78%] [32mBuilding CXX object CMakeFiles/eufs_msgs__rosidl_typesupport_fastrtps_c.dir/rosidl_typesupport_fastrtps_c/eufs_msgs/msg/detail/cone_association_array_stamped__type_support_c.cpp.o[0m
[106.054s] [ 78%] [32mBuilding CXX object CMakeFiles/eufs_msgs__rosidl_typesupport_fastrtps_c.dir/rosidl_typesupport_fastrtps_c/eufs_msgs/msg/detail/costmap__type_support_c.cpp.o[0m
[106.771s] [ 78%] [32mBuilding CXX object CMakeFiles/eufs_msgs__rosidl_typesupport_fastrtps_c.dir/rosidl_typesupport_fastrtps_c/eufs_msgs/msg/detail/cpu_status__type_support_c.cpp.o[0m
[107.468s] [ 78%] [32mBuilding CXX object CMakeFiles/eufs_msgs__rosidl_typesupport_fastrtps_c.dir/rosidl_typesupport_fastrtps_c/eufs_msgs/msg/detail/cpu_usage__type_support_c.cpp.o[0m
[108.164s] [ 78%] [32mBuilding CXX object CMakeFiles/eufs_msgs__rosidl_typesupport_fastrtps_c.dir/rosidl_typesupport_fastrtps_c/eufs_msgs/msg/detail/ekf_err__type_support_c.cpp.o[0m
[108.857s] [ 78%] [32mBuilding CXX object CMakeFiles/eufs_msgs__rosidl_typesupport_fastrtps_c.dir/rosidl_typesupport_fastrtps_c/eufs_msgs/msg/detail/ekf_state__type_support_c.cpp.o[0m
[109.556s] [ 79%] [32mBuilding CXX object CMakeFiles/eufs_msgs__rosidl_typesupport_fastrtps_c.dir/rosidl_typesupport_fastrtps_c/eufs_msgs/msg/detail/full_state__type_support_c.cpp.o[0m
[110.250s] [ 79%] [32mBuilding CXX object CMakeFiles/eufs_msgs__rosidl_typesupport_fastrtps_c.dir/rosidl_typesupport_fastrtps_c/eufs_msgs/msg/detail/heartbeat__type_support_c.cpp.o[0m
[110.937s] [ 79%] [32mBuilding CXX object CMakeFiles/eufs_msgs__rosidl_typesupport_fastrtps_c.dir/rosidl_typesupport_fastrtps_c/eufs_msgs/msg/detail/integration_err__type_support_c.cpp.o[0m
[111.658s] [ 79%] [32mBuilding CXX object CMakeFiles/eufs_msgs__rosidl_typesupport_fastrtps_c.dir/rosidl_typesupport_fastrtps_c/eufs_msgs/msg/detail/lap_stats__type_support_c.cpp.o[0m
[112.361s] [ 79%] [32mBuilding CXX object CMakeFiles/eufs_msgs__rosidl_typesupport_fastrtps_c.dir/rosidl_typesupport_fastrtps_c/eufs_msgs/msg/detail/mpc_state__type_support_c.cpp.o[0m
[113.055s] [ 80%] [32mBuilding CXX object CMakeFiles/eufs_msgs__rosidl_typesupport_fastrtps_c.dir/rosidl_typesupport_fastrtps_c/eufs_msgs/msg/detail/node_state__type_support_c.cpp.o[0m
[113.760s] [ 80%] [32mBuilding CXX object CMakeFiles/eufs_msgs__rosidl_typesupport_fastrtps_c.dir/rosidl_typesupport_fastrtps_c/eufs_msgs/msg/detail/chassis_state__type_support_c.cpp.o[0m
[113.760s] [ 80%] [32mBuilding CXX object CMakeFiles/eufs_msgs__rosidl_typesupport_fastrtps_c.dir/rosidl_typesupport_fastrtps_c/eufs_msgs/msg/detail/chassis_command__type_support_c.cpp.o[0m
[113.761s] [ 80%] [32mBuilding CXX object CMakeFiles/eufs_msgs__rosidl_typesupport_fastrtps_c.dir/rosidl_typesupport_fastrtps_c/eufs_msgs/msg/detail/node_state_array__type_support_c.cpp.o[0m
[114.550s] [ 80%] [32mBuilding CXX object CMakeFiles/eufs_msgs__rosidl_typesupport_fastrtps_c.dir/rosidl_typesupport_fastrtps_c/eufs_msgs/msg/detail/oss__type_support_c.cpp.o[0m
[114.550s] [ 81%] [32mBuilding CXX object CMakeFiles/eufs_msgs__rosidl_typesupport_fastrtps_c.dir/rosidl_typesupport_fastrtps_c/eufs_msgs/msg/detail/car_state__type_support_c.cpp.o[0m
[114.564s] [ 81%] [32mBuilding CXX object CMakeFiles/eufs_msgs__rosidl_typesupport_fastrtps_c.dir/rosidl_typesupport_fastrtps_c/eufs_msgs/msg/detail/particle__type_support_c.cpp.o[0m
[114.606s] [ 81%] [32mBuilding CXX object CMakeFiles/eufs_msgs__rosidl_typesupport_fastrtps_c.dir/rosidl_typesupport_fastrtps_c/eufs_msgs/msg/detail/particle_slam__type_support_c.cpp.o[0m
[115.361s] [ 81%] [32mBuilding CXX object CMakeFiles/eufs_msgs__rosidl_typesupport_fastrtps_c.dir/rosidl_typesupport_fastrtps_c/eufs_msgs/msg/detail/particle_slam_stamped__type_support_c.cpp.o[0m
[115.465s] [ 82%] [32mBuilding CXX object CMakeFiles/eufs_msgs__rosidl_typesupport_fastrtps_c.dir/rosidl_typesupport_fastrtps_c/eufs_msgs/msg/detail/particle_stamped__type_support_c.cpp.o[0m
[115.527s] [ 82%] [32mBuilding CXX object CMakeFiles/eufs_msgs__rosidl_typesupport_fastrtps_c.dir/rosidl_typesupport_fastrtps_c/eufs_msgs/msg/detail/path_integral_params__type_support_c.cpp.o[0m
[115.534s] [ 82%] [32mBuilding CXX object CMakeFiles/eufs_msgs__rosidl_typesupport_fastrtps_c.dir/rosidl_typesupport_fastrtps_c/eufs_msgs/msg/detail/car_forces__type_support_c.cpp.o[0m
[115.576s] [ 82%] [32mBuilding CXX object CMakeFiles/eufs_msgs__rosidl_typesupport_fastrtps_c.dir/rosidl_typesupport_fastrtps_c/eufs_msgs/msg/detail/path_integral_stats__type_support_c.cpp.o[0m
[116.339s] [ 82%] [32mBuilding CXX object CMakeFiles/eufs_msgs__rosidl_typesupport_fastrtps_c.dir/rosidl_typesupport_fastrtps_c/eufs_msgs/msg/detail/path_integral_status__type_support_c.cpp.o[0m
[116.358s] [ 82%] [32mBuilding CXX object CMakeFiles/eufs_msgs__rosidl_typesupport_fastrtps_c.dir/rosidl_typesupport_fastrtps_c/eufs_msgs/msg/detail/path_integral_timing__type_support_c.cpp.o[0m
[116.469s] [ 83%] [32mBuilding CXX object CMakeFiles/eufs_msgs__rosidl_typesupport_fastrtps_c.dir/rosidl_typesupport_fastrtps_c/eufs_msgs/msg/detail/planning_mode__type_support_c.cpp.o[0m
[116.501s] [ 83%] [32mBuilding CXX object CMakeFiles/eufs_msgs__rosidl_typesupport_fastrtps_c.dir/rosidl_typesupport_fastrtps_c/eufs_msgs/msg/detail/can_state__type_support_c.cpp.o[0m
[116.502s] [ 83%] [32mBuilding CXX object CMakeFiles/eufs_msgs__rosidl_typesupport_fastrtps_c.dir/rosidl_typesupport_fastrtps_c/eufs_msgs/msg/detail/point_array__type_support_c.cpp.o[0m
[116.539s] [ 83%] [32mBuilding CXX object CMakeFiles/eufs_msgs__rosidl_typesupport_fastrtps_c.dir/rosidl_typesupport_fastrtps_c/eufs_msgs/msg/detail/point_array_stamped__type_support_c.cpp.o[0m
[117.358s] [ 83%] [32mBuilding CXX object CMakeFiles/eufs_msgs__rosidl_typesupport_fastrtps_c.dir/rosidl_typesupport_fastrtps_c/eufs_msgs/msg/detail/pure_pursuit_checkpoint__type_support_c.cpp.o[0m
[117.476s] [ 83%] [32mBuilding CXX object CMakeFiles/eufs_msgs__rosidl_typesupport_fastrtps_c.dir/rosidl_typesupport_fastrtps_c/eufs_msgs/msg/detail/pure_pursuit_checkpoint_array_stamped__type_support_c.cpp.o[0m
[117.518s] [ 84%] [32mBuilding CXX object CMakeFiles/eufs_msgs__rosidl_typesupport_fastrtps_c.dir/rosidl_typesupport_fastrtps_c/eufs_msgs/msg/detail/runstop__type_support_c.cpp.o[0m
[117.540s] [ 84%] [32mBuilding CXX object CMakeFiles/eufs_msgs__rosidl_typesupport_fastrtps_c.dir/rosidl_typesupport_fastrtps_c/eufs_msgs/msg/detail/slam_state__type_support_c.cpp.o[0m
[117.541s] [ 84%] [32mBuilding CXX object CMakeFiles/eufs_msgs__rosidl_typesupport_fastrtps_c.dir/rosidl_typesupport_fastrtps_c/eufs_msgs/msg/detail/bounding_boxes__type_support_c.cpp.o[0m
[117.542s] [ 84%] [32mBuilding CXX object CMakeFiles/eufs_msgs__rosidl_typesupport_fastrtps_c.dir/rosidl_typesupport_fastrtps_c/eufs_msgs/msg/detail/slam_err__type_support_c.cpp.o[0m
[117.665s] [ 84%] [32mBuilding CXX object CMakeFiles/eufs_msgs__rosidl_typesupport_fastrtps_c.dir/rosidl_typesupport_fastrtps_c/eufs_msgs/msg/detail/stereo_image__type_support_c.cpp.o[0m
[117.689s] [ 84%] [32mBuilding CXX object CMakeFiles/eufs_msgs__rosidl_typesupport_fastrtps_c.dir/rosidl_typesupport_fastrtps_c/eufs_msgs/msg/detail/state_machine_state__type_support_c.cpp.o[0m
[118.562s] [ 84%] [32mBuilding CXX object CMakeFiles/eufs_msgs__rosidl_typesupport_fastrtps_c.dir/rosidl_typesupport_fastrtps_c/eufs_msgs/msg/detail/system_status__type_support_c.cpp.o[0m
[118.571s] [ 85%] [32mBuilding CXX object CMakeFiles/eufs_msgs__rosidl_typesupport_fastrtps_c.dir/rosidl_typesupport_fastrtps_c/eufs_msgs/msg/detail/topic_status__type_support_c.cpp.o[0m
[118.650s] [ 85%] [32mBuilding CXX object CMakeFiles/eufs_msgs__rosidl_typesupport_fastrtps_c.dir/rosidl_typesupport_fastrtps_c/eufs_msgs/msg/detail/vehicle_commands__type_support_c.cpp.o[0m
[119.708s] [ 85%] [32mBuilding CXX object CMakeFiles/eufs_msgs__rosidl_typesupport_fastrtps_c.dir/rosidl_typesupport_fastrtps_c/eufs_msgs/action/detail/check_for_objects__type_support_c.cpp.o[0m
[120.486s] [ 85%] [32mBuilding CXX object CMakeFiles/eufs_msgs__rosidl_typesupport_fastrtps_c.dir/rosidl_typesupport_fastrtps_c/eufs_msgs/srv/detail/record_start__type_support_c.cpp.o[0m
[121.172s] [ 85%] [32mBuilding CXX object CMakeFiles/eufs_msgs__rosidl_typesupport_fastrtps_c.dir/rosidl_typesupport_fastrtps_c/eufs_msgs/srv/detail/record_stop__type_support_c.cpp.o[0m
[121.873s] [ 86%] [32mBuilding CXX object CMakeFiles/eufs_msgs__rosidl_typesupport_fastrtps_c.dir/rosidl_typesupport_fastrtps_c/eufs_msgs/srv/detail/register__type_support_c.cpp.o[0m
[122.592s] [ 86%] [32mBuilding CXX object CMakeFiles/eufs_msgs__rosidl_typesupport_fastrtps_c.dir/rosidl_typesupport_fastrtps_c/eufs_msgs/srv/detail/set_can_state__type_support_c.cpp.o[0m
[123.311s] [ 86%] [32mBuilding CXX object CMakeFiles/eufs_msgs__rosidl_typesupport_fastrtps_c.dir/rosidl_typesupport_fastrtps_c/eufs_msgs/srv/detail/set_string__type_support_c.cpp.o[0m
[124.027s] [ 86%] [32mBuilding CXX object CMakeFiles/eufs_msgs__rosidl_typesupport_fastrtps_c.dir/rosidl_typesupport_fastrtps_c/eufs_msgs/msg/detail/wheel_speeds_stamped__type_support_c.cpp.o[0m
[124.028s] [ 86%] [32mBuilding CXX object CMakeFiles/eufs_msgs__rosidl_typesupport_fastrtps_c.dir/rosidl_typesupport_fastrtps_c/eufs_msgs/srv/detail/set_track__type_support_c.cpp.o[0m
[124.736s] [ 86%] [32mBuilding CXX object CMakeFiles/eufs_msgs__rosidl_typesupport_fastrtps_c.dir/rosidl_typesupport_fastrtps_c/eufs_msgs/srv/detail/set_mission__type_support_c.cpp.o[0m
[124.766s] [ 87%] [32mBuilding CXX object CMakeFiles/eufs_msgs__rosidl_typesupport_fastrtps_c.dir/rosidl_typesupport_fastrtps_c/eufs_msgs/srv/detail/get_map__type_support_c.cpp.o[0m
[125.489s] [ 87%] [32mBuilding CXX object CMakeFiles/eufs_msgs__rosidl_typesupport_fastrtps_c.dir/rosidl_typesupport_fastrtps_c/eufs_msgs/msg/detail/wheel_speeds__type_support_c.cpp.o[0m
[125.535s] [ 88%] [32mBuilding CXX object CMakeFiles/eufs_msgs__rosidl_typesupport_fastrtps_c.dir/rosidl_typesupport_fastrtps_c/eufs_msgs/msg/detail/wheel_odometry_err__type_support_c.cpp.o[0m
[126.243s] [ 88%] [32mBuilding CXX object CMakeFiles/eufs_msgs__rosidl_typesupport_fastrtps_c.dir/rosidl_typesupport_fastrtps_c/eufs_msgs/msg/detail/waypoint_array_stamped__type_support_c.cpp.o[0m
[126.277s] [ 88%] [32mBuilding CXX object CMakeFiles/eufs_msgs__rosidl_typesupport_fastrtps_c.dir/rosidl_typesupport_fastrtps_c/eufs_msgs/msg/detail/waypoint__type_support_c.cpp.o[0m
[126.958s] [ 88%] [32mBuilding CXX object CMakeFiles/eufs_msgs__rosidl_typesupport_fastrtps_c.dir/rosidl_typesupport_fastrtps_c/eufs_msgs/msg/detail/vehicle_commands_stamped__type_support_c.cpp.o[0m
[127.655s] [ 88%] [32m[1mLinking CXX shared library libeufs_msgs__rosidl_typesupport_fastrtps_c.so[0m
[127.924s] [ 88%] Built target eufs_msgs__rosidl_typesupport_fastrtps_c
[127.952s] [35m[1mScanning dependencies of target eufs_msgs[0m
[127.979s] [ 88%] Built target eufs_msgs
[128.007s] [35m[1mScanning dependencies of target eufs_msgs__py[0m
[128.040s] [ 88%] [34m[1mGenerating Python code for ROS interfaces[0m
[145.896s] [ 88%] Built target eufs_msgs__py
[145.923s] [35m[1mScanning dependencies of target eufs_msgs__python[0m
[146.223s] [ 88%] [32mBuilding C object CMakeFiles/eufs_msgs__python.dir/rosidl_generator_py/eufs_msgs/msg/_bounding_boxes_s.c.o[0m
[146.223s] [ 88%] [32mBuilding C object CMakeFiles/eufs_msgs__python.dir/rosidl_generator_py/eufs_msgs/msg/_can_state_s.c.o[0m
[146.230s] [ 89%] [32mBuilding C object CMakeFiles/eufs_msgs__python.dir/rosidl_generator_py/eufs_msgs/msg/_car_forces_s.c.o[0m
[146.232s] [ 89%] [32mBuilding C object CMakeFiles/eufs_msgs__python.dir/rosidl_generator_py/eufs_msgs/msg/_chassis_command_s.c.o[0m
[146.237s] [ 89%] [32mBuilding C object CMakeFiles/eufs_msgs__python.dir/rosidl_generator_py/eufs_msgs/msg/_bounding_box_s.c.o[0m
[146.268s] [ 89%] [32mBuilding C object CMakeFiles/eufs_msgs__python.dir/rosidl_generator_py/eufs_msgs/msg/_car_state_s.c.o[0m
[146.579s] [ 90%] [32mBuilding C object CMakeFiles/eufs_msgs__python.dir/rosidl_generator_py/eufs_msgs/msg/_cone_array_with_covariance_s.c.o[0m
[146.592s] [ 90%] [32mBuilding C object CMakeFiles/eufs_msgs__python.dir/rosidl_generator_py/eufs_msgs/msg/_cone_array_with_covariance_plus_s.c.o[0m
[146.600s] [ 90%] [32mBuilding C object CMakeFiles/eufs_msgs__python.dir/rosidl_generator_py/eufs_msgs/msg/_chassis_state_s.c.o[0m
[146.616s] [ 90%] [32mBuilding C object CMakeFiles/eufs_msgs__python.dir/rosidl_generator_py/eufs_msgs/msg/_cone_array_s.c.o[0m
[146.639s] [ 90%] [32mBuilding C object CMakeFiles/eufs_msgs__python.dir/rosidl_generator_py/eufs_msgs/msg/_cone_with_covariance_s.c.o[0m
[146.669s] [ 90%] [32mBuilding C object CMakeFiles/eufs_msgs__python.dir/rosidl_generator_py/eufs_msgs/msg/_cone_with_covariance_plus_s.c.o[0m
[146.676s] [ 90%] [32mBuilding C object CMakeFiles/eufs_msgs__python.dir/rosidl_generator_py/eufs_msgs/msg/_cone_association_s.c.o[0m
[146.733s] [ 90%] [32mBuilding C object CMakeFiles/eufs_msgs__python.dir/rosidl_generator_py/eufs_msgs/msg/_cone_association_array_s.c.o[0m
[146.915s] [ 91%] [32mBuilding C object CMakeFiles/eufs_msgs__python.dir/rosidl_generator_py/eufs_msgs/msg/_cone_association_array_array_stamped_s.c.o[0m
[146.982s] [ 91%] [32mBuilding C object CMakeFiles/eufs_msgs__python.dir/rosidl_generator_py/eufs_msgs/msg/_cone_association_array_stamped_s.c.o[0m
[146.983s] [ 91%] [32mBuilding C object CMakeFiles/eufs_msgs__python.dir/rosidl_generator_py/eufs_msgs/msg/_costmap_s.c.o[0m
[147.018s] [ 91%] [32mBuilding C object CMakeFiles/eufs_msgs__python.dir/rosidl_generator_py/eufs_msgs/msg/_cpu_status_s.c.o[0m
[147.069s] [ 91%] [32mBuilding C object CMakeFiles/eufs_msgs__python.dir/rosidl_generator_py/eufs_msgs/msg/_cpu_usage_s.c.o[0m
[147.112s] [ 92%] [32mBuilding C object CMakeFiles/eufs_msgs__python.dir/rosidl_generator_py/eufs_msgs/msg/_ekf_err_s.c.o[0m
[147.244s] [ 92%] [32mBuilding C object CMakeFiles/eufs_msgs__python.dir/rosidl_generator_py/eufs_msgs/msg/_ekf_state_s.c.o[0m
[147.298s] [ 92%] [32mBuilding C object CMakeFiles/eufs_msgs__python.dir/rosidl_generator_py/eufs_msgs/msg/_full_state_s.c.o[0m
[147.347s] [ 92%] [32mBuilding C object CMakeFiles/eufs_msgs__python.dir/rosidl_generator_py/eufs_msgs/msg/_heartbeat_s.c.o[0m
[147.423s] [ 92%] [32mBuilding C object CMakeFiles/eufs_msgs__python.dir/rosidl_generator_py/eufs_msgs/msg/_integration_err_s.c.o[0m
[147.485s] [ 92%] [32mBuilding C object CMakeFiles/eufs_msgs__python.dir/rosidl_generator_py/eufs_msgs/msg/_lap_stats_s.c.o[0m
[147.508s] [ 93%] [32mBuilding C object CMakeFiles/eufs_msgs__python.dir/rosidl_generator_py/eufs_msgs/msg/_mpc_state_s.c.o[0m
[147.518s] [ 93%] [32mBuilding C object CMakeFiles/eufs_msgs__python.dir/rosidl_generator_py/eufs_msgs/msg/_node_state_s.c.o[0m
[147.647s] [ 93%] [32mBuilding C object CMakeFiles/eufs_msgs__python.dir/rosidl_generator_py/eufs_msgs/msg/_node_state_array_s.c.o[0m
[147.665s] [ 93%] [32mBuilding C object CMakeFiles/eufs_msgs__python.dir/rosidl_generator_py/eufs_msgs/msg/_oss_s.c.o[0m
[147.796s] [ 93%] [32mBuilding C object CMakeFiles/eufs_msgs__python.dir/rosidl_generator_py/eufs_msgs/msg/_particle_s.c.o[0m
[147.860s] [ 93%] [32mBuilding C object CMakeFiles/eufs_msgs__python.dir/rosidl_generator_py/eufs_msgs/msg/_particle_slam_stamped_s.c.o[0m
[147.862s] [ 94%] [32mBuilding C object CMakeFiles/eufs_msgs__python.dir/rosidl_generator_py/eufs_msgs/msg/_particle_slam_s.c.o[0m
[147.986s] [ 94%] [32mBuilding C object CMakeFiles/eufs_msgs__python.dir/rosidl_generator_py/eufs_msgs/msg/_particle_stamped_s.c.o[0m
[147.987s] [ 94%] [32mBuilding C object CMakeFiles/eufs_msgs__python.dir/rosidl_generator_py/eufs_msgs/msg/_path_integral_params_s.c.o[0m
[148.122s] [ 94%] [32mBuilding C object CMakeFiles/eufs_msgs__python.dir/rosidl_generator_py/eufs_msgs/msg/_path_integral_stats_s.c.o[0m
[148.148s] [ 94%] [32mBuilding C object CMakeFiles/eufs_msgs__python.dir/rosidl_generator_py/eufs_msgs/msg/_path_integral_status_s.c.o[0m
[148.182s] [ 95%] [32mBuilding C object CMakeFiles/eufs_msgs__python.dir/rosidl_generator_py/eufs_msgs/msg/_path_integral_timing_s.c.o[0m
[148.293s] [ 95%] [32mBuilding C object CMakeFiles/eufs_msgs__python.dir/rosidl_generator_py/eufs_msgs/msg/_planning_mode_s.c.o[0m
[148.370s] [ 95%] [32mBuilding C object CMakeFiles/eufs_msgs__python.dir/rosidl_generator_py/eufs_msgs/msg/_point_array_s.c.o[0m
[148.437s] [ 95%] [32mBuilding C object CMakeFiles/eufs_msgs__python.dir/rosidl_generator_py/eufs_msgs/msg/_point_array_stamped_s.c.o[0m
[148.486s] [ 96%] [32mBuilding C object CMakeFiles/eufs_msgs__python.dir/rosidl_generator_py/eufs_msgs/msg/_pure_pursuit_checkpoint_array_stamped_s.c.o[0m
[148.498s] [ 96%] [32mBuilding C object CMakeFiles/eufs_msgs__python.dir/rosidl_generator_py/eufs_msgs/msg/_pure_pursuit_checkpoint_s.c.o[0m
[148.556s] [ 96%] [32mBuilding C object CMakeFiles/eufs_msgs__python.dir/rosidl_generator_py/eufs_msgs/msg/_runstop_s.c.o[0m
[148.669s] [ 96%] [32mBuilding C object CMakeFiles/eufs_msgs__python.dir/rosidl_generator_py/eufs_msgs/msg/_slam_err_s.c.o[0m
[149.014s] [ 96%] [32mBuilding C object CMakeFiles/eufs_msgs__python.dir/rosidl_generator_py/eufs_msgs/msg/_vehicle_commands_stamped_s.c.o[0m
[149.213s] [ 96%] [32mBuilding C object CMakeFiles/eufs_msgs__python.dir/rosidl_generator_py/eufs_msgs/msg/_waypoint_s.c.o[0m
[149.441s] [ 97%] [32mBuilding C object CMakeFiles/eufs_msgs__python.dir/rosidl_generator_py/eufs_msgs/msg/_waypoint_array_stamped_s.c.o[0m
[149.669s] [ 97%] [32mBuilding C object CMakeFiles/eufs_msgs__python.dir/rosidl_generator_py/eufs_msgs/msg/_wheel_odometry_err_s.c.o[0m
[149.894s] [ 97%] [32mBuilding C object CMakeFiles/eufs_msgs__python.dir/rosidl_generator_py/eufs_msgs/msg/_wheel_speeds_s.c.o[0m
[150.088s] [ 97%] [32mBuilding C object CMakeFiles/eufs_msgs__python.dir/rosidl_generator_py/eufs_msgs/msg/_wheel_speeds_stamped_s.c.o[0m
[150.276s] [ 97%] [32mBuilding C object CMakeFiles/eufs_msgs__python.dir/rosidl_generator_py/eufs_msgs/action/_check_for_objects_s.c.o[0m
[150.559s] [ 98%] [32mBuilding C object CMakeFiles/eufs_msgs__python.dir/rosidl_generator_py/eufs_msgs/srv/_record_start_s.c.o[0m
[150.758s] [ 98%] [32mBuilding C object CMakeFiles/eufs_msgs__python.dir/rosidl_generator_py/eufs_msgs/srv/_record_stop_s.c.o[0m
[150.965s] [ 98%] [32mBuilding C object CMakeFiles/eufs_msgs__python.dir/rosidl_generator_py/eufs_msgs/srv/_register_s.c.o[0m
[151.163s] [ 98%] [32mBuilding C object CMakeFiles/eufs_msgs__python.dir/rosidl_generator_py/eufs_msgs/srv/_set_can_state_s.c.o[0m
[151.363s] [ 98%] [32mBuilding C object CMakeFiles/eufs_msgs__python.dir/rosidl_generator_py/eufs_msgs/srv/_set_string_s.c.o[0m
[151.564s] [ 98%] [32mBuilding C object CMakeFiles/eufs_msgs__python.dir/rosidl_generator_py/eufs_msgs/srv/_set_track_s.c.o[0m
[151.771s] [ 99%] [32mBuilding C object CMakeFiles/eufs_msgs__python.dir/rosidl_generator_py/eufs_msgs/srv/_set_mission_s.c.o[0m
[151.972s] [ 99%] [32mBuilding C object CMakeFiles/eufs_msgs__python.dir/rosidl_generator_py/eufs_msgs/srv/_get_map_s.c.o[0m
[152.175s] [ 99%] [32mBuilding C object CMakeFiles/eufs_msgs__python.dir/rosidl_generator_py/eufs_msgs/msg/_vehicle_commands_s.c.o[0m
[152.366s] [ 99%] [32mBuilding C object CMakeFiles/eufs_msgs__python.dir/rosidl_generator_py/eufs_msgs/msg/_topic_status_s.c.o[0m
[152.559s] [ 99%] [32mBuilding C object CMakeFiles/eufs_msgs__python.dir/rosidl_generator_py/eufs_msgs/msg/_system_status_s.c.o[0m
[152.752s] [100%] [32mBuilding C object CMakeFiles/eufs_msgs__python.dir/rosidl_generator_py/eufs_msgs/msg/_stereo_image_s.c.o[0m
[152.940s] [100%] [32mBuilding C object CMakeFiles/eufs_msgs__python.dir/rosidl_generator_py/eufs_msgs/msg/_state_machine_state_s.c.o[0m
[153.118s] [100%] [32mBuilding C object CMakeFiles/eufs_msgs__python.dir/rosidl_generator_py/eufs_msgs/msg/_slam_state_s.c.o[0m
[153.308s] [100%] [32m[1mLinking C shared library rosidl_generator_py/eufs_msgs/libeufs_msgs__python.so[0m
[153.463s] [100%] Built target eufs_msgs__python
[153.484s] [35m[1mScanning dependencies of target eufs_msgs__rosidl_typesupport_c__pyext[0m
[153.554s] [100%] [32mBuilding C object CMakeFiles/eufs_msgs__rosidl_typesupport_c__pyext.dir/rosidl_generator_py/eufs_msgs/_eufs_msgs_s.ep.rosidl_typesupport_c.c.o[0m
[154.239s] [100%] [32m[1mLinking C shared library rosidl_generator_py/eufs_msgs/eufs_msgs_s__rosidl_typesupport_c.cpython-38-x86_64-linux-gnu.so[0m
[154.358s] [100%] Built target eufs_msgs__rosidl_typesupport_c__pyext
[154.380s] [35m[1mScanning dependencies of target eufs_msgs__rosidl_typesupport_introspection_c__pyext[0m
[154.451s] [100%] [32mBuilding C object CMakeFiles/eufs_msgs__rosidl_typesupport_introspection_c__pyext.dir/rosidl_generator_py/eufs_msgs/_eufs_msgs_s.ep.rosidl_typesupport_introspection_c.c.o[0m
[155.137s] [100%] [32m[1mLinking C shared library rosidl_generator_py/eufs_msgs/eufs_msgs_s__rosidl_typesupport_introspection_c.cpython-38-x86_64-linux-gnu.so[0m
[155.252s] [100%] Built target eufs_msgs__rosidl_typesupport_introspection_c__pyext
[155.280s] [35m[1mScanning dependencies of target eufs_msgs__rosidl_typesupport_fastrtps_c__pyext[0m
[155.357s] [100%] [32mBuilding C object CMakeFiles/eufs_msgs__rosidl_typesupport_fastrtps_c__pyext.dir/rosidl_generator_py/eufs_msgs/_eufs_msgs_s.ep.rosidl_typesupport_fastrtps_c.c.o[0m
[156.054s] [100%] [32m[1mLinking CXX shared library rosidl_generator_py/eufs_msgs/eufs_msgs_s__rosidl_typesupport_fastrtps_c.cpython-38-x86_64-linux-gnu.so[0m
[156.252s] [100%] Built target eufs_msgs__rosidl_typesupport_fastrtps_c__pyext
[156.283s] Invoked command in '/bristol_fsai_sim-docker/build/eufs_msgs' returned '0': CMAKE_PREFIX_PATH=/opt/ros/galactic /usr/bin/cmake --build /bristol_fsai_sim-docker/build/eufs_msgs -- -j8 -l8
[158.924s] Invoking command in '/bristol_fsai_sim-docker/build/eufs_msgs': CMAKE_PREFIX_PATH=/opt/ros/galactic /usr/bin/cmake --install /bristol_fsai_sim-docker/build/eufs_msgs
[158.943s] -- Install configuration: ""
[158.946s] -- Execute custom install script
[158.947s] -- Symlinking: /bristol_fsai_sim-docker/install/eufs_msgs/share/ament_index/resource_index/rosidl_interfaces/eufs_msgs
[158.976s] -- Symlinking: /bristol_fsai_sim-docker/install/eufs_msgs/include/eufs_msgs/action/check_for_objects.h
[158.996s] -- Symlinking: /bristol_fsai_sim-docker/install/eufs_msgs/include/eufs_msgs/action/detail/check_for_objects__functions.h
[159.013s] -- Symlinking: /bristol_fsai_sim-docker/install/eufs_msgs/include/eufs_msgs/action/detail/check_for_objects__struct.h
[159.030s] -- Symlinking: /bristol_fsai_sim-docker/install/eufs_msgs/include/eufs_msgs/action/detail/check_for_objects__type_support.h
[159.054s] -- Symlinking: /bristol_fsai_sim-docker/install/eufs_msgs/include/eufs_msgs/msg/bounding_box.h
[159.076s] -- Symlinking: /bristol_fsai_sim-docker/install/eufs_msgs/include/eufs_msgs/msg/bounding_boxes.h
[159.105s] -- Symlinking: /bristol_fsai_sim-docker/install/eufs_msgs/include/eufs_msgs/msg/can_state.h
[159.132s] -- Symlinking: /bristol_fsai_sim-docker/install/eufs_msgs/include/eufs_msgs/msg/car_forces.h
[159.154s] -- Symlinking: /bristol_fsai_sim-docker/install/eufs_msgs/include/eufs_msgs/msg/car_state.h
[159.177s] -- Symlinking: /bristol_fsai_sim-docker/install/eufs_msgs/include/eufs_msgs/msg/chassis_command.h
[159.197s] -- Symlinking: /bristol_fsai_sim-docker/install/eufs_msgs/include/eufs_msgs/msg/chassis_state.h
[159.220s] -- Symlinking: /bristol_fsai_sim-docker/install/eufs_msgs/include/eufs_msgs/msg/cone_array.h
[159.240s] -- Symlinking: /bristol_fsai_sim-docker/install/eufs_msgs/include/eufs_msgs/msg/cone_array_with_covariance.h
[159.264s] -- Symlinking: /bristol_fsai_sim-docker/install/eufs_msgs/include/eufs_msgs/msg/cone_array_with_covariance_plus.h
[159.282s] -- Symlinking: /bristol_fsai_sim-docker/install/eufs_msgs/include/eufs_msgs/msg/cone_association.h
[159.301s] -- Symlinking: /bristol_fsai_sim-docker/install/eufs_msgs/include/eufs_msgs/msg/cone_association_array.h
[159.318s] -- Symlinking: /bristol_fsai_sim-docker/install/eufs_msgs/include/eufs_msgs/msg/cone_association_array_array_stamped.h
[159.337s] -- Symlinking: /bristol_fsai_sim-docker/install/eufs_msgs/include/eufs_msgs/msg/cone_association_array_stamped.h
[159.361s] -- Symlinking: /bristol_fsai_sim-docker/install/eufs_msgs/include/eufs_msgs/msg/cone_with_covariance.h
[159.382s] -- Symlinking: /bristol_fsai_sim-docker/install/eufs_msgs/include/eufs_msgs/msg/cone_with_covariance_plus.h
[159.401s] -- Symlinking: /bristol_fsai_sim-docker/install/eufs_msgs/include/eufs_msgs/msg/costmap.h
[159.418s] -- Symlinking: /bristol_fsai_sim-docker/install/eufs_msgs/include/eufs_msgs/msg/cpu_status.h
[159.437s] -- Symlinking: /bristol_fsai_sim-docker/install/eufs_msgs/include/eufs_msgs/msg/cpu_usage.h
[159.459s] -- Symlinking: /bristol_fsai_sim-docker/install/eufs_msgs/include/eufs_msgs/msg/detail/bounding_box__functions.h
[159.482s] -- Symlinking: /bristol_fsai_sim-docker/install/eufs_msgs/include/eufs_msgs/msg/detail/bounding_box__struct.h
[159.500s] -- Symlinking: /bristol_fsai_sim-docker/install/eufs_msgs/include/eufs_msgs/msg/detail/bounding_box__type_support.h
[159.517s] -- Symlinking: /bristol_fsai_sim-docker/install/eufs_msgs/include/eufs_msgs/msg/detail/bounding_boxes__functions.h
[159.537s] -- Symlinking: /bristol_fsai_sim-docker/install/eufs_msgs/include/eufs_msgs/msg/detail/bounding_boxes__struct.h
[159.559s] -- Symlinking: /bristol_fsai_sim-docker/install/eufs_msgs/include/eufs_msgs/msg/detail/bounding_boxes__type_support.h
[159.582s] -- Symlinking: /bristol_fsai_sim-docker/install/eufs_msgs/include/eufs_msgs/msg/detail/can_state__functions.h
[159.600s] -- Symlinking: /bristol_fsai_sim-docker/install/eufs_msgs/include/eufs_msgs/msg/detail/can_state__struct.h
[159.617s] -- Symlinking: /bristol_fsai_sim-docker/install/eufs_msgs/include/eufs_msgs/msg/detail/can_state__type_support.h
[159.640s] -- Symlinking: /bristol_fsai_sim-docker/install/eufs_msgs/include/eufs_msgs/msg/detail/car_forces__functions.h
[159.662s] -- Symlinking: /bristol_fsai_sim-docker/install/eufs_msgs/include/eufs_msgs/msg/detail/car_forces__struct.h
[159.683s] -- Symlinking: /bristol_fsai_sim-docker/install/eufs_msgs/include/eufs_msgs/msg/detail/car_forces__type_support.h
[159.701s] -- Symlinking: /bristol_fsai_sim-docker/install/eufs_msgs/include/eufs_msgs/msg/detail/car_state__functions.h
[159.719s] -- Symlinking: /bristol_fsai_sim-docker/install/eufs_msgs/include/eufs_msgs/msg/detail/car_state__struct.h
[159.745s] -- Symlinking: /bristol_fsai_sim-docker/install/eufs_msgs/include/eufs_msgs/msg/detail/car_state__type_support.h
[159.768s] -- Symlinking: /bristol_fsai_sim-docker/install/eufs_msgs/include/eufs_msgs/msg/detail/chassis_command__functions.h
[159.789s] -- Symlinking: /bristol_fsai_sim-docker/install/eufs_msgs/include/eufs_msgs/msg/detail/chassis_command__struct.h
[159.808s] -- Symlinking: /bristol_fsai_sim-docker/install/eufs_msgs/include/eufs_msgs/msg/detail/chassis_command__type_support.h
[159.825s] -- Symlinking: /bristol_fsai_sim-docker/install/eufs_msgs/include/eufs_msgs/msg/detail/chassis_state__functions.h
[159.847s] -- Symlinking: /bristol_fsai_sim-docker/install/eufs_msgs/include/eufs_msgs/msg/detail/chassis_state__struct.h
[159.870s] -- Symlinking: /bristol_fsai_sim-docker/install/eufs_msgs/include/eufs_msgs/msg/detail/chassis_state__type_support.h
[159.888s] -- Symlinking: /bristol_fsai_sim-docker/install/eufs_msgs/include/eufs_msgs/msg/detail/cone_array__functions.h
[159.906s] -- Symlinking: /bristol_fsai_sim-docker/install/eufs_msgs/include/eufs_msgs/msg/detail/cone_array__struct.h
[159.921s] -- Symlinking: /bristol_fsai_sim-docker/install/eufs_msgs/include/eufs_msgs/msg/detail/cone_array__type_support.h
[159.942s] -- Symlinking: /bristol_fsai_sim-docker/install/eufs_msgs/include/eufs_msgs/msg/detail/cone_array_with_covariance__functions.h
[159.963s] -- Symlinking: /bristol_fsai_sim-docker/install/eufs_msgs/include/eufs_msgs/msg/detail/cone_array_with_covariance__struct.h
[159.984s] -- Symlinking: /bristol_fsai_sim-docker/install/eufs_msgs/include/eufs_msgs/msg/detail/cone_array_with_covariance__type_support.h
[160.002s] -- Symlinking: /bristol_fsai_sim-docker/install/eufs_msgs/include/eufs_msgs/msg/detail/cone_array_with_covariance_plus__functions.h
[160.019s] -- Symlinking: /bristol_fsai_sim-docker/install/eufs_msgs/include/eufs_msgs/msg/detail/cone_array_with_covariance_plus__struct.h
[160.039s] -- Symlinking: /bristol_fsai_sim-docker/install/eufs_msgs/include/eufs_msgs/msg/detail/cone_array_with_covariance_plus__type_support.h
[160.060s] -- Symlinking: /bristol_fsai_sim-docker/install/eufs_msgs/include/eufs_msgs/msg/detail/cone_association__functions.h
[160.083s] -- Symlinking: /bristol_fsai_sim-docker/install/eufs_msgs/include/eufs_msgs/msg/detail/cone_association__struct.h
[160.100s] -- Symlinking: /bristol_fsai_sim-docker/install/eufs_msgs/include/eufs_msgs/msg/detail/cone_association__type_support.h
[160.117s] -- Symlinking: /bristol_fsai_sim-docker/install/eufs_msgs/include/eufs_msgs/msg/detail/cone_association_array__functions.h
[160.140s] -- Symlinking: /bristol_fsai_sim-docker/install/eufs_msgs/include/eufs_msgs/msg/detail/cone_association_array__struct.h
[160.162s] -- Symlinking: /bristol_fsai_sim-docker/install/eufs_msgs/include/eufs_msgs/msg/detail/cone_association_array__type_support.h
[160.180s] -- Symlinking: /bristol_fsai_sim-docker/install/eufs_msgs/include/eufs_msgs/msg/detail/cone_association_array_array_stamped__functions.h
[160.197s] -- Symlinking: /bristol_fsai_sim-docker/install/eufs_msgs/include/eufs_msgs/msg/detail/cone_association_array_array_stamped__struct.h
[160.214s] -- Symlinking: /bristol_fsai_sim-docker/install/eufs_msgs/include/eufs_msgs/msg/detail/cone_association_array_array_stamped__type_support.h
[160.231s] -- Symlinking: /bristol_fsai_sim-docker/install/eufs_msgs/include/eufs_msgs/msg/detail/cone_association_array_stamped__functions.h
[160.254s] -- Symlinking: /bristol_fsai_sim-docker/install/eufs_msgs/include/eufs_msgs/msg/detail/cone_association_array_stamped__struct.h
[160.276s] -- Symlinking: /bristol_fsai_sim-docker/install/eufs_msgs/include/eufs_msgs/msg/detail/cone_association_array_stamped__type_support.h
[160.294s] -- Symlinking: /bristol_fsai_sim-docker/install/eufs_msgs/include/eufs_msgs/msg/detail/cone_with_covariance__functions.h
[160.311s] -- Symlinking: /bristol_fsai_sim-docker/install/eufs_msgs/include/eufs_msgs/msg/detail/cone_with_covariance__struct.h
[160.328s] -- Symlinking: /bristol_fsai_sim-docker/install/eufs_msgs/include/eufs_msgs/msg/detail/cone_with_covariance__type_support.h
[160.352s] -- Symlinking: /bristol_fsai_sim-docker/install/eufs_msgs/include/eufs_msgs/msg/detail/cone_with_covariance_plus__functions.h
[160.375s] -- Symlinking: /bristol_fsai_sim-docker/install/eufs_msgs/include/eufs_msgs/msg/detail/cone_with_covariance_plus__struct.h
[160.393s] -- Symlinking: /bristol_fsai_sim-docker/install/eufs_msgs/include/eufs_msgs/msg/detail/cone_with_covariance_plus__type_support.h
[160.410s] -- Symlinking: /bristol_fsai_sim-docker/install/eufs_msgs/include/eufs_msgs/msg/detail/costmap__functions.h
[160.428s] -- Symlinking: /bristol_fsai_sim-docker/install/eufs_msgs/include/eufs_msgs/msg/detail/costmap__struct.h
[160.449s] -- Symlinking: /bristol_fsai_sim-docker/install/eufs_msgs/include/eufs_msgs/msg/detail/costmap__type_support.h
[160.471s] -- Symlinking: /bristol_fsai_sim-docker/install/eufs_msgs/include/eufs_msgs/msg/detail/cpu_status__functions.h
[160.492s] -- Symlinking: /bristol_fsai_sim-docker/install/eufs_msgs/include/eufs_msgs/msg/detail/cpu_status__struct.h
[160.509s] -- Symlinking: /bristol_fsai_sim-docker/install/eufs_msgs/include/eufs_msgs/msg/detail/cpu_status__type_support.h
[160.526s] -- Symlinking: /bristol_fsai_sim-docker/install/eufs_msgs/include/eufs_msgs/msg/detail/cpu_usage__functions.h
[160.548s] -- Symlinking: /bristol_fsai_sim-docker/install/eufs_msgs/include/eufs_msgs/msg/detail/cpu_usage__struct.h
[160.571s] -- Symlinking: /bristol_fsai_sim-docker/install/eufs_msgs/include/eufs_msgs/msg/detail/cpu_usage__type_support.h
[160.589s] -- Symlinking: /bristol_fsai_sim-docker/install/eufs_msgs/include/eufs_msgs/msg/detail/ekf_err__functions.h
[160.607s] -- Symlinking: /bristol_fsai_sim-docker/install/eufs_msgs/include/eufs_msgs/msg/detail/ekf_err__struct.h
[160.623s] -- Symlinking: /bristol_fsai_sim-docker/install/eufs_msgs/include/eufs_msgs/msg/detail/ekf_err__type_support.h
[160.644s] -- Symlinking: /bristol_fsai_sim-docker/install/eufs_msgs/include/eufs_msgs/msg/detail/ekf_state__functions.h
[160.667s] -- Symlinking: /bristol_fsai_sim-docker/install/eufs_msgs/include/eufs_msgs/msg/detail/ekf_state__struct.h
[160.691s] -- Symlinking: /bristol_fsai_sim-docker/install/eufs_msgs/include/eufs_msgs/msg/detail/ekf_state__type_support.h
[160.708s] -- Symlinking: /bristol_fsai_sim-docker/install/eufs_msgs/include/eufs_msgs/msg/detail/full_state__functions.h
[160.725s] -- Symlinking: /bristol_fsai_sim-docker/install/eufs_msgs/include/eufs_msgs/msg/detail/full_state__struct.h
[160.746s] -- Symlinking: /bristol_fsai_sim-docker/install/eufs_msgs/include/eufs_msgs/msg/detail/full_state__type_support.h
[160.768s] -- Symlinking: /bristol_fsai_sim-docker/install/eufs_msgs/include/eufs_msgs/msg/detail/heartbeat__functions.h
[160.789s] -- Symlinking: /bristol_fsai_sim-docker/install/eufs_msgs/include/eufs_msgs/msg/detail/heartbeat__struct.h
[160.807s] -- Symlinking: /bristol_fsai_sim-docker/install/eufs_msgs/include/eufs_msgs/msg/detail/heartbeat__type_support.h
[160.824s] -- Symlinking: /bristol_fsai_sim-docker/install/eufs_msgs/include/eufs_msgs/msg/detail/integration_err__functions.h
[160.845s] -- Symlinking: /bristol_fsai_sim-docker/install/eufs_msgs/include/eufs_msgs/msg/detail/integration_err__struct.h
[160.867s] -- Symlinking: /bristol_fsai_sim-docker/install/eufs_msgs/include/eufs_msgs/msg/detail/integration_err__type_support.h
[160.888s] -- Symlinking: /bristol_fsai_sim-docker/install/eufs_msgs/include/eufs_msgs/msg/detail/lap_stats__functions.h
[160.906s] -- Symlinking: /bristol_fsai_sim-docker/install/eufs_msgs/include/eufs_msgs/msg/detail/lap_stats__struct.h
[160.923s] -- Symlinking: /bristol_fsai_sim-docker/install/eufs_msgs/include/eufs_msgs/msg/detail/lap_stats__type_support.h
[160.943s] -- Symlinking: /bristol_fsai_sim-docker/install/eufs_msgs/include/eufs_msgs/msg/detail/mpc_state__functions.h
[160.965s] -- Symlinking: /bristol_fsai_sim-docker/install/eufs_msgs/include/eufs_msgs/msg/detail/mpc_state__struct.h
[160.985s] -- Symlinking: /bristol_fsai_sim-docker/install/eufs_msgs/include/eufs_msgs/msg/detail/mpc_state__type_support.h
[161.003s] -- Symlinking: /bristol_fsai_sim-docker/install/eufs_msgs/include/eufs_msgs/msg/detail/node_state__functions.h
[161.020s] -- Symlinking: /bristol_fsai_sim-docker/install/eufs_msgs/include/eufs_msgs/msg/detail/node_state__struct.h
[161.042s] -- Symlinking: /bristol_fsai_sim-docker/install/eufs_msgs/include/eufs_msgs/msg/detail/node_state__type_support.h
[161.063s] -- Symlinking: /bristol_fsai_sim-docker/install/eufs_msgs/include/eufs_msgs/msg/detail/node_state_array__functions.h
[161.086s] -- Symlinking: /bristol_fsai_sim-docker/install/eufs_msgs/include/eufs_msgs/msg/detail/node_state_array__struct.h
[161.104s] -- Symlinking: /bristol_fsai_sim-docker/install/eufs_msgs/include/eufs_msgs/msg/detail/node_state_array__type_support.h
[161.120s] -- Symlinking: /bristol_fsai_sim-docker/install/eufs_msgs/include/eufs_msgs/msg/detail/oss__functions.h
[161.141s] -- Symlinking: /bristol_fsai_sim-docker/install/eufs_msgs/include/eufs_msgs/msg/detail/oss__struct.h
[161.165s] -- Symlinking: /bristol_fsai_sim-docker/install/eufs_msgs/include/eufs_msgs/msg/detail/oss__type_support.h
[161.187s] -- Symlinking: /bristol_fsai_sim-docker/install/eufs_msgs/include/eufs_msgs/msg/detail/particle__functions.h
[161.204s] -- Symlinking: /bristol_fsai_sim-docker/install/eufs_msgs/include/eufs_msgs/msg/detail/particle__struct.h
[161.221s] -- Symlinking: /bristol_fsai_sim-docker/install/eufs_msgs/include/eufs_msgs/msg/detail/particle__type_support.h
[161.241s] -- Symlinking: /bristol_fsai_sim-docker/install/eufs_msgs/include/eufs_msgs/msg/detail/particle_slam__functions.h
[161.266s] -- Symlinking: /bristol_fsai_sim-docker/install/eufs_msgs/include/eufs_msgs/msg/detail/particle_slam__struct.h
[161.288s] -- Symlinking: /bristol_fsai_sim-docker/install/eufs_msgs/include/eufs_msgs/msg/detail/particle_slam__type_support.h
[161.305s] -- Symlinking: /bristol_fsai_sim-docker/install/eufs_msgs/include/eufs_msgs/msg/detail/particle_slam_stamped__functions.h
[161.322s] -- Symlinking: /bristol_fsai_sim-docker/install/eufs_msgs/include/eufs_msgs/msg/detail/particle_slam_stamped__struct.h
[161.342s] -- Symlinking: /bristol_fsai_sim-docker/install/eufs_msgs/include/eufs_msgs/msg/detail/particle_slam_stamped__type_support.h
[161.365s] -- Symlinking: /bristol_fsai_sim-docker/install/eufs_msgs/include/eufs_msgs/msg/detail/particle_stamped__functions.h
[161.386s] -- Symlinking: /bristol_fsai_sim-docker/install/eufs_msgs/include/eufs_msgs/msg/detail/particle_stamped__struct.h
[161.405s] -- Symlinking: /bristol_fsai_sim-docker/install/eufs_msgs/include/eufs_msgs/msg/detail/particle_stamped__type_support.h
[161.422s] -- Symlinking: /bristol_fsai_sim-docker/install/eufs_msgs/include/eufs_msgs/msg/detail/path_integral_params__functions.h
[161.442s] -- Symlinking: /bristol_fsai_sim-docker/install/eufs_msgs/include/eufs_msgs/msg/detail/path_integral_params__struct.h
[161.466s] -- Symlinking: /bristol_fsai_sim-docker/install/eufs_msgs/include/eufs_msgs/msg/detail/path_integral_params__type_support.h
[161.488s] -- Symlinking: /bristol_fsai_sim-docker/install/eufs_msgs/include/eufs_msgs/msg/detail/path_integral_stats__functions.h
[161.506s] -- Symlinking: /bristol_fsai_sim-docker/install/eufs_msgs/include/eufs_msgs/msg/detail/path_integral_stats__struct.h
[161.523s] -- Symlinking: /bristol_fsai_sim-docker/install/eufs_msgs/include/eufs_msgs/msg/detail/path_integral_stats__type_support.h
[161.544s] -- Symlinking: /bristol_fsai_sim-docker/install/eufs_msgs/include/eufs_msgs/msg/detail/path_integral_status__functions.h
[161.567s] -- Symlinking: /bristol_fsai_sim-docker/install/eufs_msgs/include/eufs_msgs/msg/detail/path_integral_status__struct.h
[161.587s] -- Symlinking: /bristol_fsai_sim-docker/install/eufs_msgs/include/eufs_msgs/msg/detail/path_integral_status__type_support.h
[161.605s] -- Symlinking: /bristol_fsai_sim-docker/install/eufs_msgs/include/eufs_msgs/msg/detail/path_integral_timing__functions.h
[161.622s] -- Symlinking: /bristol_fsai_sim-docker/install/eufs_msgs/include/eufs_msgs/msg/detail/path_integral_timing__struct.h
[161.644s] -- Symlinking: /bristol_fsai_sim-docker/install/eufs_msgs/include/eufs_msgs/msg/detail/path_integral_timing__type_support.h
[161.665s] -- Symlinking: /bristol_fsai_sim-docker/install/eufs_msgs/include/eufs_msgs/msg/detail/planning_mode__functions.h
[161.685s] -- Symlinking: /bristol_fsai_sim-docker/install/eufs_msgs/include/eufs_msgs/msg/detail/planning_mode__struct.h
[161.704s] -- Symlinking: /bristol_fsai_sim-docker/install/eufs_msgs/include/eufs_msgs/msg/detail/planning_mode__type_support.h
[161.721s] -- Symlinking: /bristol_fsai_sim-docker/install/eufs_msgs/include/eufs_msgs/msg/detail/point_array__functions.h
[161.741s] -- Symlinking: /bristol_fsai_sim-docker/install/eufs_msgs/include/eufs_msgs/msg/detail/point_array__struct.h
[161.763s] -- Symlinking: /bristol_fsai_sim-docker/install/eufs_msgs/include/eufs_msgs/msg/detail/point_array__type_support.h
[161.784s] -- Symlinking: /bristol_fsai_sim-docker/install/eufs_msgs/include/eufs_msgs/msg/detail/point_array_stamped__functions.h
[161.804s] -- Symlinking: /bristol_fsai_sim-docker/install/eufs_msgs/include/eufs_msgs/msg/detail/point_array_stamped__struct.h
[161.821s] -- Symlinking: /bristol_fsai_sim-docker/install/eufs_msgs/include/eufs_msgs/msg/detail/point_array_stamped__type_support.h
[161.841s] -- Symlinking: /bristol_fsai_sim-docker/install/eufs_msgs/include/eufs_msgs/msg/detail/pure_pursuit_checkpoint__functions.h
[161.867s] -- Symlinking: /bristol_fsai_sim-docker/install/eufs_msgs/include/eufs_msgs/msg/detail/pure_pursuit_checkpoint__struct.h
[161.887s] -- Symlinking: /bristol_fsai_sim-docker/install/eufs_msgs/include/eufs_msgs/msg/detail/pure_pursuit_checkpoint__type_support.h
[161.904s] -- Symlinking: /bristol_fsai_sim-docker/install/eufs_msgs/include/eufs_msgs/msg/detail/pure_pursuit_checkpoint_array_stamped__functions.h
[161.921s] -- Symlinking: /bristol_fsai_sim-docker/install/eufs_msgs/include/eufs_msgs/msg/detail/pure_pursuit_checkpoint_array_stamped__struct.h
[161.941s] -- Symlinking: /bristol_fsai_sim-docker/install/eufs_msgs/include/eufs_msgs/msg/detail/pure_pursuit_checkpoint_array_stamped__type_support.h
[161.964s] -- Symlinking: /bristol_fsai_sim-docker/install/eufs_msgs/include/eufs_msgs/msg/detail/runstop__functions.h
[161.988s] -- Symlinking: /bristol_fsai_sim-docker/install/eufs_msgs/include/eufs_msgs/msg/detail/runstop__struct.h
[162.006s] -- Symlinking: /bristol_fsai_sim-docker/install/eufs_msgs/include/eufs_msgs/msg/detail/runstop__type_support.h
[162.023s] -- Symlinking: /bristol_fsai_sim-docker/install/eufs_msgs/include/eufs_msgs/msg/detail/slam_err__functions.h
[162.044s] -- Symlinking: /bristol_fsai_sim-docker/install/eufs_msgs/include/eufs_msgs/msg/detail/slam_err__struct.h
[162.067s] -- Symlinking: /bristol_fsai_sim-docker/install/eufs_msgs/include/eufs_msgs/msg/detail/slam_err__type_support.h
[162.088s] -- Symlinking: /bristol_fsai_sim-docker/install/eufs_msgs/include/eufs_msgs/msg/detail/slam_state__functions.h
[162.105s] -- Symlinking: /bristol_fsai_sim-docker/install/eufs_msgs/include/eufs_msgs/msg/detail/slam_state__struct.h
[162.123s] -- Symlinking: /bristol_fsai_sim-docker/install/eufs_msgs/include/eufs_msgs/msg/detail/slam_state__type_support.h
[162.143s] -- Symlinking: /bristol_fsai_sim-docker/install/eufs_msgs/include/eufs_msgs/msg/detail/state_machine_state__functions.h
[162.165s] -- Symlinking: /bristol_fsai_sim-docker/install/eufs_msgs/include/eufs_msgs/msg/detail/state_machine_state__struct.h
[162.185s] -- Symlinking: /bristol_fsai_sim-docker/install/eufs_msgs/include/eufs_msgs/msg/detail/state_machine_state__type_support.h
[162.203s] -- Symlinking: /bristol_fsai_sim-docker/install/eufs_msgs/include/eufs_msgs/msg/detail/stereo_image__functions.h
[162.219s] -- Symlinking: /bristol_fsai_sim-docker/install/eufs_msgs/include/eufs_msgs/msg/detail/stereo_image__struct.h
[162.238s] -- Symlinking: /bristol_fsai_sim-docker/install/eufs_msgs/include/eufs_msgs/msg/detail/stereo_image__type_support.h
[162.261s] -- Symlinking: /bristol_fsai_sim-docker/install/eufs_msgs/include/eufs_msgs/msg/detail/system_status__functions.h
[162.284s] -- Symlinking: /bristol_fsai_sim-docker/install/eufs_msgs/include/eufs_msgs/msg/detail/system_status__struct.h
[162.303s] -- Symlinking: /bristol_fsai_sim-docker/install/eufs_msgs/include/eufs_msgs/msg/detail/system_status__type_support.h
[162.320s] -- Symlinking: /bristol_fsai_sim-docker/install/eufs_msgs/include/eufs_msgs/msg/detail/topic_status__functions.h
[162.338s] -- Symlinking: /bristol_fsai_sim-docker/install/eufs_msgs/include/eufs_msgs/msg/detail/topic_status__struct.h
[162.365s] -- Symlinking: /bristol_fsai_sim-docker/install/eufs_msgs/include/eufs_msgs/msg/detail/topic_status__type_support.h
[162.385s] -- Symlinking: /bristol_fsai_sim-docker/install/eufs_msgs/include/eufs_msgs/msg/detail/vehicle_commands__functions.h
[162.404s] -- Symlinking: /bristol_fsai_sim-docker/install/eufs_msgs/include/eufs_msgs/msg/detail/vehicle_commands__struct.h
[162.421s] -- Symlinking: /bristol_fsai_sim-docker/install/eufs_msgs/include/eufs_msgs/msg/detail/vehicle_commands__type_support.h
[162.441s] -- Symlinking: /bristol_fsai_sim-docker/install/eufs_msgs/include/eufs_msgs/msg/detail/vehicle_commands_stamped__functions.h
[162.463s] -- Symlinking: /bristol_fsai_sim-docker/install/eufs_msgs/include/eufs_msgs/msg/detail/vehicle_commands_stamped__struct.h
[162.484s] -- Symlinking: /bristol_fsai_sim-docker/install/eufs_msgs/include/eufs_msgs/msg/detail/vehicle_commands_stamped__type_support.h
[162.503s] -- Symlinking: /bristol_fsai_sim-docker/install/eufs_msgs/include/eufs_msgs/msg/detail/waypoint__functions.h
[162.520s] -- Symlinking: /bristol_fsai_sim-docker/install/eufs_msgs/include/eufs_msgs/msg/detail/waypoint__struct.h
[162.541s] -- Symlinking: /bristol_fsai_sim-docker/install/eufs_msgs/include/eufs_msgs/msg/detail/waypoint__type_support.h
[162.566s] -- Symlinking: /bristol_fsai_sim-docker/install/eufs_msgs/include/eufs_msgs/msg/detail/waypoint_array_stamped__functions.h
[162.586s] -- Symlinking: /bristol_fsai_sim-docker/install/eufs_msgs/include/eufs_msgs/msg/detail/waypoint_array_stamped__struct.h
[162.605s] -- Symlinking: /bristol_fsai_sim-docker/install/eufs_msgs/include/eufs_msgs/msg/detail/waypoint_array_stamped__type_support.h
[162.621s] -- Symlinking: /bristol_fsai_sim-docker/install/eufs_msgs/include/eufs_msgs/msg/detail/wheel_odometry_err__functions.h
[162.642s] -- Symlinking: /bristol_fsai_sim-docker/install/eufs_msgs/include/eufs_msgs/msg/detail/wheel_odometry_err__struct.h
[162.665s] -- Symlinking: /bristol_fsai_sim-docker/install/eufs_msgs/include/eufs_msgs/msg/detail/wheel_odometry_err__type_support.h
[162.686s] -- Symlinking: /bristol_fsai_sim-docker/install/eufs_msgs/include/eufs_msgs/msg/detail/wheel_speeds__functions.h
[162.704s] -- Symlinking: /bristol_fsai_sim-docker/install/eufs_msgs/include/eufs_msgs/msg/detail/wheel_speeds__struct.h
[162.721s] -- Symlinking: /bristol_fsai_sim-docker/install/eufs_msgs/include/eufs_msgs/msg/detail/wheel_speeds__type_support.h
[162.744s] -- Symlinking: /bristol_fsai_sim-docker/install/eufs_msgs/include/eufs_msgs/msg/detail/wheel_speeds_stamped__functions.h
[162.764s] -- Symlinking: /bristol_fsai_sim-docker/install/eufs_msgs/include/eufs_msgs/msg/detail/wheel_speeds_stamped__struct.h
[162.785s] -- Symlinking: /bristol_fsai_sim-docker/install/eufs_msgs/include/eufs_msgs/msg/detail/wheel_speeds_stamped__type_support.h
[162.803s] -- Symlinking: /bristol_fsai_sim-docker/install/eufs_msgs/include/eufs_msgs/msg/ekf_err.h
[162.820s] -- Symlinking: /bristol_fsai_sim-docker/install/eufs_msgs/include/eufs_msgs/msg/ekf_state.h
[162.839s] -- Symlinking: /bristol_fsai_sim-docker/install/eufs_msgs/include/eufs_msgs/msg/full_state.h
[162.861s] -- Symlinking: /bristol_fsai_sim-docker/install/eufs_msgs/include/eufs_msgs/msg/heartbeat.h
[162.883s] -- Symlinking: /bristol_fsai_sim-docker/install/eufs_msgs/include/eufs_msgs/msg/integration_err.h
[162.901s] -- Symlinking: /bristol_fsai_sim-docker/install/eufs_msgs/include/eufs_msgs/msg/lap_stats.h
[162.918s] -- Symlinking: /bristol_fsai_sim-docker/install/eufs_msgs/include/eufs_msgs/msg/mpc_state.h
[162.934s] -- Symlinking: /bristol_fsai_sim-docker/install/eufs_msgs/include/eufs_msgs/msg/node_state.h
[162.958s] -- Symlinking: /bristol_fsai_sim-docker/install/eufs_msgs/include/eufs_msgs/msg/node_state_array.h
[162.981s] -- Symlinking: /bristol_fsai_sim-docker/install/eufs_msgs/include/eufs_msgs/msg/oss.h
[162.999s] -- Symlinking: /bristol_fsai_sim-docker/install/eufs_msgs/include/eufs_msgs/msg/particle.h
[163.018s] -- Symlinking: /bristol_fsai_sim-docker/install/eufs_msgs/include/eufs_msgs/msg/particle_slam.h
[163.036s] -- Symlinking: /bristol_fsai_sim-docker/install/eufs_msgs/include/eufs_msgs/msg/particle_slam_stamped.h
[163.060s] -- Symlinking: /bristol_fsai_sim-docker/install/eufs_msgs/include/eufs_msgs/msg/particle_stamped.h
[163.082s] -- Symlinking: /bristol_fsai_sim-docker/install/eufs_msgs/include/eufs_msgs/msg/path_integral_params.h
[163.102s] -- Symlinking: /bristol_fsai_sim-docker/install/eufs_msgs/include/eufs_msgs/msg/path_integral_stats.h
[163.119s] -- Symlinking: /bristol_fsai_sim-docker/install/eufs_msgs/include/eufs_msgs/msg/path_integral_status.h
[163.136s] -- Symlinking: /bristol_fsai_sim-docker/install/eufs_msgs/include/eufs_msgs/msg/path_integral_timing.h
[163.161s] -- Symlinking: /bristol_fsai_sim-docker/install/eufs_msgs/include/eufs_msgs/msg/planning_mode.h
[163.181s] -- Symlinking: /bristol_fsai_sim-docker/install/eufs_msgs/include/eufs_msgs/msg/point_array.h
[163.200s] -- Symlinking: /bristol_fsai_sim-docker/install/eufs_msgs/include/eufs_msgs/msg/point_array_stamped.h
[163.216s] -- Symlinking: /bristol_fsai_sim-docker/install/eufs_msgs/include/eufs_msgs/msg/pure_pursuit_checkpoint.h
[163.233s] -- Symlinking: /bristol_fsai_sim-docker/install/eufs_msgs/include/eufs_msgs/msg/pure_pursuit_checkpoint_array_stamped.h
[163.256s] -- Symlinking: /bristol_fsai_sim-docker/install/eufs_msgs/include/eufs_msgs/msg/rosidl_generator_c__visibility_control.h
[163.278s] -- Symlinking: /bristol_fsai_sim-docker/install/eufs_msgs/include/eufs_msgs/msg/runstop.h
[163.296s] -- Symlinking: /bristol_fsai_sim-docker/install/eufs_msgs/include/eufs_msgs/msg/slam_err.h
[163.313s] -- Symlinking: /bristol_fsai_sim-docker/install/eufs_msgs/include/eufs_msgs/msg/slam_state.h
[163.330s] -- Symlinking: /bristol_fsai_sim-docker/install/eufs_msgs/include/eufs_msgs/msg/state_machine_state.h
[163.352s] -- Symlinking: /bristol_fsai_sim-docker/install/eufs_msgs/include/eufs_msgs/msg/stereo_image.h
[163.376s] -- Symlinking: /bristol_fsai_sim-docker/install/eufs_msgs/include/eufs_msgs/msg/system_status.h
[163.394s] -- Symlinking: /bristol_fsai_sim-docker/install/eufs_msgs/include/eufs_msgs/msg/topic_status.h
[163.412s] -- Symlinking: /bristol_fsai_sim-docker/install/eufs_msgs/include/eufs_msgs/msg/vehicle_commands.h
[163.429s] -- Symlinking: /bristol_fsai_sim-docker/install/eufs_msgs/include/eufs_msgs/msg/vehicle_commands_stamped.h
[163.450s] -- Symlinking: /bristol_fsai_sim-docker/install/eufs_msgs/include/eufs_msgs/msg/waypoint.h
[163.473s] -- Symlinking: /bristol_fsai_sim-docker/install/eufs_msgs/include/eufs_msgs/msg/waypoint_array_stamped.h
[163.495s] -- Symlinking: /bristol_fsai_sim-docker/install/eufs_msgs/include/eufs_msgs/msg/wheel_odometry_err.h
[163.513s] -- Symlinking: /bristol_fsai_sim-docker/install/eufs_msgs/include/eufs_msgs/msg/wheel_speeds.h
[163.530s] -- Symlinking: /bristol_fsai_sim-docker/install/eufs_msgs/include/eufs_msgs/msg/wheel_speeds_stamped.h
[163.548s] -- Symlinking: /bristol_fsai_sim-docker/install/eufs_msgs/include/eufs_msgs/srv/detail/get_map__functions.h
[163.571s] -- Symlinking: /bristol_fsai_sim-docker/install/eufs_msgs/include/eufs_msgs/srv/detail/get_map__struct.h
[163.591s] -- Symlinking: /bristol_fsai_sim-docker/install/eufs_msgs/include/eufs_msgs/srv/detail/get_map__type_support.h
[163.609s] -- Symlinking: /bristol_fsai_sim-docker/install/eufs_msgs/include/eufs_msgs/srv/detail/record_start__functions.h
[163.627s] -- Symlinking: /bristol_fsai_sim-docker/install/eufs_msgs/include/eufs_msgs/srv/detail/record_start__struct.h
[163.648s] -- Symlinking: /bristol_fsai_sim-docker/install/eufs_msgs/include/eufs_msgs/srv/detail/record_start__type_support.h
[163.676s] -- Symlinking: /bristol_fsai_sim-docker/install/eufs_msgs/include/eufs_msgs/srv/detail/record_stop__functions.h
[163.691s] -- Symlinking: /bristol_fsai_sim-docker/install/eufs_msgs/include/eufs_msgs/srv/detail/record_stop__struct.h
[163.708s] -- Symlinking: /bristol_fsai_sim-docker/install/eufs_msgs/include/eufs_msgs/srv/detail/record_stop__type_support.h
[163.725s] -- Symlinking: /bristol_fsai_sim-docker/install/eufs_msgs/include/eufs_msgs/srv/detail/register__functions.h
[163.746s] -- Symlinking: /bristol_fsai_sim-docker/install/eufs_msgs/include/eufs_msgs/srv/detail/register__struct.h
[163.767s] -- Symlinking: /bristol_fsai_sim-docker/install/eufs_msgs/include/eufs_msgs/srv/detail/register__type_support.h
[163.788s] -- Symlinking: /bristol_fsai_sim-docker/install/eufs_msgs/include/eufs_msgs/srv/detail/set_can_state__functions.h
[163.805s] -- Symlinking: /bristol_fsai_sim-docker/install/eufs_msgs/include/eufs_msgs/srv/detail/set_can_state__struct.h
[163.823s] -- Symlinking: /bristol_fsai_sim-docker/install/eufs_msgs/include/eufs_msgs/srv/detail/set_can_state__type_support.h
[163.844s] -- Symlinking: /bristol_fsai_sim-docker/install/eufs_msgs/include/eufs_msgs/srv/detail/set_mission__functions.h
[163.869s] -- Symlinking: /bristol_fsai_sim-docker/install/eufs_msgs/include/eufs_msgs/srv/detail/set_mission__struct.h
[163.889s] -- Symlinking: /bristol_fsai_sim-docker/install/eufs_msgs/include/eufs_msgs/srv/detail/set_mission__type_support.h
[163.908s] -- Symlinking: /bristol_fsai_sim-docker/install/eufs_msgs/include/eufs_msgs/srv/detail/set_string__functions.h
[163.925s] -- Symlinking: /bristol_fsai_sim-docker/install/eufs_msgs/include/eufs_msgs/srv/detail/set_string__struct.h
[163.946s] -- Symlinking: /bristol_fsai_sim-docker/install/eufs_msgs/include/eufs_msgs/srv/detail/set_string__type_support.h
[163.968s] -- Symlinking: /bristol_fsai_sim-docker/install/eufs_msgs/include/eufs_msgs/srv/detail/set_track__functions.h
[163.992s] -- Symlinking: /bristol_fsai_sim-docker/install/eufs_msgs/include/eufs_msgs/srv/detail/set_track__struct.h
[164.012s] -- Symlinking: /bristol_fsai_sim-docker/install/eufs_msgs/include/eufs_msgs/srv/detail/set_track__type_support.h
[164.030s] -- Symlinking: /bristol_fsai_sim-docker/install/eufs_msgs/include/eufs_msgs/srv/get_map.h
[164.051s] -- Symlinking: /bristol_fsai_sim-docker/install/eufs_msgs/include/eufs_msgs/srv/record_start.h
[164.077s] -- Symlinking: /bristol_fsai_sim-docker/install/eufs_msgs/include/eufs_msgs/srv/record_stop.h
[164.095s] -- Symlinking: /bristol_fsai_sim-docker/install/eufs_msgs/include/eufs_msgs/srv/register.h
[164.113s] -- Symlinking: /bristol_fsai_sim-docker/install/eufs_msgs/include/eufs_msgs/srv/set_can_state.h
[164.130s] -- Symlinking: /bristol_fsai_sim-docker/install/eufs_msgs/include/eufs_msgs/srv/set_mission.h
[164.148s] -- Symlinking: /bristol_fsai_sim-docker/install/eufs_msgs/include/eufs_msgs/srv/set_string.h
[164.170s] -- Symlinking: /bristol_fsai_sim-docker/install/eufs_msgs/include/eufs_msgs/srv/set_track.h
[164.192s] -- Symlinking: /bristol_fsai_sim-docker/install/eufs_msgs/share/eufs_msgs/environment/library_path.sh
[164.211s] -- Symlinking: /bristol_fsai_sim-docker/install/eufs_msgs/share/eufs_msgs/environment/library_path.dsv
[164.232s] -- Symlinking: /bristol_fsai_sim-docker/install/eufs_msgs/include/eufs_msgs/action/detail/check_for_objects__rosidl_typesupport_fastrtps_c.h
[164.255s] -- Symlinking: /bristol_fsai_sim-docker/install/eufs_msgs/include/eufs_msgs/msg/detail/bounding_box__rosidl_typesupport_fastrtps_c.h
[164.278s] -- Symlinking: /bristol_fsai_sim-docker/install/eufs_msgs/include/eufs_msgs/msg/detail/bounding_boxes__rosidl_typesupport_fastrtps_c.h
[164.297s] -- Symlinking: /bristol_fsai_sim-docker/install/eufs_msgs/include/eufs_msgs/msg/detail/can_state__rosidl_typesupport_fastrtps_c.h
[164.313s] -- Symlinking: /bristol_fsai_sim-docker/install/eufs_msgs/include/eufs_msgs/msg/detail/car_forces__rosidl_typesupport_fastrtps_c.h
[164.330s] -- Symlinking: /bristol_fsai_sim-docker/install/eufs_msgs/include/eufs_msgs/msg/detail/car_state__rosidl_typesupport_fastrtps_c.h
[164.351s] -- Symlinking: /bristol_fsai_sim-docker/install/eufs_msgs/include/eufs_msgs/msg/detail/chassis_command__rosidl_typesupport_fastrtps_c.h
[164.378s] -- Symlinking: /bristol_fsai_sim-docker/install/eufs_msgs/include/eufs_msgs/msg/detail/chassis_state__rosidl_typesupport_fastrtps_c.h
[164.399s] -- Symlinking: /bristol_fsai_sim-docker/install/eufs_msgs/include/eufs_msgs/msg/detail/cone_array__rosidl_typesupport_fastrtps_c.h
[164.416s] -- Symlinking: /bristol_fsai_sim-docker/install/eufs_msgs/include/eufs_msgs/msg/detail/cone_array_with_covariance__rosidl_typesupport_fastrtps_c.h
[164.433s] -- Symlinking: /bristol_fsai_sim-docker/install/eufs_msgs/include/eufs_msgs/msg/detail/cone_array_with_covariance_plus__rosidl_typesupport_fastrtps_c.h
[164.456s] -- Symlinking: /bristol_fsai_sim-docker/install/eufs_msgs/include/eufs_msgs/msg/detail/cone_association__rosidl_typesupport_fastrtps_c.h
[164.478s] -- Symlinking: /bristol_fsai_sim-docker/install/eufs_msgs/include/eufs_msgs/msg/detail/cone_association_array__rosidl_typesupport_fastrtps_c.h
[164.496s] -- Symlinking: /bristol_fsai_sim-docker/install/eufs_msgs/include/eufs_msgs/msg/detail/cone_association_array_array_stamped__rosidl_typesupport_fastrtps_c.h
[164.513s] -- Symlinking: /bristol_fsai_sim-docker/install/eufs_msgs/include/eufs_msgs/msg/detail/cone_association_array_stamped__rosidl_typesupport_fastrtps_c.h
[164.530s] -- Symlinking: /bristol_fsai_sim-docker/install/eufs_msgs/include/eufs_msgs/msg/detail/cone_with_covariance__rosidl_typesupport_fastrtps_c.h
[164.551s] -- Symlinking: /bristol_fsai_sim-docker/install/eufs_msgs/include/eufs_msgs/msg/detail/cone_with_covariance_plus__rosidl_typesupport_fastrtps_c.h
[164.573s] -- Symlinking: /bristol_fsai_sim-docker/install/eufs_msgs/include/eufs_msgs/msg/detail/costmap__rosidl_typesupport_fastrtps_c.h
[164.593s] -- Symlinking: /bristol_fsai_sim-docker/install/eufs_msgs/include/eufs_msgs/msg/detail/cpu_status__rosidl_typesupport_fastrtps_c.h
[164.611s] -- Symlinking: /bristol_fsai_sim-docker/install/eufs_msgs/include/eufs_msgs/msg/detail/cpu_usage__rosidl_typesupport_fastrtps_c.h
[164.628s] -- Symlinking: /bristol_fsai_sim-docker/install/eufs_msgs/include/eufs_msgs/msg/detail/ekf_err__rosidl_typesupport_fastrtps_c.h
[164.649s] -- Symlinking: /bristol_fsai_sim-docker/install/eufs_msgs/include/eufs_msgs/msg/detail/ekf_state__rosidl_typesupport_fastrtps_c.h
[164.674s] -- Symlinking: /bristol_fsai_sim-docker/install/eufs_msgs/include/eufs_msgs/msg/detail/full_state__rosidl_typesupport_fastrtps_c.h
[164.692s] -- Symlinking: /bristol_fsai_sim-docker/install/eufs_msgs/include/eufs_msgs/msg/detail/heartbeat__rosidl_typesupport_fastrtps_c.h
[164.710s] -- Symlinking: /bristol_fsai_sim-docker/install/eufs_msgs/include/eufs_msgs/msg/detail/integration_err__rosidl_typesupport_fastrtps_c.h
[164.727s] -- Symlinking: /bristol_fsai_sim-docker/install/eufs_msgs/include/eufs_msgs/msg/detail/lap_stats__rosidl_typesupport_fastrtps_c.h
[164.747s] -- Symlinking: /bristol_fsai_sim-docker/install/eufs_msgs/include/eufs_msgs/msg/detail/mpc_state__rosidl_typesupport_fastrtps_c.h
[164.770s] -- Symlinking: /bristol_fsai_sim-docker/install/eufs_msgs/include/eufs_msgs/msg/detail/node_state__rosidl_typesupport_fastrtps_c.h
[164.791s] -- Symlinking: /bristol_fsai_sim-docker/install/eufs_msgs/include/eufs_msgs/msg/detail/node_state_array__rosidl_typesupport_fastrtps_c.h
[164.809s] -- Symlinking: /bristol_fsai_sim-docker/install/eufs_msgs/include/eufs_msgs/msg/detail/oss__rosidl_typesupport_fastrtps_c.h
[164.825s] -- Symlinking: /bristol_fsai_sim-docker/install/eufs_msgs/include/eufs_msgs/msg/detail/particle__rosidl_typesupport_fastrtps_c.h
[164.845s] -- Symlinking: /bristol_fsai_sim-docker/install/eufs_msgs/include/eufs_msgs/msg/detail/particle_slam__rosidl_typesupport_fastrtps_c.h
[164.867s] -- Symlinking: /bristol_fsai_sim-docker/install/eufs_msgs/include/eufs_msgs/msg/detail/particle_slam_stamped__rosidl_typesupport_fastrtps_c.h
[164.888s] -- Symlinking: /bristol_fsai_sim-docker/install/eufs_msgs/include/eufs_msgs/msg/detail/particle_stamped__rosidl_typesupport_fastrtps_c.h
[164.907s] -- Symlinking: /bristol_fsai_sim-docker/install/eufs_msgs/include/eufs_msgs/msg/detail/path_integral_params__rosidl_typesupport_fastrtps_c.h
[164.924s] -- Symlinking: /bristol_fsai_sim-docker/install/eufs_msgs/include/eufs_msgs/msg/detail/path_integral_stats__rosidl_typesupport_fastrtps_c.h
[164.944s] -- Symlinking: /bristol_fsai_sim-docker/install/eufs_msgs/include/eufs_msgs/msg/detail/path_integral_status__rosidl_typesupport_fastrtps_c.h
[164.965s] -- Symlinking: /bristol_fsai_sim-docker/install/eufs_msgs/include/eufs_msgs/msg/detail/path_integral_timing__rosidl_typesupport_fastrtps_c.h
[164.987s] -- Symlinking: /bristol_fsai_sim-docker/install/eufs_msgs/include/eufs_msgs/msg/detail/planning_mode__rosidl_typesupport_fastrtps_c.h
[165.006s] -- Symlinking: /bristol_fsai_sim-docker/install/eufs_msgs/include/eufs_msgs/msg/detail/point_array__rosidl_typesupport_fastrtps_c.h
[165.024s] -- Symlinking: /bristol_fsai_sim-docker/install/eufs_msgs/include/eufs_msgs/msg/detail/point_array_stamped__rosidl_typesupport_fastrtps_c.h
[165.044s] -- Symlinking: /bristol_fsai_sim-docker/install/eufs_msgs/include/eufs_msgs/msg/detail/pure_pursuit_checkpoint__rosidl_typesupport_fastrtps_c.h
[165.069s] -- Symlinking: /bristol_fsai_sim-docker/install/eufs_msgs/include/eufs_msgs/msg/detail/pure_pursuit_checkpoint_array_stamped__rosidl_typesupport_fastrtps_c.h
[165.092s] -- Symlinking: /bristol_fsai_sim-docker/install/eufs_msgs/include/eufs_msgs/msg/detail/runstop__rosidl_typesupport_fastrtps_c.h
[165.109s] -- Symlinking: /bristol_fsai_sim-docker/install/eufs_msgs/include/eufs_msgs/msg/detail/slam_err__rosidl_typesupport_fastrtps_c.h
[165.127s] -- Symlinking: /bristol_fsai_sim-docker/install/eufs_msgs/include/eufs_msgs/msg/detail/slam_state__rosidl_typesupport_fastrtps_c.h
[165.147s] -- Symlinking: /bristol_fsai_sim-docker/install/eufs_msgs/include/eufs_msgs/msg/detail/state_machine_state__rosidl_typesupport_fastrtps_c.h
[165.173s] -- Symlinking: /bristol_fsai_sim-docker/install/eufs_msgs/include/eufs_msgs/msg/detail/stereo_image__rosidl_typesupport_fastrtps_c.h
[165.191s] -- Symlinking: /bristol_fsai_sim-docker/install/eufs_msgs/include/eufs_msgs/msg/detail/system_status__rosidl_typesupport_fastrtps_c.h
[165.209s] -- Symlinking: /bristol_fsai_sim-docker/install/eufs_msgs/include/eufs_msgs/msg/detail/topic_status__rosidl_typesupport_fastrtps_c.h
[165.227s] -- Symlinking: /bristol_fsai_sim-docker/install/eufs_msgs/include/eufs_msgs/msg/detail/vehicle_commands__rosidl_typesupport_fastrtps_c.h
[165.250s] -- Symlinking: /bristol_fsai_sim-docker/install/eufs_msgs/include/eufs_msgs/msg/detail/vehicle_commands_stamped__rosidl_typesupport_fastrtps_c.h
[165.272s] -- Symlinking: /bristol_fsai_sim-docker/install/eufs_msgs/include/eufs_msgs/msg/detail/waypoint__rosidl_typesupport_fastrtps_c.h
[165.292s] -- Symlinking: /bristol_fsai_sim-docker/install/eufs_msgs/include/eufs_msgs/msg/detail/waypoint_array_stamped__rosidl_typesupport_fastrtps_c.h
[165.310s] -- Symlinking: /bristol_fsai_sim-docker/install/eufs_msgs/include/eufs_msgs/msg/detail/wheel_odometry_err__rosidl_typesupport_fastrtps_c.h
[165.327s] -- Symlinking: /bristol_fsai_sim-docker/install/eufs_msgs/include/eufs_msgs/msg/detail/wheel_speeds__rosidl_typesupport_fastrtps_c.h
[165.347s] -- Symlinking: /bristol_fsai_sim-docker/install/eufs_msgs/include/eufs_msgs/msg/detail/wheel_speeds_stamped__rosidl_typesupport_fastrtps_c.h
[165.371s] -- Symlinking: /bristol_fsai_sim-docker/install/eufs_msgs/include/eufs_msgs/msg/rosidl_typesupport_fastrtps_c__visibility_control.h
[165.393s] -- Symlinking: /bristol_fsai_sim-docker/install/eufs_msgs/include/eufs_msgs/srv/detail/get_map__rosidl_typesupport_fastrtps_c.h
[165.411s] -- Symlinking: /bristol_fsai_sim-docker/install/eufs_msgs/include/eufs_msgs/srv/detail/record_start__rosidl_typesupport_fastrtps_c.h
[165.429s] -- Symlinking: /bristol_fsai_sim-docker/install/eufs_msgs/include/eufs_msgs/srv/detail/record_stop__rosidl_typesupport_fastrtps_c.h
[165.451s] -- Symlinking: /bristol_fsai_sim-docker/install/eufs_msgs/include/eufs_msgs/srv/detail/register__rosidl_typesupport_fastrtps_c.h
[165.474s] -- Symlinking: /bristol_fsai_sim-docker/install/eufs_msgs/include/eufs_msgs/srv/detail/set_can_state__rosidl_typesupport_fastrtps_c.h
[165.494s] -- Symlinking: /bristol_fsai_sim-docker/install/eufs_msgs/include/eufs_msgs/srv/detail/set_mission__rosidl_typesupport_fastrtps_c.h
[165.515s] -- Symlinking: /bristol_fsai_sim-docker/install/eufs_msgs/include/eufs_msgs/srv/detail/set_string__rosidl_typesupport_fastrtps_c.h
[165.533s] -- Symlinking: /bristol_fsai_sim-docker/install/eufs_msgs/include/eufs_msgs/srv/detail/set_track__rosidl_typesupport_fastrtps_c.h
[165.557s] -- Symlinking: /bristol_fsai_sim-docker/install/eufs_msgs/lib/libeufs_msgs__rosidl_typesupport_fastrtps_c.so
[165.587s] -- Symlinking: /bristol_fsai_sim-docker/install/eufs_msgs/include/eufs_msgs/action/detail/check_for_objects__rosidl_typesupport_fastrtps_cpp.hpp
[165.605s] -- Symlinking: /bristol_fsai_sim-docker/install/eufs_msgs/include/eufs_msgs/msg/detail/bounding_box__rosidl_typesupport_fastrtps_cpp.hpp
[165.622s] -- Symlinking: /bristol_fsai_sim-docker/install/eufs_msgs/include/eufs_msgs/msg/detail/bounding_boxes__rosidl_typesupport_fastrtps_cpp.hpp
[165.639s] -- Symlinking: /bristol_fsai_sim-docker/install/eufs_msgs/include/eufs_msgs/msg/detail/can_state__rosidl_typesupport_fastrtps_cpp.hpp
[165.664s] -- Symlinking: /bristol_fsai_sim-docker/install/eufs_msgs/include/eufs_msgs/msg/detail/car_forces__rosidl_typesupport_fastrtps_cpp.hpp
[165.685s] -- Symlinking: /bristol_fsai_sim-docker/install/eufs_msgs/include/eufs_msgs/msg/detail/car_state__rosidl_typesupport_fastrtps_cpp.hpp
[165.703s] -- Symlinking: /bristol_fsai_sim-docker/install/eufs_msgs/include/eufs_msgs/msg/detail/chassis_command__rosidl_typesupport_fastrtps_cpp.hpp
[165.720s] -- Symlinking: /bristol_fsai_sim-docker/install/eufs_msgs/include/eufs_msgs/msg/detail/chassis_state__rosidl_typesupport_fastrtps_cpp.hpp
[165.737s] -- Symlinking: /bristol_fsai_sim-docker/install/eufs_msgs/include/eufs_msgs/msg/detail/cone_array__rosidl_typesupport_fastrtps_cpp.hpp
[165.760s] -- Symlinking: /bristol_fsai_sim-docker/install/eufs_msgs/include/eufs_msgs/msg/detail/cone_array_with_covariance__rosidl_typesupport_fastrtps_cpp.hpp
[165.784s] -- Symlinking: /bristol_fsai_sim-docker/install/eufs_msgs/include/eufs_msgs/msg/detail/cone_array_with_covariance_plus__rosidl_typesupport_fastrtps_cpp.hpp
[165.802s] -- Symlinking: /bristol_fsai_sim-docker/install/eufs_msgs/include/eufs_msgs/msg/detail/cone_association__rosidl_typesupport_fastrtps_cpp.hpp
[165.820s] -- Symlinking: /bristol_fsai_sim-docker/install/eufs_msgs/include/eufs_msgs/msg/detail/cone_association_array__rosidl_typesupport_fastrtps_cpp.hpp
[165.838s] -- Symlinking: /bristol_fsai_sim-docker/install/eufs_msgs/include/eufs_msgs/msg/detail/cone_association_array_array_stamped__rosidl_typesupport_fastrtps_cpp.hpp
[165.860s] -- Symlinking: /bristol_fsai_sim-docker/install/eufs_msgs/include/eufs_msgs/msg/detail/cone_association_array_stamped__rosidl_typesupport_fastrtps_cpp.hpp
[165.884s] -- Symlinking: /bristol_fsai_sim-docker/install/eufs_msgs/include/eufs_msgs/msg/detail/cone_with_covariance__rosidl_typesupport_fastrtps_cpp.hpp
[165.904s] -- Symlinking: /bristol_fsai_sim-docker/install/eufs_msgs/include/eufs_msgs/msg/detail/cone_with_covariance_plus__rosidl_typesupport_fastrtps_cpp.hpp
[165.921s] -- Symlinking: /bristol_fsai_sim-docker/install/eufs_msgs/include/eufs_msgs/msg/detail/costmap__rosidl_typesupport_fastrtps_cpp.hpp
[165.939s] -- Symlinking: /bristol_fsai_sim-docker/install/eufs_msgs/include/eufs_msgs/msg/detail/cpu_status__rosidl_typesupport_fastrtps_cpp.hpp
[165.963s] -- Symlinking: /bristol_fsai_sim-docker/install/eufs_msgs/include/eufs_msgs/msg/detail/cpu_usage__rosidl_typesupport_fastrtps_cpp.hpp
[165.986s] -- Symlinking: /bristol_fsai_sim-docker/install/eufs_msgs/include/eufs_msgs/msg/detail/ekf_err__rosidl_typesupport_fastrtps_cpp.hpp
[166.004s] -- Symlinking: /bristol_fsai_sim-docker/install/eufs_msgs/include/eufs_msgs/msg/detail/ekf_state__rosidl_typesupport_fastrtps_cpp.hpp
[166.022s] -- Symlinking: /bristol_fsai_sim-docker/install/eufs_msgs/include/eufs_msgs/msg/detail/full_state__rosidl_typesupport_fastrtps_cpp.hpp
[166.040s] -- Symlinking: /bristol_fsai_sim-docker/install/eufs_msgs/include/eufs_msgs/msg/detail/heartbeat__rosidl_typesupport_fastrtps_cpp.hpp
[166.063s] -- Symlinking: /bristol_fsai_sim-docker/install/eufs_msgs/include/eufs_msgs/msg/detail/integration_err__rosidl_typesupport_fastrtps_cpp.hpp
[166.086s] -- Symlinking: /bristol_fsai_sim-docker/install/eufs_msgs/include/eufs_msgs/msg/detail/lap_stats__rosidl_typesupport_fastrtps_cpp.hpp
[166.104s] -- Symlinking: /bristol_fsai_sim-docker/install/eufs_msgs/include/eufs_msgs/msg/detail/mpc_state__rosidl_typesupport_fastrtps_cpp.hpp
[166.122s] -- Symlinking: /bristol_fsai_sim-docker/install/eufs_msgs/include/eufs_msgs/msg/detail/node_state__rosidl_typesupport_fastrtps_cpp.hpp
[166.140s] -- Symlinking: /bristol_fsai_sim-docker/install/eufs_msgs/include/eufs_msgs/msg/detail/node_state_array__rosidl_typesupport_fastrtps_cpp.hpp
[166.165s] -- Symlinking: /bristol_fsai_sim-docker/install/eufs_msgs/include/eufs_msgs/msg/detail/oss__rosidl_typesupport_fastrtps_cpp.hpp
[166.187s] -- Symlinking: /bristol_fsai_sim-docker/install/eufs_msgs/include/eufs_msgs/msg/detail/particle__rosidl_typesupport_fastrtps_cpp.hpp
[166.205s] -- Symlinking: /bristol_fsai_sim-docker/install/eufs_msgs/include/eufs_msgs/msg/detail/particle_slam__rosidl_typesupport_fastrtps_cpp.hpp
[166.222s] -- Symlinking: /bristol_fsai_sim-docker/install/eufs_msgs/include/eufs_msgs/msg/detail/particle_slam_stamped__rosidl_typesupport_fastrtps_cpp.hpp
[166.240s] -- Symlinking: /bristol_fsai_sim-docker/install/eufs_msgs/include/eufs_msgs/msg/detail/particle_stamped__rosidl_typesupport_fastrtps_cpp.hpp
[166.260s] -- Symlinking: /bristol_fsai_sim-docker/install/eufs_msgs/include/eufs_msgs/msg/detail/path_integral_params__rosidl_typesupport_fastrtps_cpp.hpp
[166.283s] -- Symlinking: /bristol_fsai_sim-docker/install/eufs_msgs/include/eufs_msgs/msg/detail/path_integral_stats__rosidl_typesupport_fastrtps_cpp.hpp
[166.306s] -- Symlinking: /bristol_fsai_sim-docker/install/eufs_msgs/include/eufs_msgs/msg/detail/path_integral_status__rosidl_typesupport_fastrtps_cpp.hpp
[166.324s] -- Symlinking: /bristol_fsai_sim-docker/install/eufs_msgs/include/eufs_msgs/msg/detail/path_integral_timing__rosidl_typesupport_fastrtps_cpp.hpp
[166.345s] -- Symlinking: /bristol_fsai_sim-docker/install/eufs_msgs/include/eufs_msgs/msg/detail/planning_mode__rosidl_typesupport_fastrtps_cpp.hpp
[166.369s] -- Symlinking: /bristol_fsai_sim-docker/install/eufs_msgs/include/eufs_msgs/msg/detail/point_array__rosidl_typesupport_fastrtps_cpp.hpp
[166.390s] -- Symlinking: /bristol_fsai_sim-docker/install/eufs_msgs/include/eufs_msgs/msg/detail/point_array_stamped__rosidl_typesupport_fastrtps_cpp.hpp
[166.409s] -- Symlinking: /bristol_fsai_sim-docker/install/eufs_msgs/include/eufs_msgs/msg/detail/pure_pursuit_checkpoint__rosidl_typesupport_fastrtps_cpp.hpp
[166.426s] -- Symlinking: /bristol_fsai_sim-docker/install/eufs_msgs/include/eufs_msgs/msg/detail/pure_pursuit_checkpoint_array_stamped__rosidl_typesupport_fastrtps_cpp.hpp
[166.448s] -- Symlinking: /bristol_fsai_sim-docker/install/eufs_msgs/include/eufs_msgs/msg/detail/runstop__rosidl_typesupport_fastrtps_cpp.hpp
[166.471s] -- Symlinking: /bristol_fsai_sim-docker/install/eufs_msgs/include/eufs_msgs/msg/detail/slam_err__rosidl_typesupport_fastrtps_cpp.hpp
[166.492s] -- Symlinking: /bristol_fsai_sim-docker/install/eufs_msgs/include/eufs_msgs/msg/detail/slam_state__rosidl_typesupport_fastrtps_cpp.hpp
[166.513s] -- Symlinking: /bristol_fsai_sim-docker/install/eufs_msgs/include/eufs_msgs/msg/detail/state_machine_state__rosidl_typesupport_fastrtps_cpp.hpp
[166.529s] -- Symlinking: /bristol_fsai_sim-docker/install/eufs_msgs/include/eufs_msgs/msg/detail/stereo_image__rosidl_typesupport_fastrtps_cpp.hpp
[166.549s] -- Symlinking: /bristol_fsai_sim-docker/install/eufs_msgs/include/eufs_msgs/msg/detail/system_status__rosidl_typesupport_fastrtps_cpp.hpp
[166.573s] -- Symlinking: /bristol_fsai_sim-docker/install/eufs_msgs/include/eufs_msgs/msg/detail/topic_status__rosidl_typesupport_fastrtps_cpp.hpp
[166.593s] -- Symlinking: /bristol_fsai_sim-docker/install/eufs_msgs/include/eufs_msgs/msg/detail/vehicle_commands__rosidl_typesupport_fastrtps_cpp.hpp
[166.611s] -- Symlinking: /bristol_fsai_sim-docker/install/eufs_msgs/include/eufs_msgs/msg/detail/vehicle_commands_stamped__rosidl_typesupport_fastrtps_cpp.hpp
[166.628s] -- Symlinking: /bristol_fsai_sim-docker/install/eufs_msgs/include/eufs_msgs/msg/detail/waypoint__rosidl_typesupport_fastrtps_cpp.hpp
[166.648s] -- Symlinking: /bristol_fsai_sim-docker/install/eufs_msgs/include/eufs_msgs/msg/detail/waypoint_array_stamped__rosidl_typesupport_fastrtps_cpp.hpp
[166.671s] -- Symlinking: /bristol_fsai_sim-docker/install/eufs_msgs/include/eufs_msgs/msg/detail/wheel_odometry_err__rosidl_typesupport_fastrtps_cpp.hpp
[166.692s] -- Symlinking: /bristol_fsai_sim-docker/install/eufs_msgs/include/eufs_msgs/msg/detail/wheel_speeds__rosidl_typesupport_fastrtps_cpp.hpp
[166.709s] -- Symlinking: /bristol_fsai_sim-docker/install/eufs_msgs/include/eufs_msgs/msg/detail/wheel_speeds_stamped__rosidl_typesupport_fastrtps_cpp.hpp
[166.726s] -- Symlinking: /bristol_fsai_sim-docker/install/eufs_msgs/include/eufs_msgs/msg/rosidl_typesupport_fastrtps_cpp__visibility_control.h
[166.743s] -- Symlinking: /bristol_fsai_sim-docker/install/eufs_msgs/include/eufs_msgs/srv/detail/get_map__rosidl_typesupport_fastrtps_cpp.hpp
[166.766s] -- Symlinking: /bristol_fsai_sim-docker/install/eufs_msgs/include/eufs_msgs/srv/detail/record_start__rosidl_typesupport_fastrtps_cpp.hpp
[166.786s] -- Symlinking: /bristol_fsai_sim-docker/install/eufs_msgs/include/eufs_msgs/srv/detail/record_stop__rosidl_typesupport_fastrtps_cpp.hpp
[166.803s] -- Symlinking: /bristol_fsai_sim-docker/install/eufs_msgs/include/eufs_msgs/srv/detail/register__rosidl_typesupport_fastrtps_cpp.hpp
[166.821s] -- Symlinking: /bristol_fsai_sim-docker/install/eufs_msgs/include/eufs_msgs/srv/detail/set_can_state__rosidl_typesupport_fastrtps_cpp.hpp
[166.838s] -- Symlinking: /bristol_fsai_sim-docker/install/eufs_msgs/include/eufs_msgs/srv/detail/set_mission__rosidl_typesupport_fastrtps_cpp.hpp
[166.861s] -- Symlinking: /bristol_fsai_sim-docker/install/eufs_msgs/include/eufs_msgs/srv/detail/set_string__rosidl_typesupport_fastrtps_cpp.hpp
[166.883s] -- Symlinking: /bristol_fsai_sim-docker/install/eufs_msgs/include/eufs_msgs/srv/detail/set_track__rosidl_typesupport_fastrtps_cpp.hpp
[166.901s] -- Symlinking: /bristol_fsai_sim-docker/install/eufs_msgs/lib/libeufs_msgs__rosidl_typesupport_fastrtps_cpp.so
[166.922s] -- Symlinking: /bristol_fsai_sim-docker/install/eufs_msgs/include/eufs_msgs/action/detail/check_for_objects__rosidl_typesupport_introspection_c.h
[166.940s] -- Symlinking: /bristol_fsai_sim-docker/install/eufs_msgs/include/eufs_msgs/msg/detail/bounding_box__rosidl_typesupport_introspection_c.h
[166.963s] -- Symlinking: /bristol_fsai_sim-docker/install/eufs_msgs/include/eufs_msgs/msg/detail/bounding_boxes__rosidl_typesupport_introspection_c.h
[166.986s] -- Symlinking: /bristol_fsai_sim-docker/install/eufs_msgs/include/eufs_msgs/msg/detail/can_state__rosidl_typesupport_introspection_c.h
[167.004s] -- Symlinking: /bristol_fsai_sim-docker/install/eufs_msgs/include/eufs_msgs/msg/detail/car_forces__rosidl_typesupport_introspection_c.h
[167.024s] -- Symlinking: /bristol_fsai_sim-docker/install/eufs_msgs/include/eufs_msgs/msg/detail/car_state__rosidl_typesupport_introspection_c.h
[167.044s] -- Symlinking: /bristol_fsai_sim-docker/install/eufs_msgs/include/eufs_msgs/msg/detail/chassis_command__rosidl_typesupport_introspection_c.h
[167.066s] -- Symlinking: /bristol_fsai_sim-docker/install/eufs_msgs/include/eufs_msgs/msg/detail/chassis_state__rosidl_typesupport_introspection_c.h
[167.089s] -- Symlinking: /bristol_fsai_sim-docker/install/eufs_msgs/include/eufs_msgs/msg/detail/cone_array__rosidl_typesupport_introspection_c.h
[167.108s] -- Symlinking: /bristol_fsai_sim-docker/install/eufs_msgs/include/eufs_msgs/msg/detail/cone_array_with_covariance__rosidl_typesupport_introspection_c.h
[167.125s] -- Symlinking: /bristol_fsai_sim-docker/install/eufs_msgs/include/eufs_msgs/msg/detail/cone_array_with_covariance_plus__rosidl_typesupport_introspection_c.h
[167.143s] -- Symlinking: /bristol_fsai_sim-docker/install/eufs_msgs/include/eufs_msgs/msg/detail/cone_association__rosidl_typesupport_introspection_c.h
[167.163s] -- Symlinking: /bristol_fsai_sim-docker/install/eufs_msgs/include/eufs_msgs/msg/detail/cone_association_array__rosidl_typesupport_introspection_c.h
[167.185s] -- Symlinking: /bristol_fsai_sim-docker/install/eufs_msgs/include/eufs_msgs/msg/detail/cone_association_array_array_stamped__rosidl_typesupport_introspection_c.h
[167.206s] -- Symlinking: /bristol_fsai_sim-docker/install/eufs_msgs/include/eufs_msgs/msg/detail/cone_association_array_stamped__rosidl_typesupport_introspection_c.h
[167.224s] -- Symlinking: /bristol_fsai_sim-docker/install/eufs_msgs/include/eufs_msgs/msg/detail/cone_with_covariance__rosidl_typesupport_introspection_c.h
[167.242s] -- Symlinking: /bristol_fsai_sim-docker/install/eufs_msgs/include/eufs_msgs/msg/detail/cone_with_covariance_plus__rosidl_typesupport_introspection_c.h
[167.267s] -- Symlinking: /bristol_fsai_sim-docker/install/eufs_msgs/include/eufs_msgs/msg/detail/costmap__rosidl_typesupport_introspection_c.h
[167.288s] -- Symlinking: /bristol_fsai_sim-docker/install/eufs_msgs/include/eufs_msgs/msg/detail/cpu_status__rosidl_typesupport_introspection_c.h
[167.307s] -- Symlinking: /bristol_fsai_sim-docker/install/eufs_msgs/include/eufs_msgs/msg/detail/cpu_usage__rosidl_typesupport_introspection_c.h
[167.324s] -- Symlinking: /bristol_fsai_sim-docker/install/eufs_msgs/include/eufs_msgs/msg/detail/ekf_err__rosidl_typesupport_introspection_c.h
[167.342s] -- Symlinking: /bristol_fsai_sim-docker/install/eufs_msgs/include/eufs_msgs/msg/detail/ekf_state__rosidl_typesupport_introspection_c.h
[167.366s] -- Symlinking: /bristol_fsai_sim-docker/install/eufs_msgs/include/eufs_msgs/msg/detail/full_state__rosidl_typesupport_introspection_c.h
[167.388s] -- Symlinking: /bristol_fsai_sim-docker/install/eufs_msgs/include/eufs_msgs/msg/detail/heartbeat__rosidl_typesupport_introspection_c.h
[167.407s] -- Symlinking: /bristol_fsai_sim-docker/install/eufs_msgs/include/eufs_msgs/msg/detail/integration_err__rosidl_typesupport_introspection_c.h
[167.424s] -- Symlinking: /bristol_fsai_sim-docker/install/eufs_msgs/include/eufs_msgs/msg/detail/lap_stats__rosidl_typesupport_introspection_c.h
[167.441s] -- Symlinking: /bristol_fsai_sim-docker/install/eufs_msgs/include/eufs_msgs/msg/detail/mpc_state__rosidl_typesupport_introspection_c.h
[167.465s] -- Symlinking: /bristol_fsai_sim-docker/install/eufs_msgs/include/eufs_msgs/msg/detail/node_state__rosidl_typesupport_introspection_c.h
[167.487s] -- Symlinking: /bristol_fsai_sim-docker/install/eufs_msgs/include/eufs_msgs/msg/detail/node_state_array__rosidl_typesupport_introspection_c.h
[167.505s] -- Symlinking: /bristol_fsai_sim-docker/install/eufs_msgs/include/eufs_msgs/msg/detail/oss__rosidl_typesupport_introspection_c.h
[167.524s] -- Symlinking: /bristol_fsai_sim-docker/install/eufs_msgs/include/eufs_msgs/msg/detail/particle__rosidl_typesupport_introspection_c.h
[167.543s] -- Symlinking: /bristol_fsai_sim-docker/install/eufs_msgs/include/eufs_msgs/msg/detail/particle_slam__rosidl_typesupport_introspection_c.h
[167.563s] -- Symlinking: /bristol_fsai_sim-docker/install/eufs_msgs/include/eufs_msgs/msg/detail/particle_slam_stamped__rosidl_typesupport_introspection_c.h
[167.586s] -- Symlinking: /bristol_fsai_sim-docker/install/eufs_msgs/include/eufs_msgs/msg/detail/particle_stamped__rosidl_typesupport_introspection_c.h
[167.608s] -- Symlinking: /bristol_fsai_sim-docker/install/eufs_msgs/include/eufs_msgs/msg/detail/path_integral_params__rosidl_typesupport_introspection_c.h
[167.626s] -- Symlinking: /bristol_fsai_sim-docker/install/eufs_msgs/include/eufs_msgs/msg/detail/path_integral_stats__rosidl_typesupport_introspection_c.h
[167.647s] -- Symlinking: /bristol_fsai_sim-docker/install/eufs_msgs/include/eufs_msgs/msg/detail/path_integral_status__rosidl_typesupport_introspection_c.h
[167.673s] -- Symlinking: /bristol_fsai_sim-docker/install/eufs_msgs/include/eufs_msgs/msg/detail/path_integral_timing__rosidl_typesupport_introspection_c.h
[167.694s] -- Symlinking: /bristol_fsai_sim-docker/install/eufs_msgs/include/eufs_msgs/msg/detail/planning_mode__rosidl_typesupport_introspection_c.h
[167.711s] -- Symlinking: /bristol_fsai_sim-docker/install/eufs_msgs/include/eufs_msgs/msg/detail/point_array__rosidl_typesupport_introspection_c.h
[167.727s] -- Symlinking: /bristol_fsai_sim-docker/install/eufs_msgs/include/eufs_msgs/msg/detail/point_array_stamped__rosidl_typesupport_introspection_c.h
[167.745s] -- Symlinking: /bristol_fsai_sim-docker/install/eufs_msgs/include/eufs_msgs/msg/detail/pure_pursuit_checkpoint__rosidl_typesupport_introspection_c.h
[167.769s] -- Symlinking: /bristol_fsai_sim-docker/install/eufs_msgs/include/eufs_msgs/msg/detail/pure_pursuit_checkpoint_array_stamped__rosidl_typesupport_introspection_c.h
[167.791s] -- Symlinking: /bristol_fsai_sim-docker/install/eufs_msgs/include/eufs_msgs/msg/detail/runstop__rosidl_typesupport_introspection_c.h
[167.810s] -- Symlinking: /bristol_fsai_sim-docker/install/eufs_msgs/include/eufs_msgs/msg/detail/slam_err__rosidl_typesupport_introspection_c.h
[167.827s] -- Symlinking: /bristol_fsai_sim-docker/install/eufs_msgs/include/eufs_msgs/msg/detail/slam_state__rosidl_typesupport_introspection_c.h
[167.846s] -- Symlinking: /bristol_fsai_sim-docker/install/eufs_msgs/include/eufs_msgs/msg/detail/state_machine_state__rosidl_typesupport_introspection_c.h
[167.866s] -- Symlinking: /bristol_fsai_sim-docker/install/eufs_msgs/include/eufs_msgs/msg/detail/stereo_image__rosidl_typesupport_introspection_c.h
[167.888s] -- Symlinking: /bristol_fsai_sim-docker/install/eufs_msgs/include/eufs_msgs/msg/detail/system_status__rosidl_typesupport_introspection_c.h
[167.907s] -- Symlinking: /bristol_fsai_sim-docker/install/eufs_msgs/include/eufs_msgs/msg/detail/topic_status__rosidl_typesupport_introspection_c.h
[167.924s] -- Symlinking: /bristol_fsai_sim-docker/install/eufs_msgs/include/eufs_msgs/msg/detail/vehicle_commands__rosidl_typesupport_introspection_c.h
[167.943s] -- Symlinking: /bristol_fsai_sim-docker/install/eufs_msgs/include/eufs_msgs/msg/detail/vehicle_commands_stamped__rosidl_typesupport_introspection_c.h
[167.963s] -- Symlinking: /bristol_fsai_sim-docker/install/eufs_msgs/include/eufs_msgs/msg/detail/waypoint__rosidl_typesupport_introspection_c.h
[167.988s] -- Symlinking: /bristol_fsai_sim-docker/install/eufs_msgs/include/eufs_msgs/msg/detail/waypoint_array_stamped__rosidl_typesupport_introspection_c.h
[168.010s] -- Symlinking: /bristol_fsai_sim-docker/install/eufs_msgs/include/eufs_msgs/msg/detail/wheel_odometry_err__rosidl_typesupport_introspection_c.h
[168.030s] -- Symlinking: /bristol_fsai_sim-docker/install/eufs_msgs/include/eufs_msgs/msg/detail/wheel_speeds__rosidl_typesupport_introspection_c.h
[168.050s] -- Symlinking: /bristol_fsai_sim-docker/install/eufs_msgs/include/eufs_msgs/msg/detail/wheel_speeds_stamped__rosidl_typesupport_introspection_c.h
[168.074s] -- Symlinking: /bristol_fsai_sim-docker/install/eufs_msgs/include/eufs_msgs/msg/rosidl_typesupport_introspection_c__visibility_control.h
[168.095s] -- Symlinking: /bristol_fsai_sim-docker/install/eufs_msgs/include/eufs_msgs/srv/detail/get_map__rosidl_typesupport_introspection_c.h
[168.113s] -- Symlinking: /bristol_fsai_sim-docker/install/eufs_msgs/include/eufs_msgs/srv/detail/record_start__rosidl_typesupport_introspection_c.h
[168.130s] -- Symlinking: /bristol_fsai_sim-docker/install/eufs_msgs/include/eufs_msgs/srv/detail/record_stop__rosidl_typesupport_introspection_c.h
[168.150s] -- Symlinking: /bristol_fsai_sim-docker/install/eufs_msgs/include/eufs_msgs/srv/detail/register__rosidl_typesupport_introspection_c.h
[168.173s] -- Symlinking: /bristol_fsai_sim-docker/install/eufs_msgs/include/eufs_msgs/srv/detail/set_can_state__rosidl_typesupport_introspection_c.h
[168.194s] -- Symlinking: /bristol_fsai_sim-docker/install/eufs_msgs/include/eufs_msgs/srv/detail/set_mission__rosidl_typesupport_introspection_c.h
[168.212s] -- Symlinking: /bristol_fsai_sim-docker/install/eufs_msgs/include/eufs_msgs/srv/detail/set_string__rosidl_typesupport_introspection_c.h
[168.228s] -- Symlinking: /bristol_fsai_sim-docker/install/eufs_msgs/include/eufs_msgs/srv/detail/set_track__rosidl_typesupport_introspection_c.h
[168.256s] -- Symlinking: /bristol_fsai_sim-docker/install/eufs_msgs/include/eufs_msgs/action/check_for_objects.hpp
[168.277s] -- Symlinking: /bristol_fsai_sim-docker/install/eufs_msgs/include/eufs_msgs/action/detail/check_for_objects__builder.hpp
[168.302s] -- Symlinking: /bristol_fsai_sim-docker/install/eufs_msgs/include/eufs_msgs/action/detail/check_for_objects__struct.hpp
[168.319s] -- Symlinking: /bristol_fsai_sim-docker/install/eufs_msgs/include/eufs_msgs/action/detail/check_for_objects__traits.hpp
[168.336s] -- Symlinking: /bristol_fsai_sim-docker/install/eufs_msgs/include/eufs_msgs/msg/bounding_box.hpp
[168.359s] -- Symlinking: /bristol_fsai_sim-docker/install/eufs_msgs/include/eufs_msgs/msg/bounding_boxes.hpp
[168.382s] -- Symlinking: /bristol_fsai_sim-docker/install/eufs_msgs/include/eufs_msgs/msg/can_state.hpp
[168.400s] -- Symlinking: /bristol_fsai_sim-docker/install/eufs_msgs/include/eufs_msgs/msg/car_forces.hpp
[168.417s] -- Symlinking: /bristol_fsai_sim-docker/install/eufs_msgs/include/eufs_msgs/msg/car_state.hpp
[168.434s] -- Symlinking: /bristol_fsai_sim-docker/install/eufs_msgs/include/eufs_msgs/msg/chassis_command.hpp
[168.455s] -- Symlinking: /bristol_fsai_sim-docker/install/eufs_msgs/include/eufs_msgs/msg/chassis_state.hpp
[168.476s] -- Symlinking: /bristol_fsai_sim-docker/install/eufs_msgs/include/eufs_msgs/msg/cone_array.hpp
[168.500s] -- Symlinking: /bristol_fsai_sim-docker/install/eufs_msgs/include/eufs_msgs/msg/cone_array_with_covariance.hpp
[168.518s] -- Symlinking: /bristol_fsai_sim-docker/install/eufs_msgs/include/eufs_msgs/msg/cone_array_with_covariance_plus.hpp
[168.534s] -- Symlinking: /bristol_fsai_sim-docker/install/eufs_msgs/include/eufs_msgs/msg/cone_association.hpp
[168.555s] -- Symlinking: /bristol_fsai_sim-docker/install/eufs_msgs/include/eufs_msgs/msg/cone_association_array.hpp
[168.576s] -- Symlinking: /bristol_fsai_sim-docker/install/eufs_msgs/include/eufs_msgs/msg/cone_association_array_array_stamped.hpp
[168.600s] -- Symlinking: /bristol_fsai_sim-docker/install/eufs_msgs/include/eufs_msgs/msg/cone_association_array_stamped.hpp
[168.617s] -- Symlinking: /bristol_fsai_sim-docker/install/eufs_msgs/include/eufs_msgs/msg/cone_with_covariance.hpp
[168.633s] -- Symlinking: /bristol_fsai_sim-docker/install/eufs_msgs/include/eufs_msgs/msg/cone_with_covariance_plus.hpp
[168.654s] -- Symlinking: /bristol_fsai_sim-docker/install/eufs_msgs/include/eufs_msgs/msg/costmap.hpp
[168.677s] -- Symlinking: /bristol_fsai_sim-docker/install/eufs_msgs/include/eufs_msgs/msg/cpu_status.hpp
[168.696s] -- Symlinking: /bristol_fsai_sim-docker/install/eufs_msgs/include/eufs_msgs/msg/cpu_usage.hpp
[168.714s] -- Symlinking: /bristol_fsai_sim-docker/install/eufs_msgs/include/eufs_msgs/msg/detail/bounding_box__builder.hpp
[168.730s] -- Symlinking: /bristol_fsai_sim-docker/install/eufs_msgs/include/eufs_msgs/msg/detail/bounding_box__struct.hpp
[168.751s] -- Symlinking: /bristol_fsai_sim-docker/install/eufs_msgs/include/eufs_msgs/msg/detail/bounding_box__traits.hpp
[168.773s] -- Symlinking: /bristol_fsai_sim-docker/install/eufs_msgs/include/eufs_msgs/msg/detail/bounding_boxes__builder.hpp
[168.796s] -- Symlinking: /bristol_fsai_sim-docker/install/eufs_msgs/include/eufs_msgs/msg/detail/bounding_boxes__struct.hpp
[168.814s] -- Symlinking: /bristol_fsai_sim-docker/install/eufs_msgs/include/eufs_msgs/msg/detail/bounding_boxes__traits.hpp
[168.831s] -- Symlinking: /bristol_fsai_sim-docker/install/eufs_msgs/include/eufs_msgs/msg/detail/can_state__builder.hpp
[168.850s] -- Symlinking: /bristol_fsai_sim-docker/install/eufs_msgs/include/eufs_msgs/msg/detail/can_state__struct.hpp
[168.874s] -- Symlinking: /bristol_fsai_sim-docker/install/eufs_msgs/include/eufs_msgs/msg/detail/can_state__traits.hpp
[168.895s] -- Symlinking: /bristol_fsai_sim-docker/install/eufs_msgs/include/eufs_msgs/msg/detail/car_forces__builder.hpp
[168.913s] -- Symlinking: /bristol_fsai_sim-docker/install/eufs_msgs/include/eufs_msgs/msg/detail/car_forces__struct.hpp
[168.930s] -- Symlinking: /bristol_fsai_sim-docker/install/eufs_msgs/include/eufs_msgs/msg/detail/car_forces__traits.hpp
[168.948s] -- Symlinking: /bristol_fsai_sim-docker/install/eufs_msgs/include/eufs_msgs/msg/detail/car_state__builder.hpp
[168.970s] -- Symlinking: /bristol_fsai_sim-docker/install/eufs_msgs/include/eufs_msgs/msg/detail/car_state__struct.hpp
[168.991s] -- Symlinking: /bristol_fsai_sim-docker/install/eufs_msgs/include/eufs_msgs/msg/detail/car_state__traits.hpp
[169.009s] -- Symlinking: /bristol_fsai_sim-docker/install/eufs_msgs/include/eufs_msgs/msg/detail/chassis_command__builder.hpp
[169.028s] -- Symlinking: /bristol_fsai_sim-docker/install/eufs_msgs/include/eufs_msgs/msg/detail/chassis_command__struct.hpp
[169.050s] -- Symlinking: /bristol_fsai_sim-docker/install/eufs_msgs/include/eufs_msgs/msg/detail/chassis_command__traits.hpp
[169.070s] -- Symlinking: /bristol_fsai_sim-docker/install/eufs_msgs/include/eufs_msgs/msg/detail/chassis_state__builder.hpp
[169.092s] -- Symlinking: /bristol_fsai_sim-docker/install/eufs_msgs/include/eufs_msgs/msg/detail/chassis_state__struct.hpp
[169.110s] -- Symlinking: /bristol_fsai_sim-docker/install/eufs_msgs/include/eufs_msgs/msg/detail/chassis_state__traits.hpp
[169.127s] -- Symlinking: /bristol_fsai_sim-docker/install/eufs_msgs/include/eufs_msgs/msg/detail/cone_array__builder.hpp
[169.144s] -- Symlinking: /bristol_fsai_sim-docker/install/eufs_msgs/include/eufs_msgs/msg/detail/cone_array__struct.hpp
[169.171s] -- Symlinking: /bristol_fsai_sim-docker/install/eufs_msgs/include/eufs_msgs/msg/detail/cone_array__traits.hpp
[169.191s] -- Symlinking: /bristol_fsai_sim-docker/install/eufs_msgs/include/eufs_msgs/msg/detail/cone_array_with_covariance__builder.hpp
[169.209s] -- Symlinking: /bristol_fsai_sim-docker/install/eufs_msgs/include/eufs_msgs/msg/detail/cone_array_with_covariance__struct.hpp
[169.226s] -- Symlinking: /bristol_fsai_sim-docker/install/eufs_msgs/include/eufs_msgs/msg/detail/cone_array_with_covariance__traits.hpp
[169.242s] -- Symlinking: /bristol_fsai_sim-docker/install/eufs_msgs/include/eufs_msgs/msg/detail/cone_array_with_covariance_plus__builder.hpp
[169.266s] -- Symlinking: /bristol_fsai_sim-docker/install/eufs_msgs/include/eufs_msgs/msg/detail/cone_array_with_covariance_plus__struct.hpp
[169.289s] -- Symlinking: /bristol_fsai_sim-docker/install/eufs_msgs/include/eufs_msgs/msg/detail/cone_array_with_covariance_plus__traits.hpp
[169.307s] -- Symlinking: /bristol_fsai_sim-docker/install/eufs_msgs/include/eufs_msgs/msg/detail/cone_association__builder.hpp
[169.324s] -- Symlinking: /bristol_fsai_sim-docker/install/eufs_msgs/include/eufs_msgs/msg/detail/cone_association__struct.hpp
[169.342s] -- Symlinking: /bristol_fsai_sim-docker/install/eufs_msgs/include/eufs_msgs/msg/detail/cone_association__traits.hpp
[169.359s] -- Symlinking: /bristol_fsai_sim-docker/install/eufs_msgs/include/eufs_msgs/msg/detail/cone_association_array__builder.hpp
[169.382s] -- Symlinking: /bristol_fsai_sim-docker/install/eufs_msgs/include/eufs_msgs/msg/detail/cone_association_array__struct.hpp
[169.404s] -- Symlinking: /bristol_fsai_sim-docker/install/eufs_msgs/include/eufs_msgs/msg/detail/cone_association_array__traits.hpp
[169.423s] -- Symlinking: /bristol_fsai_sim-docker/install/eufs_msgs/include/eufs_msgs/msg/detail/cone_association_array_array_stamped__builder.hpp
[169.441s] -- Symlinking: /bristol_fsai_sim-docker/install/eufs_msgs/include/eufs_msgs/msg/detail/cone_association_array_array_stamped__struct.hpp
[169.464s] -- Symlinking: /bristol_fsai_sim-docker/install/eufs_msgs/include/eufs_msgs/msg/detail/cone_association_array_array_stamped__traits.hpp
[169.486s] -- Symlinking: /bristol_fsai_sim-docker/install/eufs_msgs/include/eufs_msgs/msg/detail/cone_association_array_stamped__builder.hpp
[169.504s] -- Symlinking: /bristol_fsai_sim-docker/install/eufs_msgs/include/eufs_msgs/msg/detail/cone_association_array_stamped__struct.hpp
[169.522s] -- Symlinking: /bristol_fsai_sim-docker/install/eufs_msgs/include/eufs_msgs/msg/detail/cone_association_array_stamped__traits.hpp
[169.539s] -- Symlinking: /bristol_fsai_sim-docker/install/eufs_msgs/include/eufs_msgs/msg/detail/cone_with_covariance__builder.hpp
[169.562s] -- Symlinking: /bristol_fsai_sim-docker/install/eufs_msgs/include/eufs_msgs/msg/detail/cone_with_covariance__struct.hpp
[169.585s] -- Symlinking: /bristol_fsai_sim-docker/install/eufs_msgs/include/eufs_msgs/msg/detail/cone_with_covariance__traits.hpp
[169.603s] -- Symlinking: /bristol_fsai_sim-docker/install/eufs_msgs/include/eufs_msgs/msg/detail/cone_with_covariance_plus__builder.hpp
[169.621s] -- Symlinking: /bristol_fsai_sim-docker/install/eufs_msgs/include/eufs_msgs/msg/detail/cone_with_covariance_plus__struct.hpp
[169.637s] -- Symlinking: /bristol_fsai_sim-docker/install/eufs_msgs/include/eufs_msgs/msg/detail/cone_with_covariance_plus__traits.hpp
[169.659s] -- Symlinking: /bristol_fsai_sim-docker/install/eufs_msgs/include/eufs_msgs/msg/detail/costmap__builder.hpp
[169.682s] -- Symlinking: /bristol_fsai_sim-docker/install/eufs_msgs/include/eufs_msgs/msg/detail/costmap__struct.hpp
[169.701s] -- Symlinking: /bristol_fsai_sim-docker/install/eufs_msgs/include/eufs_msgs/msg/detail/costmap__traits.hpp
[169.718s] -- Symlinking: /bristol_fsai_sim-docker/install/eufs_msgs/include/eufs_msgs/msg/detail/cpu_status__builder.hpp
[169.735s] -- Symlinking: /bristol_fsai_sim-docker/install/eufs_msgs/include/eufs_msgs/msg/detail/cpu_status__struct.hpp
[169.757s] -- Symlinking: /bristol_fsai_sim-docker/install/eufs_msgs/include/eufs_msgs/msg/detail/cpu_status__traits.hpp
[169.784s] -- Symlinking: /bristol_fsai_sim-docker/install/eufs_msgs/include/eufs_msgs/msg/detail/cpu_usage__builder.hpp
[169.802s] -- Symlinking: /bristol_fsai_sim-docker/install/eufs_msgs/include/eufs_msgs/msg/detail/cpu_usage__struct.hpp
[169.819s] -- Symlinking: /bristol_fsai_sim-docker/install/eufs_msgs/include/eufs_msgs/msg/detail/cpu_usage__traits.hpp
[169.835s] -- Symlinking: /bristol_fsai_sim-docker/install/eufs_msgs/include/eufs_msgs/msg/detail/ekf_err__builder.hpp
[169.857s] -- Symlinking: /bristol_fsai_sim-docker/install/eufs_msgs/include/eufs_msgs/msg/detail/ekf_err__struct.hpp
[169.880s] -- Symlinking: /bristol_fsai_sim-docker/install/eufs_msgs/include/eufs_msgs/msg/detail/ekf_err__traits.hpp
[169.900s] -- Symlinking: /bristol_fsai_sim-docker/install/eufs_msgs/include/eufs_msgs/msg/detail/ekf_state__builder.hpp
[169.917s] -- Symlinking: /bristol_fsai_sim-docker/install/eufs_msgs/include/eufs_msgs/msg/detail/ekf_state__struct.hpp
[169.934s] -- Symlinking: /bristol_fsai_sim-docker/install/eufs_msgs/include/eufs_msgs/msg/detail/ekf_state__traits.hpp
[169.954s] -- Symlinking: /bristol_fsai_sim-docker/install/eufs_msgs/include/eufs_msgs/msg/detail/full_state__builder.hpp
[169.976s] -- Symlinking: /bristol_fsai_sim-docker/install/eufs_msgs/include/eufs_msgs/msg/detail/full_state__struct.hpp
[169.999s] -- Symlinking: /bristol_fsai_sim-docker/install/eufs_msgs/include/eufs_msgs/msg/detail/full_state__traits.hpp
[170.019s] -- Symlinking: /bristol_fsai_sim-docker/install/eufs_msgs/include/eufs_msgs/msg/detail/heartbeat__builder.hpp
[170.036s] -- Symlinking: /bristol_fsai_sim-docker/install/eufs_msgs/include/eufs_msgs/msg/detail/heartbeat__struct.hpp
[170.060s] -- Symlinking: /bristol_fsai_sim-docker/install/eufs_msgs/include/eufs_msgs/msg/detail/heartbeat__traits.hpp
[170.081s] -- Symlinking: /bristol_fsai_sim-docker/install/eufs_msgs/include/eufs_msgs/msg/detail/integration_err__builder.hpp
[170.101s] -- Symlinking: /bristol_fsai_sim-docker/install/eufs_msgs/include/eufs_msgs/msg/detail/integration_err__struct.hpp
[170.118s] -- Symlinking: /bristol_fsai_sim-docker/install/eufs_msgs/include/eufs_msgs/msg/detail/integration_err__traits.hpp
[170.136s] -- Symlinking: /bristol_fsai_sim-docker/install/eufs_msgs/include/eufs_msgs/msg/detail/lap_stats__builder.hpp
[170.153s] -- Symlinking: /bristol_fsai_sim-docker/install/eufs_msgs/include/eufs_msgs/msg/detail/lap_stats__struct.hpp
[170.176s] -- Symlinking: /bristol_fsai_sim-docker/install/eufs_msgs/include/eufs_msgs/msg/detail/lap_stats__traits.hpp
[170.199s] -- Symlinking: /bristol_fsai_sim-docker/install/eufs_msgs/include/eufs_msgs/msg/detail/mpc_state__builder.hpp
[170.217s] -- Symlinking: /bristol_fsai_sim-docker/install/eufs_msgs/include/eufs_msgs/msg/detail/mpc_state__struct.hpp
[170.234s] -- Symlinking: /bristol_fsai_sim-docker/install/eufs_msgs/include/eufs_msgs/msg/detail/mpc_state__traits.hpp
[170.253s] -- Symlinking: /bristol_fsai_sim-docker/install/eufs_msgs/include/eufs_msgs/msg/detail/node_state__builder.hpp
[170.275s] -- Symlinking: /bristol_fsai_sim-docker/install/eufs_msgs/include/eufs_msgs/msg/detail/node_state__struct.hpp
[170.299s] -- Symlinking: /bristol_fsai_sim-docker/install/eufs_msgs/include/eufs_msgs/msg/detail/node_state__traits.hpp
[170.318s] -- Symlinking: /bristol_fsai_sim-docker/install/eufs_msgs/include/eufs_msgs/msg/detail/node_state_array__builder.hpp
[170.335s] -- Symlinking: /bristol_fsai_sim-docker/install/eufs_msgs/include/eufs_msgs/msg/detail/node_state_array__struct.hpp
[170.354s] -- Symlinking: /bristol_fsai_sim-docker/install/eufs_msgs/include/eufs_msgs/msg/detail/node_state_array__traits.hpp
[170.378s] -- Symlinking: /bristol_fsai_sim-docker/install/eufs_msgs/include/eufs_msgs/msg/detail/oss__builder.hpp
[170.401s] -- Symlinking: /bristol_fsai_sim-docker/install/eufs_msgs/include/eufs_msgs/msg/detail/oss__struct.hpp
[170.418s] -- Symlinking: /bristol_fsai_sim-docker/install/eufs_msgs/include/eufs_msgs/msg/detail/oss__traits.hpp
[170.435s] -- Symlinking: /bristol_fsai_sim-docker/install/eufs_msgs/include/eufs_msgs/msg/detail/particle__builder.hpp
[170.452s] -- Symlinking: /bristol_fsai_sim-docker/install/eufs_msgs/include/eufs_msgs/msg/detail/particle__struct.hpp
[170.476s] -- Symlinking: /bristol_fsai_sim-docker/install/eufs_msgs/include/eufs_msgs/msg/detail/particle__traits.hpp
[170.499s] -- Symlinking: /bristol_fsai_sim-docker/install/eufs_msgs/include/eufs_msgs/msg/detail/particle_slam__builder.hpp
[170.517s] -- Symlinking: /bristol_fsai_sim-docker/install/eufs_msgs/include/eufs_msgs/msg/detail/particle_slam__struct.hpp
[170.534s] -- Symlinking: /bristol_fsai_sim-docker/install/eufs_msgs/include/eufs_msgs/msg/detail/particle_slam__traits.hpp
[170.553s] -- Symlinking: /bristol_fsai_sim-docker/install/eufs_msgs/include/eufs_msgs/msg/detail/particle_slam_stamped__builder.hpp
[170.575s] -- Symlinking: /bristol_fsai_sim-docker/install/eufs_msgs/include/eufs_msgs/msg/detail/particle_slam_stamped__struct.hpp
[170.596s] -- Symlinking: /bristol_fsai_sim-docker/install/eufs_msgs/include/eufs_msgs/msg/detail/particle_slam_stamped__traits.hpp
[170.613s] -- Symlinking: /bristol_fsai_sim-docker/install/eufs_msgs/include/eufs_msgs/msg/detail/particle_stamped__builder.hpp
[170.631s] -- Symlinking: /bristol_fsai_sim-docker/install/eufs_msgs/include/eufs_msgs/msg/detail/particle_stamped__struct.hpp
[170.651s] -- Symlinking: /bristol_fsai_sim-docker/install/eufs_msgs/include/eufs_msgs/msg/detail/particle_stamped__traits.hpp
[170.672s] -- Symlinking: /bristol_fsai_sim-docker/install/eufs_msgs/include/eufs_msgs/msg/detail/path_integral_params__builder.hpp
[170.695s] -- Symlinking: /bristol_fsai_sim-docker/install/eufs_msgs/include/eufs_msgs/msg/detail/path_integral_params__struct.hpp
[170.712s] -- Symlinking: /bristol_fsai_sim-docker/install/eufs_msgs/include/eufs_msgs/msg/detail/path_integral_params__traits.hpp
[170.729s] -- Symlinking: /bristol_fsai_sim-docker/install/eufs_msgs/include/eufs_msgs/msg/detail/path_integral_stats__builder.hpp
[170.752s] -- Symlinking: /bristol_fsai_sim-docker/install/eufs_msgs/include/eufs_msgs/msg/detail/path_integral_stats__struct.hpp
[170.774s] -- Symlinking: /bristol_fsai_sim-docker/install/eufs_msgs/include/eufs_msgs/msg/detail/path_integral_stats__traits.hpp
[170.795s] -- Symlinking: /bristol_fsai_sim-docker/install/eufs_msgs/include/eufs_msgs/msg/detail/path_integral_status__builder.hpp
[170.814s] -- Symlinking: /bristol_fsai_sim-docker/install/eufs_msgs/include/eufs_msgs/msg/detail/path_integral_status__struct.hpp
[170.832s] -- Symlinking: /bristol_fsai_sim-docker/install/eufs_msgs/include/eufs_msgs/msg/detail/path_integral_status__traits.hpp
[170.851s] -- Symlinking: /bristol_fsai_sim-docker/install/eufs_msgs/include/eufs_msgs/msg/detail/path_integral_timing__builder.hpp
[170.875s] -- Symlinking: /bristol_fsai_sim-docker/install/eufs_msgs/include/eufs_msgs/msg/detail/path_integral_timing__struct.hpp
[170.896s] -- Symlinking: /bristol_fsai_sim-docker/install/eufs_msgs/include/eufs_msgs/msg/detail/path_integral_timing__traits.hpp
[170.914s] -- Symlinking: /bristol_fsai_sim-docker/install/eufs_msgs/include/eufs_msgs/msg/detail/planning_mode__builder.hpp
[170.931s] -- Symlinking: /bristol_fsai_sim-docker/install/eufs_msgs/include/eufs_msgs/msg/detail/planning_mode__struct.hpp
[170.950s] -- Symlinking: /bristol_fsai_sim-docker/install/eufs_msgs/include/eufs_msgs/msg/detail/planning_mode__traits.hpp
[170.974s] -- Symlinking: /bristol_fsai_sim-docker/install/eufs_msgs/include/eufs_msgs/msg/detail/point_array__builder.hpp
[170.994s] -- Symlinking: /bristol_fsai_sim-docker/install/eufs_msgs/include/eufs_msgs/msg/detail/point_array__struct.hpp
[171.013s] -- Symlinking: /bristol_fsai_sim-docker/install/eufs_msgs/include/eufs_msgs/msg/detail/point_array__traits.hpp
[171.031s] -- Symlinking: /bristol_fsai_sim-docker/install/eufs_msgs/include/eufs_msgs/msg/detail/point_array_stamped__builder.hpp
[171.051s] -- Symlinking: /bristol_fsai_sim-docker/install/eufs_msgs/include/eufs_msgs/msg/detail/point_array_stamped__struct.hpp
[171.074s] -- Symlinking: /bristol_fsai_sim-docker/install/eufs_msgs/include/eufs_msgs/msg/detail/point_array_stamped__traits.hpp
[171.098s] -- Symlinking: /bristol_fsai_sim-docker/install/eufs_msgs/include/eufs_msgs/msg/detail/pure_pursuit_checkpoint__builder.hpp
[171.116s] -- Symlinking: /bristol_fsai_sim-docker/install/eufs_msgs/include/eufs_msgs/msg/detail/pure_pursuit_checkpoint__struct.hpp
[171.133s] -- Symlinking: /bristol_fsai_sim-docker/install/eufs_msgs/include/eufs_msgs/msg/detail/pure_pursuit_checkpoint__traits.hpp
[171.155s] -- Symlinking: /bristol_fsai_sim-docker/install/eufs_msgs/include/eufs_msgs/msg/detail/pure_pursuit_checkpoint_array_stamped__builder.hpp
[171.178s] -- Symlinking: /bristol_fsai_sim-docker/install/eufs_msgs/include/eufs_msgs/msg/detail/pure_pursuit_checkpoint_array_stamped__struct.hpp
[171.199s] -- Symlinking: /bristol_fsai_sim-docker/install/eufs_msgs/include/eufs_msgs/msg/detail/pure_pursuit_checkpoint_array_stamped__traits.hpp
[171.216s] -- Symlinking: /bristol_fsai_sim-docker/install/eufs_msgs/include/eufs_msgs/msg/detail/runstop__builder.hpp
[171.233s] -- Symlinking: /bristol_fsai_sim-docker/install/eufs_msgs/include/eufs_msgs/msg/detail/runstop__struct.hpp
[171.252s] -- Symlinking: /bristol_fsai_sim-docker/install/eufs_msgs/include/eufs_msgs/msg/detail/runstop__traits.hpp
[171.277s] -- Symlinking: /bristol_fsai_sim-docker/install/eufs_msgs/include/eufs_msgs/msg/detail/slam_err__builder.hpp
[171.299s] -- Symlinking: /bristol_fsai_sim-docker/install/eufs_msgs/include/eufs_msgs/msg/detail/slam_err__struct.hpp
[171.317s] -- Symlinking: /bristol_fsai_sim-docker/install/eufs_msgs/include/eufs_msgs/msg/detail/slam_err__traits.hpp
[171.334s] -- Symlinking: /bristol_fsai_sim-docker/install/eufs_msgs/include/eufs_msgs/msg/detail/slam_state__builder.hpp
[171.352s] -- Symlinking: /bristol_fsai_sim-docker/install/eufs_msgs/include/eufs_msgs/msg/detail/slam_state__struct.hpp
[171.374s] -- Symlinking: /bristol_fsai_sim-docker/install/eufs_msgs/include/eufs_msgs/msg/detail/slam_state__traits.hpp
[171.398s] -- Symlinking: /bristol_fsai_sim-docker/install/eufs_msgs/include/eufs_msgs/msg/detail/state_machine_state__builder.hpp
[171.417s] -- Symlinking: /bristol_fsai_sim-docker/install/eufs_msgs/include/eufs_msgs/msg/detail/state_machine_state__struct.hpp
[171.435s] -- Symlinking: /bristol_fsai_sim-docker/install/eufs_msgs/include/eufs_msgs/msg/detail/state_machine_state__traits.hpp
[171.455s] -- Symlinking: /bristol_fsai_sim-docker/install/eufs_msgs/include/eufs_msgs/msg/detail/stereo_image__builder.hpp
[171.478s] -- Symlinking: /bristol_fsai_sim-docker/install/eufs_msgs/include/eufs_msgs/msg/detail/stereo_image__struct.hpp
[171.498s] -- Symlinking: /bristol_fsai_sim-docker/install/eufs_msgs/include/eufs_msgs/msg/detail/stereo_image__traits.hpp
[171.516s] -- Symlinking: /bristol_fsai_sim-docker/install/eufs_msgs/include/eufs_msgs/msg/detail/system_status__builder.hpp
[171.534s] -- Symlinking: /bristol_fsai_sim-docker/install/eufs_msgs/include/eufs_msgs/msg/detail/system_status__struct.hpp
[171.554s] -- Symlinking: /bristol_fsai_sim-docker/install/eufs_msgs/include/eufs_msgs/msg/detail/system_status__traits.hpp
[171.579s] -- Symlinking: /bristol_fsai_sim-docker/install/eufs_msgs/include/eufs_msgs/msg/detail/topic_status__builder.hpp
[171.599s] -- Symlinking: /bristol_fsai_sim-docker/install/eufs_msgs/include/eufs_msgs/msg/detail/topic_status__struct.hpp
[171.616s] -- Symlinking: /bristol_fsai_sim-docker/install/eufs_msgs/include/eufs_msgs/msg/detail/topic_status__traits.hpp
[171.633s] -- Symlinking: /bristol_fsai_sim-docker/install/eufs_msgs/include/eufs_msgs/msg/detail/vehicle_commands__builder.hpp
[171.653s] -- Symlinking: /bristol_fsai_sim-docker/install/eufs_msgs/include/eufs_msgs/msg/detail/vehicle_commands__struct.hpp
[171.675s] -- Symlinking: /bristol_fsai_sim-docker/install/eufs_msgs/include/eufs_msgs/msg/detail/vehicle_commands__traits.hpp
[171.696s] -- Symlinking: /bristol_fsai_sim-docker/install/eufs_msgs/include/eufs_msgs/msg/detail/vehicle_commands_stamped__builder.hpp
[171.714s] -- Symlinking: /bristol_fsai_sim-docker/install/eufs_msgs/include/eufs_msgs/msg/detail/vehicle_commands_stamped__struct.hpp
[171.731s] -- Symlinking: /bristol_fsai_sim-docker/install/eufs_msgs/include/eufs_msgs/msg/detail/vehicle_commands_stamped__traits.hpp
[171.749s] -- Symlinking: /bristol_fsai_sim-docker/install/eufs_msgs/include/eufs_msgs/msg/detail/waypoint__builder.hpp
[171.769s] -- Symlinking: /bristol_fsai_sim-docker/install/eufs_msgs/include/eufs_msgs/msg/detail/waypoint__struct.hpp
[171.793s] -- Symlinking: /bristol_fsai_sim-docker/install/eufs_msgs/include/eufs_msgs/msg/detail/waypoint__traits.hpp
[171.811s] -- Symlinking: /bristol_fsai_sim-docker/install/eufs_msgs/include/eufs_msgs/msg/detail/waypoint_array_stamped__builder.hpp
[171.828s] -- Symlinking: /bristol_fsai_sim-docker/install/eufs_msgs/include/eufs_msgs/msg/detail/waypoint_array_stamped__struct.hpp
[171.845s] -- Symlinking: /bristol_fsai_sim-docker/install/eufs_msgs/include/eufs_msgs/msg/detail/waypoint_array_stamped__traits.hpp
[171.868s] -- Symlinking: /bristol_fsai_sim-docker/install/eufs_msgs/include/eufs_msgs/msg/detail/wheel_odometry_err__builder.hpp
[171.891s] -- Symlinking: /bristol_fsai_sim-docker/install/eufs_msgs/include/eufs_msgs/msg/detail/wheel_odometry_err__struct.hpp
[171.910s] -- Symlinking: /bristol_fsai_sim-docker/install/eufs_msgs/include/eufs_msgs/msg/detail/wheel_odometry_err__traits.hpp
[171.926s] -- Symlinking: /bristol_fsai_sim-docker/install/eufs_msgs/include/eufs_msgs/msg/detail/wheel_speeds__builder.hpp
[171.944s] -- Symlinking: /bristol_fsai_sim-docker/install/eufs_msgs/include/eufs_msgs/msg/detail/wheel_speeds__struct.hpp
[171.964s] -- Symlinking: /bristol_fsai_sim-docker/install/eufs_msgs/include/eufs_msgs/msg/detail/wheel_speeds__traits.hpp
[171.986s] -- Symlinking: /bristol_fsai_sim-docker/install/eufs_msgs/include/eufs_msgs/msg/detail/wheel_speeds_stamped__builder.hpp
[172.007s] -- Symlinking: /bristol_fsai_sim-docker/install/eufs_msgs/include/eufs_msgs/msg/detail/wheel_speeds_stamped__struct.hpp
[172.026s] -- Symlinking: /bristol_fsai_sim-docker/install/eufs_msgs/include/eufs_msgs/msg/detail/wheel_speeds_stamped__traits.hpp
[172.045s] -- Symlinking: /bristol_fsai_sim-docker/install/eufs_msgs/include/eufs_msgs/msg/ekf_err.hpp
[172.071s] -- Symlinking: /bristol_fsai_sim-docker/install/eufs_msgs/include/eufs_msgs/msg/ekf_state.hpp
[172.097s] -- Symlinking: /bristol_fsai_sim-docker/install/eufs_msgs/include/eufs_msgs/msg/full_state.hpp
[172.117s] -- Symlinking: /bristol_fsai_sim-docker/install/eufs_msgs/include/eufs_msgs/msg/heartbeat.hpp
[172.134s] -- Symlinking: /bristol_fsai_sim-docker/install/eufs_msgs/include/eufs_msgs/msg/integration_err.hpp
[172.154s] -- Symlinking: /bristol_fsai_sim-docker/install/eufs_msgs/include/eufs_msgs/msg/lap_stats.hpp
[172.177s] -- Symlinking: /bristol_fsai_sim-docker/install/eufs_msgs/include/eufs_msgs/msg/mpc_state.hpp
[172.196s] -- Symlinking: /bristol_fsai_sim-docker/install/eufs_msgs/include/eufs_msgs/msg/node_state.hpp
[172.214s] -- Symlinking: /bristol_fsai_sim-docker/install/eufs_msgs/include/eufs_msgs/msg/node_state_array.hpp
[172.230s] -- Symlinking: /bristol_fsai_sim-docker/install/eufs_msgs/include/eufs_msgs/msg/oss.hpp
[172.247s] -- Symlinking: /bristol_fsai_sim-docker/install/eufs_msgs/include/eufs_msgs/msg/particle.hpp
[172.267s] -- Symlinking: /bristol_fsai_sim-docker/install/eufs_msgs/include/eufs_msgs/msg/particle_slam.hpp
[172.289s] -- Symlinking: /bristol_fsai_sim-docker/install/eufs_msgs/include/eufs_msgs/msg/particle_slam_stamped.hpp
[172.308s] -- Symlinking: /bristol_fsai_sim-docker/install/eufs_msgs/include/eufs_msgs/msg/particle_stamped.hpp
[172.326s] -- Symlinking: /bristol_fsai_sim-docker/install/eufs_msgs/include/eufs_msgs/msg/path_integral_params.hpp
[172.343s] -- Symlinking: /bristol_fsai_sim-docker/install/eufs_msgs/include/eufs_msgs/msg/path_integral_stats.hpp
[172.365s] -- Symlinking: /bristol_fsai_sim-docker/install/eufs_msgs/include/eufs_msgs/msg/path_integral_status.hpp
[172.388s] -- Symlinking: /bristol_fsai_sim-docker/install/eufs_msgs/include/eufs_msgs/msg/path_integral_timing.hpp
[172.411s] -- Symlinking: /bristol_fsai_sim-docker/install/eufs_msgs/include/eufs_msgs/msg/planning_mode.hpp
[172.430s] -- Symlinking: /bristol_fsai_sim-docker/install/eufs_msgs/include/eufs_msgs/msg/point_array.hpp
[172.447s] -- Symlinking: /bristol_fsai_sim-docker/install/eufs_msgs/include/eufs_msgs/msg/point_array_stamped.hpp
[172.468s] -- Symlinking: /bristol_fsai_sim-docker/install/eufs_msgs/include/eufs_msgs/msg/pure_pursuit_checkpoint.hpp
[172.490s] -- Symlinking: /bristol_fsai_sim-docker/install/eufs_msgs/include/eufs_msgs/msg/pure_pursuit_checkpoint_array_stamped.hpp
[172.510s] -- Symlinking: /bristol_fsai_sim-docker/install/eufs_msgs/include/eufs_msgs/msg/runstop.hpp
[172.528s] -- Symlinking: /bristol_fsai_sim-docker/install/eufs_msgs/include/eufs_msgs/msg/slam_err.hpp
[172.545s] -- Symlinking: /bristol_fsai_sim-docker/install/eufs_msgs/include/eufs_msgs/msg/slam_state.hpp
[172.568s] -- Symlinking: /bristol_fsai_sim-docker/install/eufs_msgs/include/eufs_msgs/msg/state_machine_state.hpp
[172.591s] -- Symlinking: /bristol_fsai_sim-docker/install/eufs_msgs/include/eufs_msgs/msg/stereo_image.hpp
[172.609s] -- Symlinking: /bristol_fsai_sim-docker/install/eufs_msgs/include/eufs_msgs/msg/system_status.hpp
[172.626s] -- Symlinking: /bristol_fsai_sim-docker/install/eufs_msgs/include/eufs_msgs/msg/topic_status.hpp
[172.643s] -- Symlinking: /bristol_fsai_sim-docker/install/eufs_msgs/include/eufs_msgs/msg/vehicle_commands.hpp
[172.666s] -- Symlinking: /bristol_fsai_sim-docker/install/eufs_msgs/include/eufs_msgs/msg/vehicle_commands_stamped.hpp
[172.688s] -- Symlinking: /bristol_fsai_sim-docker/install/eufs_msgs/include/eufs_msgs/msg/waypoint.hpp
[172.706s] -- Symlinking: /bristol_fsai_sim-docker/install/eufs_msgs/include/eufs_msgs/msg/waypoint_array_stamped.hpp
[172.723s] -- Symlinking: /bristol_fsai_sim-docker/install/eufs_msgs/include/eufs_msgs/msg/wheel_odometry_err.hpp
[172.739s] -- Symlinking: /bristol_fsai_sim-docker/install/eufs_msgs/include/eufs_msgs/msg/wheel_speeds.hpp
[172.761s] -- Symlinking: /bristol_fsai_sim-docker/install/eufs_msgs/include/eufs_msgs/msg/wheel_speeds_stamped.hpp
[172.783s] -- Symlinking: /bristol_fsai_sim-docker/install/eufs_msgs/include/eufs_msgs/srv/detail/get_map__builder.hpp
[172.804s] -- Symlinking: /bristol_fsai_sim-docker/install/eufs_msgs/include/eufs_msgs/srv/detail/get_map__struct.hpp
[172.821s] -- Symlinking: /bristol_fsai_sim-docker/install/eufs_msgs/include/eufs_msgs/srv/detail/get_map__traits.hpp
[172.837s] -- Symlinking: /bristol_fsai_sim-docker/install/eufs_msgs/include/eufs_msgs/srv/detail/record_start__builder.hpp
[172.855s] -- Symlinking: /bristol_fsai_sim-docker/install/eufs_msgs/include/eufs_msgs/srv/detail/record_start__struct.hpp
[172.877s] -- Symlinking: /bristol_fsai_sim-docker/install/eufs_msgs/include/eufs_msgs/srv/detail/record_start__traits.hpp
[172.900s] -- Symlinking: /bristol_fsai_sim-docker/install/eufs_msgs/include/eufs_msgs/srv/detail/record_stop__builder.hpp
[172.918s] -- Symlinking: /bristol_fsai_sim-docker/install/eufs_msgs/include/eufs_msgs/srv/detail/record_stop__struct.hpp
[172.935s] -- Symlinking: /bristol_fsai_sim-docker/install/eufs_msgs/include/eufs_msgs/srv/detail/record_stop__traits.hpp
[172.956s] -- Symlinking: /bristol_fsai_sim-docker/install/eufs_msgs/include/eufs_msgs/srv/detail/register__builder.hpp
[172.979s] -- Symlinking: /bristol_fsai_sim-docker/install/eufs_msgs/include/eufs_msgs/srv/detail/register__struct.hpp
[173.000s] -- Symlinking: /bristol_fsai_sim-docker/install/eufs_msgs/include/eufs_msgs/srv/detail/register__traits.hpp
[173.017s] -- Symlinking: /bristol_fsai_sim-docker/install/eufs_msgs/include/eufs_msgs/srv/detail/set_can_state__builder.hpp
[173.035s] -- Symlinking: /bristol_fsai_sim-docker/install/eufs_msgs/include/eufs_msgs/srv/detail/set_can_state__struct.hpp
[173.057s] -- Symlinking: /bristol_fsai_sim-docker/install/eufs_msgs/include/eufs_msgs/srv/detail/set_can_state__traits.hpp
[173.078s] -- Symlinking: /bristol_fsai_sim-docker/install/eufs_msgs/include/eufs_msgs/srv/detail/set_mission__builder.hpp
[173.101s] -- Symlinking: /bristol_fsai_sim-docker/install/eufs_msgs/include/eufs_msgs/srv/detail/set_mission__struct.hpp
[173.118s] -- Symlinking: /bristol_fsai_sim-docker/install/eufs_msgs/include/eufs_msgs/srv/detail/set_mission__traits.hpp
[173.135s] -- Symlinking: /bristol_fsai_sim-docker/install/eufs_msgs/include/eufs_msgs/srv/detail/set_string__builder.hpp
[173.157s] -- Symlinking: /bristol_fsai_sim-docker/install/eufs_msgs/include/eufs_msgs/srv/detail/set_string__struct.hpp
[173.179s] -- Symlinking: /bristol_fsai_sim-docker/install/eufs_msgs/include/eufs_msgs/srv/detail/set_string__traits.hpp
[173.202s] -- Symlinking: /bristol_fsai_sim-docker/install/eufs_msgs/include/eufs_msgs/srv/detail/set_track__builder.hpp
[173.220s] -- Symlinking: /bristol_fsai_sim-docker/install/eufs_msgs/include/eufs_msgs/srv/detail/set_track__struct.hpp
[173.236s] -- Symlinking: /bristol_fsai_sim-docker/install/eufs_msgs/include/eufs_msgs/srv/detail/set_track__traits.hpp
[173.257s] -- Symlinking: /bristol_fsai_sim-docker/install/eufs_msgs/include/eufs_msgs/srv/get_map.hpp
[173.278s] -- Symlinking: /bristol_fsai_sim-docker/install/eufs_msgs/include/eufs_msgs/srv/record_start.hpp
[173.299s] -- Symlinking: /bristol_fsai_sim-docker/install/eufs_msgs/include/eufs_msgs/srv/record_stop.hpp
[173.318s] -- Symlinking: /bristol_fsai_sim-docker/install/eufs_msgs/include/eufs_msgs/srv/register.hpp
[173.335s] -- Symlinking: /bristol_fsai_sim-docker/install/eufs_msgs/include/eufs_msgs/srv/set_can_state.hpp
[173.354s] -- Symlinking: /bristol_fsai_sim-docker/install/eufs_msgs/include/eufs_msgs/srv/set_mission.hpp
[173.377s] -- Symlinking: /bristol_fsai_sim-docker/install/eufs_msgs/include/eufs_msgs/srv/set_string.hpp
[173.399s] -- Symlinking: /bristol_fsai_sim-docker/install/eufs_msgs/include/eufs_msgs/srv/set_track.hpp
[173.420s] -- Symlinking: /bristol_fsai_sim-docker/install/eufs_msgs/include/eufs_msgs/action/detail/check_for_objects__rosidl_typesupport_introspection_cpp.hpp
[173.437s] -- Symlinking: /bristol_fsai_sim-docker/install/eufs_msgs/include/eufs_msgs/msg/detail/bounding_box__rosidl_typesupport_introspection_cpp.hpp
[173.457s] -- Symlinking: /bristol_fsai_sim-docker/install/eufs_msgs/include/eufs_msgs/msg/detail/bounding_boxes__rosidl_typesupport_introspection_cpp.hpp
[173.482s] -- Symlinking: /bristol_fsai_sim-docker/install/eufs_msgs/include/eufs_msgs/msg/detail/can_state__rosidl_typesupport_introspection_cpp.hpp
[173.501s] -- Symlinking: /bristol_fsai_sim-docker/install/eufs_msgs/include/eufs_msgs/msg/detail/car_forces__rosidl_typesupport_introspection_cpp.hpp
[173.520s] -- Symlinking: /bristol_fsai_sim-docker/install/eufs_msgs/include/eufs_msgs/msg/detail/car_state__rosidl_typesupport_introspection_cpp.hpp
[173.538s] -- Symlinking: /bristol_fsai_sim-docker/install/eufs_msgs/include/eufs_msgs/msg/detail/chassis_command__rosidl_typesupport_introspection_cpp.hpp
[173.555s] -- Symlinking: /bristol_fsai_sim-docker/install/eufs_msgs/include/eufs_msgs/msg/detail/chassis_state__rosidl_typesupport_introspection_cpp.hpp
[173.577s] -- Symlinking: /bristol_fsai_sim-docker/install/eufs_msgs/include/eufs_msgs/msg/detail/cone_array__rosidl_typesupport_introspection_cpp.hpp
[173.600s] -- Symlinking: /bristol_fsai_sim-docker/install/eufs_msgs/include/eufs_msgs/msg/detail/cone_array_with_covariance__rosidl_typesupport_introspection_cpp.hpp
[173.619s] -- Symlinking: /bristol_fsai_sim-docker/install/eufs_msgs/include/eufs_msgs/msg/detail/cone_array_with_covariance_plus__rosidl_typesupport_introspection_cpp.hpp
[173.636s] -- Symlinking: /bristol_fsai_sim-docker/install/eufs_msgs/include/eufs_msgs/msg/detail/cone_association__rosidl_typesupport_introspection_cpp.hpp
[173.656s] -- Symlinking: /bristol_fsai_sim-docker/install/eufs_msgs/include/eufs_msgs/msg/detail/cone_association_array__rosidl_typesupport_introspection_cpp.hpp
[173.681s] -- Symlinking: /bristol_fsai_sim-docker/install/eufs_msgs/include/eufs_msgs/msg/detail/cone_association_array_array_stamped__rosidl_typesupport_introspection_cpp.hpp
[173.704s] -- Symlinking: /bristol_fsai_sim-docker/install/eufs_msgs/include/eufs_msgs/msg/detail/cone_association_array_stamped__rosidl_typesupport_introspection_cpp.hpp
[173.722s] -- Symlinking: /bristol_fsai_sim-docker/install/eufs_msgs/include/eufs_msgs/msg/detail/cone_with_covariance__rosidl_typesupport_introspection_cpp.hpp
[173.738s] -- Symlinking: /bristol_fsai_sim-docker/install/eufs_msgs/include/eufs_msgs/msg/detail/cone_with_covariance_plus__rosidl_typesupport_introspection_cpp.hpp
[173.758s] -- Symlinking: /bristol_fsai_sim-docker/install/eufs_msgs/include/eufs_msgs/msg/detail/costmap__rosidl_typesupport_introspection_cpp.hpp
[173.783s] -- Symlinking: /bristol_fsai_sim-docker/install/eufs_msgs/include/eufs_msgs/msg/detail/cpu_status__rosidl_typesupport_introspection_cpp.hpp
[173.800s] -- Symlinking: /bristol_fsai_sim-docker/install/eufs_msgs/include/eufs_msgs/msg/detail/cpu_usage__rosidl_typesupport_introspection_cpp.hpp
[173.819s] -- Symlinking: /bristol_fsai_sim-docker/install/eufs_msgs/include/eufs_msgs/msg/detail/ekf_err__rosidl_typesupport_introspection_cpp.hpp
[173.836s] -- Symlinking: /bristol_fsai_sim-docker/install/eufs_msgs/include/eufs_msgs/msg/detail/ekf_state__rosidl_typesupport_introspection_cpp.hpp
[173.856s] -- Symlinking: /bristol_fsai_sim-docker/install/eufs_msgs/include/eufs_msgs/msg/detail/full_state__rosidl_typesupport_introspection_cpp.hpp
[173.879s] -- Symlinking: /bristol_fsai_sim-docker/install/eufs_msgs/include/eufs_msgs/msg/detail/heartbeat__rosidl_typesupport_introspection_cpp.hpp
[173.902s] -- Symlinking: /bristol_fsai_sim-docker/install/eufs_msgs/include/eufs_msgs/msg/detail/integration_err__rosidl_typesupport_introspection_cpp.hpp
[173.919s] -- Symlinking: /bristol_fsai_sim-docker/install/eufs_msgs/include/eufs_msgs/msg/detail/lap_stats__rosidl_typesupport_introspection_cpp.hpp
[173.936s] -- Symlinking: /bristol_fsai_sim-docker/install/eufs_msgs/include/eufs_msgs/msg/detail/mpc_state__rosidl_typesupport_introspection_cpp.hpp
[173.958s] -- Symlinking: /bristol_fsai_sim-docker/install/eufs_msgs/include/eufs_msgs/msg/detail/node_state__rosidl_typesupport_introspection_cpp.hpp
[173.980s] -- Symlinking: /bristol_fsai_sim-docker/install/eufs_msgs/include/eufs_msgs/msg/detail/node_state_array__rosidl_typesupport_introspection_cpp.hpp
[174.002s] -- Symlinking: /bristol_fsai_sim-docker/install/eufs_msgs/include/eufs_msgs/msg/detail/oss__rosidl_typesupport_introspection_cpp.hpp
[174.021s] -- Symlinking: /bristol_fsai_sim-docker/install/eufs_msgs/include/eufs_msgs/msg/detail/particle__rosidl_typesupport_introspection_cpp.hpp
[174.038s] -- Symlinking: /bristol_fsai_sim-docker/install/eufs_msgs/include/eufs_msgs/msg/detail/particle_slam__rosidl_typesupport_introspection_cpp.hpp
[174.059s] -- Symlinking: /bristol_fsai_sim-docker/install/eufs_msgs/include/eufs_msgs/msg/detail/particle_slam_stamped__rosidl_typesupport_introspection_cpp.hpp
[174.081s] -- Symlinking: /bristol_fsai_sim-docker/install/eufs_msgs/include/eufs_msgs/msg/detail/particle_stamped__rosidl_typesupport_introspection_cpp.hpp
[174.105s] -- Symlinking: /bristol_fsai_sim-docker/install/eufs_msgs/include/eufs_msgs/msg/detail/path_integral_params__rosidl_typesupport_introspection_cpp.hpp
[174.127s] -- Symlinking: /bristol_fsai_sim-docker/install/eufs_msgs/include/eufs_msgs/msg/detail/path_integral_stats__rosidl_typesupport_introspection_cpp.hpp
[174.144s] -- Symlinking: /bristol_fsai_sim-docker/install/eufs_msgs/include/eufs_msgs/msg/detail/path_integral_status__rosidl_typesupport_introspection_cpp.hpp
[174.165s] -- Symlinking: /bristol_fsai_sim-docker/install/eufs_msgs/include/eufs_msgs/msg/detail/path_integral_timing__rosidl_typesupport_introspection_cpp.hpp
[174.189s] -- Symlinking: /bristol_fsai_sim-docker/install/eufs_msgs/include/eufs_msgs/msg/detail/planning_mode__rosidl_typesupport_introspection_cpp.hpp
[174.208s] -- Symlinking: /bristol_fsai_sim-docker/install/eufs_msgs/include/eufs_msgs/msg/detail/point_array__rosidl_typesupport_introspection_cpp.hpp
[174.224s] -- Symlinking: /bristol_fsai_sim-docker/install/eufs_msgs/include/eufs_msgs/msg/detail/point_array_stamped__rosidl_typesupport_introspection_cpp.hpp
[174.241s] -- Symlinking: /bristol_fsai_sim-docker/install/eufs_msgs/include/eufs_msgs/msg/detail/pure_pursuit_checkpoint__rosidl_typesupport_introspection_cpp.hpp
[174.262s] -- Symlinking: /bristol_fsai_sim-docker/install/eufs_msgs/include/eufs_msgs/msg/detail/pure_pursuit_checkpoint_array_stamped__rosidl_typesupport_introspection_cpp.hpp
[174.284s] -- Symlinking: /bristol_fsai_sim-docker/install/eufs_msgs/include/eufs_msgs/msg/detail/runstop__rosidl_typesupport_introspection_cpp.hpp
[174.304s] -- Symlinking: /bristol_fsai_sim-docker/install/eufs_msgs/include/eufs_msgs/msg/detail/slam_err__rosidl_typesupport_introspection_cpp.hpp
[174.321s] -- Symlinking: /bristol_fsai_sim-docker/install/eufs_msgs/include/eufs_msgs/msg/detail/slam_state__rosidl_typesupport_introspection_cpp.hpp
[174.338s] -- Symlinking: /bristol_fsai_sim-docker/install/eufs_msgs/include/eufs_msgs/msg/detail/state_machine_state__rosidl_typesupport_introspection_cpp.hpp
[174.356s] -- Symlinking: /bristol_fsai_sim-docker/install/eufs_msgs/include/eufs_msgs/msg/detail/stereo_image__rosidl_typesupport_introspection_cpp.hpp
[174.379s] -- Symlinking: /bristol_fsai_sim-docker/install/eufs_msgs/include/eufs_msgs/msg/detail/system_status__rosidl_typesupport_introspection_cpp.hpp
[174.402s] -- Symlinking: /bristol_fsai_sim-docker/install/eufs_msgs/include/eufs_msgs/msg/detail/topic_status__rosidl_typesupport_introspection_cpp.hpp
[174.420s] -- Symlinking: /bristol_fsai_sim-docker/install/eufs_msgs/include/eufs_msgs/msg/detail/vehicle_commands__rosidl_typesupport_introspection_cpp.hpp
[174.437s] -- Symlinking: /bristol_fsai_sim-docker/install/eufs_msgs/include/eufs_msgs/msg/detail/vehicle_commands_stamped__rosidl_typesupport_introspection_cpp.hpp
[174.459s] -- Symlinking: /bristol_fsai_sim-docker/install/eufs_msgs/include/eufs_msgs/msg/detail/waypoint__rosidl_typesupport_introspection_cpp.hpp
[174.479s] -- Symlinking: /bristol_fsai_sim-docker/install/eufs_msgs/include/eufs_msgs/msg/detail/waypoint_array_stamped__rosidl_typesupport_introspection_cpp.hpp
[174.500s] -- Symlinking: /bristol_fsai_sim-docker/install/eufs_msgs/include/eufs_msgs/msg/detail/wheel_odometry_err__rosidl_typesupport_introspection_cpp.hpp
[174.519s] -- Symlinking: /bristol_fsai_sim-docker/install/eufs_msgs/include/eufs_msgs/msg/detail/wheel_speeds__rosidl_typesupport_introspection_cpp.hpp
[174.537s] -- Symlinking: /bristol_fsai_sim-docker/install/eufs_msgs/include/eufs_msgs/msg/detail/wheel_speeds_stamped__rosidl_typesupport_introspection_cpp.hpp
[174.559s] -- Symlinking: /bristol_fsai_sim-docker/install/eufs_msgs/include/eufs_msgs/srv/detail/get_map__rosidl_typesupport_introspection_cpp.hpp
[174.586s] -- Symlinking: /bristol_fsai_sim-docker/install/eufs_msgs/include/eufs_msgs/srv/detail/record_start__rosidl_typesupport_introspection_cpp.hpp
[174.604s] -- Symlinking: /bristol_fsai_sim-docker/install/eufs_msgs/include/eufs_msgs/srv/detail/record_stop__rosidl_typesupport_introspection_cpp.hpp
[174.622s] -- Symlinking: /bristol_fsai_sim-docker/install/eufs_msgs/include/eufs_msgs/srv/detail/register__rosidl_typesupport_introspection_cpp.hpp
[174.640s] -- Symlinking: /bristol_fsai_sim-docker/install/eufs_msgs/include/eufs_msgs/srv/detail/set_can_state__rosidl_typesupport_introspection_cpp.hpp
[174.659s] -- Symlinking: /bristol_fsai_sim-docker/install/eufs_msgs/include/eufs_msgs/srv/detail/set_mission__rosidl_typesupport_introspection_cpp.hpp
[174.681s] -- Symlinking: /bristol_fsai_sim-docker/install/eufs_msgs/include/eufs_msgs/srv/detail/set_string__rosidl_typesupport_introspection_cpp.hpp
[174.705s] -- Symlinking: /bristol_fsai_sim-docker/install/eufs_msgs/include/eufs_msgs/srv/detail/set_track__rosidl_typesupport_introspection_cpp.hpp
[174.723s] -- Symlinking: /bristol_fsai_sim-docker/install/eufs_msgs/share/eufs_msgs/environment/pythonpath.sh
[174.740s] -- Symlinking: /bristol_fsai_sim-docker/install/eufs_msgs/share/eufs_msgs/environment/pythonpath.dsv
[174.762s] -- Symlinking: /bristol_fsai_sim-docker/install/eufs_msgs/lib/python3.8/site-packages/eufs_msgs/__init__.py
[174.785s] -- Symlinking: /bristol_fsai_sim-docker/install/eufs_msgs/lib/python3.8/site-packages/eufs_msgs/msg/__init__.py
[174.806s] -- Symlinking: /bristol_fsai_sim-docker/install/eufs_msgs/lib/python3.8/site-packages/eufs_msgs/msg/_bounding_box.py
[174.824s] -- Symlinking: /bristol_fsai_sim-docker/install/eufs_msgs/lib/python3.8/site-packages/eufs_msgs/msg/_bounding_boxes.py
[174.840s] -- Symlinking: /bristol_fsai_sim-docker/install/eufs_msgs/lib/python3.8/site-packages/eufs_msgs/msg/_can_state.py
[174.860s] -- Symlinking: /bristol_fsai_sim-docker/install/eufs_msgs/lib/python3.8/site-packages/eufs_msgs/msg/_car_forces.py
[174.885s] -- Symlinking: /bristol_fsai_sim-docker/install/eufs_msgs/lib/python3.8/site-packages/eufs_msgs/msg/_car_state.py
[174.903s] -- Symlinking: /bristol_fsai_sim-docker/install/eufs_msgs/lib/python3.8/site-packages/eufs_msgs/msg/_chassis_command.py
[174.920s] -- Symlinking: /bristol_fsai_sim-docker/install/eufs_msgs/lib/python3.8/site-packages/eufs_msgs/msg/_chassis_state.py
[174.937s] -- Symlinking: /bristol_fsai_sim-docker/install/eufs_msgs/lib/python3.8/site-packages/eufs_msgs/msg/_cone_array.py
[174.957s] -- Symlinking: /bristol_fsai_sim-docker/install/eufs_msgs/lib/python3.8/site-packages/eufs_msgs/msg/_cone_array_with_covariance.py
[174.979s] -- Symlinking: /bristol_fsai_sim-docker/install/eufs_msgs/lib/python3.8/site-packages/eufs_msgs/msg/_cone_array_with_covariance_plus.py
[175.001s] -- Symlinking: /bristol_fsai_sim-docker/install/eufs_msgs/lib/python3.8/site-packages/eufs_msgs/msg/_cone_association.py
[175.019s] -- Symlinking: /bristol_fsai_sim-docker/install/eufs_msgs/lib/python3.8/site-packages/eufs_msgs/msg/_cone_association_array.py
[175.037s] -- Symlinking: /bristol_fsai_sim-docker/install/eufs_msgs/lib/python3.8/site-packages/eufs_msgs/msg/_cone_association_array_array_stamped.py
[175.058s] -- Symlinking: /bristol_fsai_sim-docker/install/eufs_msgs/lib/python3.8/site-packages/eufs_msgs/msg/_cone_association_array_stamped.py
[175.080s] -- Symlinking: /bristol_fsai_sim-docker/install/eufs_msgs/lib/python3.8/site-packages/eufs_msgs/msg/_cone_with_covariance.py
[175.100s] -- Symlinking: /bristol_fsai_sim-docker/install/eufs_msgs/lib/python3.8/site-packages/eufs_msgs/msg/_cone_with_covariance_plus.py
[175.119s] -- Symlinking: /bristol_fsai_sim-docker/install/eufs_msgs/lib/python3.8/site-packages/eufs_msgs/msg/_costmap.py
[175.136s] -- Symlinking: /bristol_fsai_sim-docker/install/eufs_msgs/lib/python3.8/site-packages/eufs_msgs/msg/_cpu_status.py
[175.159s] -- Symlinking: /bristol_fsai_sim-docker/install/eufs_msgs/lib/python3.8/site-packages/eufs_msgs/msg/_cpu_usage.py
[175.181s] -- Symlinking: /bristol_fsai_sim-docker/install/eufs_msgs/lib/python3.8/site-packages/eufs_msgs/msg/_ekf_err.py
[175.204s] -- Symlinking: /bristol_fsai_sim-docker/install/eufs_msgs/lib/python3.8/site-packages/eufs_msgs/msg/_ekf_state.py
[175.222s] -- Symlinking: /bristol_fsai_sim-docker/install/eufs_msgs/lib/python3.8/site-packages/eufs_msgs/msg/_full_state.py
[175.239s] -- Symlinking: /bristol_fsai_sim-docker/install/eufs_msgs/lib/python3.8/site-packages/eufs_msgs/msg/_heartbeat.py
[175.260s] -- Symlinking: /bristol_fsai_sim-docker/install/eufs_msgs/lib/python3.8/site-packages/eufs_msgs/msg/_integration_err.py
[175.283s] -- Symlinking: /bristol_fsai_sim-docker/install/eufs_msgs/lib/python3.8/site-packages/eufs_msgs/msg/_lap_stats.py
[175.303s] -- Symlinking: /bristol_fsai_sim-docker/install/eufs_msgs/lib/python3.8/site-packages/eufs_msgs/msg/_mpc_state.py
[175.320s] -- Symlinking: /bristol_fsai_sim-docker/install/eufs_msgs/lib/python3.8/site-packages/eufs_msgs/msg/_node_state.py
[175.337s] -- Symlinking: /bristol_fsai_sim-docker/install/eufs_msgs/lib/python3.8/site-packages/eufs_msgs/msg/_node_state_array.py
[175.357s] -- Symlinking: /bristol_fsai_sim-docker/install/eufs_msgs/lib/python3.8/site-packages/eufs_msgs/msg/_oss.py
[175.378s] -- Symlinking: /bristol_fsai_sim-docker/install/eufs_msgs/lib/python3.8/site-packages/eufs_msgs/msg/_particle.py
[175.402s] -- Symlinking: /bristol_fsai_sim-docker/install/eufs_msgs/lib/python3.8/site-packages/eufs_msgs/msg/_particle_slam.py
[175.420s] -- Symlinking: /bristol_fsai_sim-docker/install/eufs_msgs/lib/python3.8/site-packages/eufs_msgs/msg/_particle_slam_stamped.py
[175.438s] -- Symlinking: /bristol_fsai_sim-docker/install/eufs_msgs/lib/python3.8/site-packages/eufs_msgs/msg/_particle_stamped.py
[175.459s] -- Symlinking: /bristol_fsai_sim-docker/install/eufs_msgs/lib/python3.8/site-packages/eufs_msgs/msg/_path_integral_params.py
[175.482s] -- Symlinking: /bristol_fsai_sim-docker/install/eufs_msgs/lib/python3.8/site-packages/eufs_msgs/msg/_path_integral_stats.py
[175.502s] -- Symlinking: /bristol_fsai_sim-docker/install/eufs_msgs/lib/python3.8/site-packages/eufs_msgs/msg/_path_integral_status.py
[175.520s] -- Symlinking: /bristol_fsai_sim-docker/install/eufs_msgs/lib/python3.8/site-packages/eufs_msgs/msg/_path_integral_timing.py
[175.538s] -- Symlinking: /bristol_fsai_sim-docker/install/eufs_msgs/lib/python3.8/site-packages/eufs_msgs/msg/_planning_mode.py
[175.559s] -- Symlinking: /bristol_fsai_sim-docker/install/eufs_msgs/lib/python3.8/site-packages/eufs_msgs/msg/_point_array.py
[175.580s] -- Symlinking: /bristol_fsai_sim-docker/install/eufs_msgs/lib/python3.8/site-packages/eufs_msgs/msg/_point_array_stamped.py
[175.601s] -- Symlinking: /bristol_fsai_sim-docker/install/eufs_msgs/lib/python3.8/site-packages/eufs_msgs/msg/_pure_pursuit_checkpoint.py
[175.620s] -- Symlinking: /bristol_fsai_sim-docker/install/eufs_msgs/lib/python3.8/site-packages/eufs_msgs/msg/_pure_pursuit_checkpoint_array_stamped.py
[175.638s] -- Symlinking: /bristol_fsai_sim-docker/install/eufs_msgs/lib/python3.8/site-packages/eufs_msgs/msg/_runstop.py
[175.658s] -- Symlinking: /bristol_fsai_sim-docker/install/eufs_msgs/lib/python3.8/site-packages/eufs_msgs/msg/_slam_err.py
[175.680s] -- Symlinking: /bristol_fsai_sim-docker/install/eufs_msgs/lib/python3.8/site-packages/eufs_msgs/msg/_slam_state.py
[175.701s] -- Symlinking: /bristol_fsai_sim-docker/install/eufs_msgs/lib/python3.8/site-packages/eufs_msgs/msg/_state_machine_state.py
[175.719s] -- Symlinking: /bristol_fsai_sim-docker/install/eufs_msgs/lib/python3.8/site-packages/eufs_msgs/msg/_stereo_image.py
[175.737s] -- Symlinking: /bristol_fsai_sim-docker/install/eufs_msgs/lib/python3.8/site-packages/eufs_msgs/msg/_system_status.py
[175.756s] -- Symlinking: /bristol_fsai_sim-docker/install/eufs_msgs/lib/python3.8/site-packages/eufs_msgs/msg/_topic_status.py
[175.777s] -- Symlinking: /bristol_fsai_sim-docker/install/eufs_msgs/lib/python3.8/site-packages/eufs_msgs/msg/_vehicle_commands.py
[175.799s] -- Symlinking: /bristol_fsai_sim-docker/install/eufs_msgs/lib/python3.8/site-packages/eufs_msgs/msg/_vehicle_commands_stamped.py
[175.816s] -- Symlinking: /bristol_fsai_sim-docker/install/eufs_msgs/lib/python3.8/site-packages/eufs_msgs/msg/_waypoint.py
[175.834s] -- Symlinking: /bristol_fsai_sim-docker/install/eufs_msgs/lib/python3.8/site-packages/eufs_msgs/msg/_waypoint_array_stamped.py
[175.850s] -- Symlinking: /bristol_fsai_sim-docker/install/eufs_msgs/lib/python3.8/site-packages/eufs_msgs/msg/_wheel_odometry_err.py
[175.870s] -- Symlinking: /bristol_fsai_sim-docker/install/eufs_msgs/lib/python3.8/site-packages/eufs_msgs/msg/_wheel_speeds.py
[175.893s] -- Symlinking: /bristol_fsai_sim-docker/install/eufs_msgs/lib/python3.8/site-packages/eufs_msgs/msg/_wheel_speeds_stamped.py
[175.912s] -- Symlinking: /bristol_fsai_sim-docker/install/eufs_msgs/lib/python3.8/site-packages/eufs_msgs/action/__init__.py
[175.929s] -- Symlinking: /bristol_fsai_sim-docker/install/eufs_msgs/lib/python3.8/site-packages/eufs_msgs/action/_check_for_objects.py
[175.947s] -- Symlinking: /bristol_fsai_sim-docker/install/eufs_msgs/lib/python3.8/site-packages/eufs_msgs/srv/__init__.py
[175.968s] -- Symlinking: /bristol_fsai_sim-docker/install/eufs_msgs/lib/python3.8/site-packages/eufs_msgs/srv/_get_map.py
[175.993s] -- Symlinking: /bristol_fsai_sim-docker/install/eufs_msgs/lib/python3.8/site-packages/eufs_msgs/srv/_record_start.py
[176.010s] -- Symlinking: /bristol_fsai_sim-docker/install/eufs_msgs/lib/python3.8/site-packages/eufs_msgs/srv/_record_stop.py
[176.028s] -- Symlinking: /bristol_fsai_sim-docker/install/eufs_msgs/lib/python3.8/site-packages/eufs_msgs/srv/_register.py
[176.045s] -- Symlinking: /bristol_fsai_sim-docker/install/eufs_msgs/lib/python3.8/site-packages/eufs_msgs/srv/_set_can_state.py
[176.065s] -- Symlinking: /bristol_fsai_sim-docker/install/eufs_msgs/lib/python3.8/site-packages/eufs_msgs/srv/_set_mission.py
[176.089s] -- Symlinking: /bristol_fsai_sim-docker/install/eufs_msgs/lib/python3.8/site-packages/eufs_msgs/srv/_set_string.py
[176.110s] -- Symlinking: /bristol_fsai_sim-docker/install/eufs_msgs/lib/python3.8/site-packages/eufs_msgs/srv/_set_track.py
[176.129s] -- Symlinking: /bristol_fsai_sim-docker/install/eufs_msgs/lib/python3.8/site-packages/eufs_msgs/eufs_msgs_s__rosidl_typesupport_fastrtps_c.cpython-38-x86_64-linux-gnu.so
[176.151s] -- Symlinking: /bristol_fsai_sim-docker/install/eufs_msgs/lib/python3.8/site-packages/eufs_msgs/eufs_msgs_s__rosidl_typesupport_introspection_c.cpython-38-x86_64-linux-gnu.so
[176.176s] -- Symlinking: /bristol_fsai_sim-docker/install/eufs_msgs/lib/python3.8/site-packages/eufs_msgs/eufs_msgs_s__rosidl_typesupport_c.cpython-38-x86_64-linux-gnu.so
[176.203s] -- Symlinking: /bristol_fsai_sim-docker/install/eufs_msgs/lib/libeufs_msgs__python.so
[176.226s] -- Symlinking: /bristol_fsai_sim-docker/install/eufs_msgs/share/eufs_msgs/msg/BoundingBox.idl
[176.243s] -- Symlinking: /bristol_fsai_sim-docker/install/eufs_msgs/share/eufs_msgs/msg/BoundingBoxes.idl
[176.265s] -- Symlinking: /bristol_fsai_sim-docker/install/eufs_msgs/share/eufs_msgs/msg/CanState.idl
[176.289s] -- Symlinking: /bristol_fsai_sim-docker/install/eufs_msgs/share/eufs_msgs/msg/CarForces.idl
[176.308s] -- Symlinking: /bristol_fsai_sim-docker/install/eufs_msgs/share/eufs_msgs/msg/CarState.idl
[176.326s] -- Symlinking: /bristol_fsai_sim-docker/install/eufs_msgs/share/eufs_msgs/msg/ChassisCommand.idl
[176.344s] -- Symlinking: /bristol_fsai_sim-docker/install/eufs_msgs/share/eufs_msgs/msg/ChassisState.idl
[176.365s] -- Symlinking: /bristol_fsai_sim-docker/install/eufs_msgs/share/eufs_msgs/msg/ConeArray.idl
[176.390s] -- Symlinking: /bristol_fsai_sim-docker/install/eufs_msgs/share/eufs_msgs/msg/ConeArrayWithCovariance.idl
[176.410s] -- Symlinking: /bristol_fsai_sim-docker/install/eufs_msgs/share/eufs_msgs/msg/ConeArrayWithCovariancePlus.idl
[176.428s] -- Symlinking: /bristol_fsai_sim-docker/install/eufs_msgs/share/eufs_msgs/msg/ConeWithCovariance.idl
[176.445s] -- Symlinking: /bristol_fsai_sim-docker/install/eufs_msgs/share/eufs_msgs/msg/ConeWithCovariancePlus.idl
[176.467s] -- Symlinking: /bristol_fsai_sim-docker/install/eufs_msgs/share/eufs_msgs/msg/ConeAssociation.idl
[176.491s] -- Symlinking: /bristol_fsai_sim-docker/install/eufs_msgs/share/eufs_msgs/msg/ConeAssociationArray.idl
[176.513s] -- Symlinking: /bristol_fsai_sim-docker/install/eufs_msgs/share/eufs_msgs/msg/ConeAssociationArrayArrayStamped.idl
[176.532s] -- Symlinking: /bristol_fsai_sim-docker/install/eufs_msgs/share/eufs_msgs/msg/ConeAssociationArrayStamped.idl
[176.550s] -- Symlinking: /bristol_fsai_sim-docker/install/eufs_msgs/share/eufs_msgs/msg/Costmap.idl
[176.574s] -- Symlinking: /bristol_fsai_sim-docker/install/eufs_msgs/share/eufs_msgs/msg/CpuStatus.idl
[176.597s] -- Symlinking: /bristol_fsai_sim-docker/install/eufs_msgs/share/eufs_msgs/msg/CpuUsage.idl
[176.621s] -- Symlinking: /bristol_fsai_sim-docker/install/eufs_msgs/share/eufs_msgs/msg/EKFErr.idl
[176.638s] -- Symlinking: /bristol_fsai_sim-docker/install/eufs_msgs/share/eufs_msgs/msg/EKFState.idl
[176.658s] -- Symlinking: /bristol_fsai_sim-docker/install/eufs_msgs/share/eufs_msgs/msg/FullState.idl
[176.682s] -- Symlinking: /bristol_fsai_sim-docker/install/eufs_msgs/share/eufs_msgs/msg/Heartbeat.idl
[176.702s] -- Symlinking: /bristol_fsai_sim-docker/install/eufs_msgs/share/eufs_msgs/msg/IntegrationErr.idl
[176.720s] -- Symlinking: /bristol_fsai_sim-docker/install/eufs_msgs/share/eufs_msgs/msg/LapStats.idl
[176.738s] -- Symlinking: /bristol_fsai_sim-docker/install/eufs_msgs/share/eufs_msgs/msg/MPCState.idl
[176.760s] -- Symlinking: /bristol_fsai_sim-docker/install/eufs_msgs/share/eufs_msgs/msg/NodeState.idl
[176.781s] -- Symlinking: /bristol_fsai_sim-docker/install/eufs_msgs/share/eufs_msgs/msg/NodeStateArray.idl
[176.803s] -- Symlinking: /bristol_fsai_sim-docker/install/eufs_msgs/share/eufs_msgs/msg/OSS.idl
[176.828s] -- Symlinking: /bristol_fsai_sim-docker/install/eufs_msgs/share/eufs_msgs/msg/Particle.idl
[176.858s] -- Symlinking: /bristol_fsai_sim-docker/install/eufs_msgs/share/eufs_msgs/msg/ParticleSLAM.idl
[176.883s] -- Symlinking: /bristol_fsai_sim-docker/install/eufs_msgs/share/eufs_msgs/msg/ParticleSLAMStamped.idl
[176.907s] -- Symlinking: /bristol_fsai_sim-docker/install/eufs_msgs/share/eufs_msgs/msg/ParticleStamped.idl
[176.932s] -- Symlinking: /bristol_fsai_sim-docker/install/eufs_msgs/share/eufs_msgs/msg/PathIntegralParams.idl
[176.952s] -- Symlinking: /bristol_fsai_sim-docker/install/eufs_msgs/share/eufs_msgs/msg/PathIntegralStats.idl
[176.975s] -- Symlinking: /bristol_fsai_sim-docker/install/eufs_msgs/share/eufs_msgs/msg/PathIntegralStatus.idl
[176.998s] -- Symlinking: /bristol_fsai_sim-docker/install/eufs_msgs/share/eufs_msgs/msg/PathIntegralTiming.idl
[177.016s] -- Symlinking: /bristol_fsai_sim-docker/install/eufs_msgs/share/eufs_msgs/msg/PlanningMode.idl
[177.034s] -- Symlinking: /bristol_fsai_sim-docker/install/eufs_msgs/share/eufs_msgs/msg/PointArray.idl
[177.052s] -- Symlinking: /bristol_fsai_sim-docker/install/eufs_msgs/share/eufs_msgs/msg/PointArrayStamped.idl
[177.075s] -- Symlinking: /bristol_fsai_sim-docker/install/eufs_msgs/share/eufs_msgs/msg/PurePursuitCheckpoint.idl
[177.099s] -- Symlinking: /bristol_fsai_sim-docker/install/eufs_msgs/share/eufs_msgs/msg/PurePursuitCheckpointArrayStamped.idl
[177.117s] -- Symlinking: /bristol_fsai_sim-docker/install/eufs_msgs/share/eufs_msgs/msg/Runstop.idl
[177.134s] -- Symlinking: /bristol_fsai_sim-docker/install/eufs_msgs/share/eufs_msgs/msg/SLAMErr.idl
[177.151s] -- Symlinking: /bristol_fsai_sim-docker/install/eufs_msgs/share/eufs_msgs/msg/SLAMState.idl
[177.174s] -- Symlinking: /bristol_fsai_sim-docker/install/eufs_msgs/share/eufs_msgs/msg/StateMachineState.idl
[177.198s] -- Symlinking: /bristol_fsai_sim-docker/install/eufs_msgs/share/eufs_msgs/msg/StereoImage.idl
[177.217s] -- Symlinking: /bristol_fsai_sim-docker/install/eufs_msgs/share/eufs_msgs/msg/SystemStatus.idl
[177.234s] -- Symlinking: /bristol_fsai_sim-docker/install/eufs_msgs/share/eufs_msgs/msg/TopicStatus.idl
[177.252s] -- Symlinking: /bristol_fsai_sim-docker/install/eufs_msgs/share/eufs_msgs/msg/VehicleCommands.idl
[177.276s] -- Symlinking: /bristol_fsai_sim-docker/install/eufs_msgs/share/eufs_msgs/msg/VehicleCommandsStamped.idl
[177.298s] -- Symlinking: /bristol_fsai_sim-docker/install/eufs_msgs/share/eufs_msgs/msg/Waypoint.idl
[177.318s] -- Symlinking: /bristol_fsai_sim-docker/install/eufs_msgs/share/eufs_msgs/msg/WaypointArrayStamped.idl
[177.335s] -- Symlinking: /bristol_fsai_sim-docker/install/eufs_msgs/share/eufs_msgs/msg/WheelOdometryErr.idl
[177.353s] -- Symlinking: /bristol_fsai_sim-docker/install/eufs_msgs/share/eufs_msgs/msg/WheelSpeeds.idl
[177.374s] -- Symlinking: /bristol_fsai_sim-docker/install/eufs_msgs/share/eufs_msgs/msg/WheelSpeedsStamped.idl
[177.398s] -- Symlinking: /bristol_fsai_sim-docker/install/eufs_msgs/share/eufs_msgs/action/CheckForObjects.idl
[177.423s] -- Symlinking: /bristol_fsai_sim-docker/install/eufs_msgs/share/eufs_msgs/srv/RecordStart.idl
[177.440s] -- Symlinking: /bristol_fsai_sim-docker/install/eufs_msgs/share/eufs_msgs/srv/RecordStop.idl
[177.460s] -- Symlinking: /bristol_fsai_sim-docker/install/eufs_msgs/share/eufs_msgs/srv/Register.idl
[177.483s] -- Symlinking: /bristol_fsai_sim-docker/install/eufs_msgs/share/eufs_msgs/srv/SetCanState.idl
[177.504s] -- Symlinking: /bristol_fsai_sim-docker/install/eufs_msgs/share/eufs_msgs/srv/SetString.idl
[177.522s] -- Symlinking: /bristol_fsai_sim-docker/install/eufs_msgs/share/eufs_msgs/srv/SetTrack.idl
[177.543s] -- Symlinking: /bristol_fsai_sim-docker/install/eufs_msgs/share/eufs_msgs/srv/SetMission.idl
[177.563s] -- Symlinking: /bristol_fsai_sim-docker/install/eufs_msgs/share/eufs_msgs/srv/GetMap.idl
[177.585s] -- Symlinking: /bristol_fsai_sim-docker/install/eufs_msgs/share/eufs_msgs/msg/BoundingBox.msg
[177.606s] -- Symlinking: /bristol_fsai_sim-docker/install/eufs_msgs/share/eufs_msgs/msg/BoundingBoxes.msg
[177.626s] -- Symlinking: /bristol_fsai_sim-docker/install/eufs_msgs/share/eufs_msgs/msg/CanState.msg
[177.643s] -- Symlinking: /bristol_fsai_sim-docker/install/eufs_msgs/share/eufs_msgs/msg/CarForces.msg
[177.664s] -- Symlinking: /bristol_fsai_sim-docker/install/eufs_msgs/share/eufs_msgs/msg/CarState.msg
[177.686s] -- Symlinking: /bristol_fsai_sim-docker/install/eufs_msgs/share/eufs_msgs/msg/ChassisCommand.msg
[177.707s] -- Symlinking: /bristol_fsai_sim-docker/install/eufs_msgs/share/eufs_msgs/msg/ChassisState.msg
[177.725s] -- Symlinking: /bristol_fsai_sim-docker/install/eufs_msgs/share/eufs_msgs/msg/ConeArray.msg
[177.743s] -- Symlinking: /bristol_fsai_sim-docker/install/eufs_msgs/share/eufs_msgs/msg/ConeArrayWithCovariance.msg
[177.762s] -- Symlinking: /bristol_fsai_sim-docker/install/eufs_msgs/share/eufs_msgs/msg/ConeArrayWithCovariancePlus.msg
[177.785s] -- Symlinking: /bristol_fsai_sim-docker/install/eufs_msgs/share/eufs_msgs/msg/ConeWithCovariance.msg
[177.807s] -- Symlinking: /bristol_fsai_sim-docker/install/eufs_msgs/share/eufs_msgs/msg/ConeWithCovariancePlus.msg
[177.825s] -- Symlinking: /bristol_fsai_sim-docker/install/eufs_msgs/share/eufs_msgs/msg/ConeAssociation.msg
[177.842s] -- Symlinking: /bristol_fsai_sim-docker/install/eufs_msgs/share/eufs_msgs/msg/ConeAssociationArray.msg
[177.863s] -- Symlinking: /bristol_fsai_sim-docker/install/eufs_msgs/share/eufs_msgs/msg/ConeAssociationArrayArrayStamped.msg
[177.884s] -- Symlinking: /bristol_fsai_sim-docker/install/eufs_msgs/share/eufs_msgs/msg/ConeAssociationArrayStamped.msg
[177.906s] -- Symlinking: /bristol_fsai_sim-docker/install/eufs_msgs/share/eufs_msgs/msg/Costmap.msg
[177.925s] -- Symlinking: /bristol_fsai_sim-docker/install/eufs_msgs/share/eufs_msgs/msg/CpuStatus.msg
[177.942s] -- Symlinking: /bristol_fsai_sim-docker/install/eufs_msgs/share/eufs_msgs/msg/CpuUsage.msg
[177.962s] -- Symlinking: /bristol_fsai_sim-docker/install/eufs_msgs/share/eufs_msgs/msg/EKFErr.msg
[177.984s] -- Symlinking: /bristol_fsai_sim-docker/install/eufs_msgs/share/eufs_msgs/msg/EKFState.msg
[178.006s] -- Symlinking: /bristol_fsai_sim-docker/install/eufs_msgs/share/eufs_msgs/msg/FullState.msg
[178.024s] -- Symlinking: /bristol_fsai_sim-docker/install/eufs_msgs/share/eufs_msgs/msg/Heartbeat.msg
[178.043s] -- Symlinking: /bristol_fsai_sim-docker/install/eufs_msgs/share/eufs_msgs/msg/IntegrationErr.msg
[178.066s] -- Symlinking: /bristol_fsai_sim-docker/install/eufs_msgs/share/eufs_msgs/msg/LapStats.msg
[178.089s] -- Symlinking: /bristol_fsai_sim-docker/install/eufs_msgs/share/eufs_msgs/msg/MPCState.msg
[178.110s] -- Symlinking: /bristol_fsai_sim-docker/install/eufs_msgs/share/eufs_msgs/msg/NodeState.msg
[178.128s] -- Symlinking: /bristol_fsai_sim-docker/install/eufs_msgs/share/eufs_msgs/msg/NodeStateArray.msg
[178.145s] -- Symlinking: /bristol_fsai_sim-docker/install/eufs_msgs/share/eufs_msgs/msg/OSS.msg
[178.164s] -- Symlinking: /bristol_fsai_sim-docker/install/eufs_msgs/share/eufs_msgs/msg/Particle.msg
[178.189s] -- Symlinking: /bristol_fsai_sim-docker/install/eufs_msgs/share/eufs_msgs/msg/ParticleSLAM.msg
[178.214s] -- Symlinking: /bristol_fsai_sim-docker/install/eufs_msgs/share/eufs_msgs/msg/ParticleSLAMStamped.msg
[178.232s] -- Symlinking: /bristol_fsai_sim-docker/install/eufs_msgs/share/eufs_msgs/msg/ParticleStamped.msg
[178.250s] -- Symlinking: /bristol_fsai_sim-docker/install/eufs_msgs/share/eufs_msgs/msg/PathIntegralParams.msg
[178.271s] -- Symlinking: /bristol_fsai_sim-docker/install/eufs_msgs/share/eufs_msgs/msg/PathIntegralStats.msg
[178.294s] -- Symlinking: /bristol_fsai_sim-docker/install/eufs_msgs/share/eufs_msgs/msg/PathIntegralStatus.msg
[178.314s] -- Symlinking: /bristol_fsai_sim-docker/install/eufs_msgs/share/eufs_msgs/msg/PathIntegralTiming.msg
[178.332s] -- Symlinking: /bristol_fsai_sim-docker/install/eufs_msgs/share/eufs_msgs/msg/PlanningMode.msg
[178.350s] -- Symlinking: /bristol_fsai_sim-docker/install/eufs_msgs/share/eufs_msgs/msg/PointArray.msg
[178.372s] -- Symlinking: /bristol_fsai_sim-docker/install/eufs_msgs/share/eufs_msgs/msg/PointArrayStamped.msg
[178.395s] -- Symlinking: /bristol_fsai_sim-docker/install/eufs_msgs/share/eufs_msgs/msg/PurePursuitCheckpoint.msg
[178.415s] -- Symlinking: /bristol_fsai_sim-docker/install/eufs_msgs/share/eufs_msgs/msg/PurePursuitCheckpointArrayStamped.msg
[178.433s] -- Symlinking: /bristol_fsai_sim-docker/install/eufs_msgs/share/eufs_msgs/msg/Runstop.msg
[178.450s] -- Symlinking: /bristol_fsai_sim-docker/install/eufs_msgs/share/eufs_msgs/msg/SLAMErr.msg
[178.472s] -- Symlinking: /bristol_fsai_sim-docker/install/eufs_msgs/share/eufs_msgs/msg/SLAMState.msg
[178.494s] -- Symlinking: /bristol_fsai_sim-docker/install/eufs_msgs/share/eufs_msgs/msg/StateMachineState.msg
[178.516s] -- Symlinking: /bristol_fsai_sim-docker/install/eufs_msgs/share/eufs_msgs/msg/StereoImage.msg
[178.534s] -- Symlinking: /bristol_fsai_sim-docker/install/eufs_msgs/share/eufs_msgs/msg/SystemStatus.msg
[178.553s] -- Symlinking: /bristol_fsai_sim-docker/install/eufs_msgs/share/eufs_msgs/msg/TopicStatus.msg
[178.575s] -- Symlinking: /bristol_fsai_sim-docker/install/eufs_msgs/share/eufs_msgs/msg/VehicleCommands.msg
[178.598s] -- Symlinking: /bristol_fsai_sim-docker/install/eufs_msgs/share/eufs_msgs/msg/VehicleCommandsStamped.msg
[178.618s] -- Symlinking: /bristol_fsai_sim-docker/install/eufs_msgs/share/eufs_msgs/msg/Waypoint.msg
[178.636s] -- Symlinking: /bristol_fsai_sim-docker/install/eufs_msgs/share/eufs_msgs/msg/WaypointArrayStamped.msg
[178.653s] -- Symlinking: /bristol_fsai_sim-docker/install/eufs_msgs/share/eufs_msgs/msg/WheelOdometryErr.msg
[178.676s] -- Symlinking: /bristol_fsai_sim-docker/install/eufs_msgs/share/eufs_msgs/msg/WheelSpeeds.msg
[178.700s] -- Symlinking: /bristol_fsai_sim-docker/install/eufs_msgs/share/eufs_msgs/msg/WheelSpeedsStamped.msg
[178.720s] -- Symlinking: /bristol_fsai_sim-docker/install/eufs_msgs/share/eufs_msgs/action/CheckForObjects.action
[178.738s] -- Symlinking: /bristol_fsai_sim-docker/install/eufs_msgs/share/eufs_msgs/srv/RecordStart.srv
[178.755s] -- Symlinking: /bristol_fsai_sim-docker/install/eufs_msgs/share/eufs_msgs/srv/RecordStart_Request.msg
[178.778s] -- Symlinking: /bristol_fsai_sim-docker/install/eufs_msgs/share/eufs_msgs/srv/RecordStart_Response.msg
[178.801s] -- Symlinking: /bristol_fsai_sim-docker/install/eufs_msgs/share/eufs_msgs/srv/RecordStop.srv
[178.819s] -- Symlinking: /bristol_fsai_sim-docker/install/eufs_msgs/share/eufs_msgs/srv/RecordStop_Request.msg
[178.836s] -- Symlinking: /bristol_fsai_sim-docker/install/eufs_msgs/share/eufs_msgs/srv/RecordStop_Response.msg
[178.854s] -- Symlinking: /bristol_fsai_sim-docker/install/eufs_msgs/share/eufs_msgs/srv/Register.srv
[178.878s] -- Symlinking: /bristol_fsai_sim-docker/install/eufs_msgs/share/eufs_msgs/srv/Register_Request.msg
[178.900s] -- Symlinking: /bristol_fsai_sim-docker/install/eufs_msgs/share/eufs_msgs/srv/Register_Response.msg
[178.918s] -- Symlinking: /bristol_fsai_sim-docker/install/eufs_msgs/share/eufs_msgs/srv/SetCanState.srv
[178.935s] -- Symlinking: /bristol_fsai_sim-docker/install/eufs_msgs/share/eufs_msgs/srv/SetCanState_Request.msg
[178.952s] -- Symlinking: /bristol_fsai_sim-docker/install/eufs_msgs/share/eufs_msgs/srv/SetCanState_Response.msg
[178.974s] -- Symlinking: /bristol_fsai_sim-docker/install/eufs_msgs/share/eufs_msgs/srv/SetString.srv
[178.997s] -- Symlinking: /bristol_fsai_sim-docker/install/eufs_msgs/share/eufs_msgs/srv/SetString_Request.msg
[179.015s] -- Symlinking: /bristol_fsai_sim-docker/install/eufs_msgs/share/eufs_msgs/srv/SetString_Response.msg
[179.034s] -- Symlinking: /bristol_fsai_sim-docker/install/eufs_msgs/share/eufs_msgs/srv/SetTrack.srv
[179.052s] -- Symlinking: /bristol_fsai_sim-docker/install/eufs_msgs/share/eufs_msgs/srv/SetTrack_Request.msg
[179.074s] -- Symlinking: /bristol_fsai_sim-docker/install/eufs_msgs/share/eufs_msgs/srv/SetTrack_Response.msg
[179.096s] -- Symlinking: /bristol_fsai_sim-docker/install/eufs_msgs/share/eufs_msgs/srv/SetMission.srv
[179.116s] -- Symlinking: /bristol_fsai_sim-docker/install/eufs_msgs/share/eufs_msgs/srv/SetMission_Request.msg
[179.133s] -- Symlinking: /bristol_fsai_sim-docker/install/eufs_msgs/share/eufs_msgs/srv/SetMission_Response.msg
[179.151s] -- Symlinking: /bristol_fsai_sim-docker/install/eufs_msgs/share/eufs_msgs/srv/GetMap.srv
[179.172s] -- Symlinking: /bristol_fsai_sim-docker/install/eufs_msgs/share/eufs_msgs/srv/GetMap_Request.msg
[179.194s] -- Symlinking: /bristol_fsai_sim-docker/install/eufs_msgs/share/eufs_msgs/srv/GetMap_Response.msg
[179.215s] -- Symlinking: /bristol_fsai_sim-docker/install/eufs_msgs/share/ament_index/resource_index/package_run_dependencies/eufs_msgs
[179.234s] -- Symlinking: /bristol_fsai_sim-docker/install/eufs_msgs/share/ament_index/resource_index/parent_prefix_path/eufs_msgs
[179.251s] -- Symlinking: /bristol_fsai_sim-docker/install/eufs_msgs/share/eufs_msgs/environment/ament_prefix_path.sh
[179.272s] -- Symlinking: /bristol_fsai_sim-docker/install/eufs_msgs/share/eufs_msgs/environment/ament_prefix_path.dsv
[179.295s] -- Symlinking: /bristol_fsai_sim-docker/install/eufs_msgs/share/eufs_msgs/environment/path.sh
[179.314s] -- Symlinking: /bristol_fsai_sim-docker/install/eufs_msgs/share/eufs_msgs/environment/path.dsv
[179.332s] -- Symlinking: /bristol_fsai_sim-docker/install/eufs_msgs/share/eufs_msgs/local_setup.bash
[179.349s] -- Symlinking: /bristol_fsai_sim-docker/install/eufs_msgs/share/eufs_msgs/local_setup.sh
[179.370s] -- Symlinking: /bristol_fsai_sim-docker/install/eufs_msgs/share/eufs_msgs/local_setup.zsh
[179.392s] -- Symlinking: /bristol_fsai_sim-docker/install/eufs_msgs/share/eufs_msgs/local_setup.dsv
[179.413s] -- Symlinking: /bristol_fsai_sim-docker/install/eufs_msgs/share/eufs_msgs/package.dsv
[179.430s] -- Symlinking: /bristol_fsai_sim-docker/install/eufs_msgs/share/ament_index/resource_index/packages/eufs_msgs
[179.447s] -- Symlinking: /bristol_fsai_sim-docker/install/eufs_msgs/share/eufs_msgs/cmake/rosidl_cmake-extras.cmake
[179.467s] -- Symlinking: /bristol_fsai_sim-docker/install/eufs_msgs/share/eufs_msgs/cmake/ament_cmake_export_dependencies-extras.cmake
[179.489s] -- Symlinking: /bristol_fsai_sim-docker/install/eufs_msgs/share/eufs_msgs/cmake/ament_cmake_export_libraries-extras.cmake
[179.511s] -- Symlinking: /bristol_fsai_sim-docker/install/eufs_msgs/share/eufs_msgs/cmake/ament_cmake_export_targets-extras.cmake
[179.531s] -- Symlinking: /bristol_fsai_sim-docker/install/eufs_msgs/share/eufs_msgs/cmake/ament_cmake_export_include_directories-extras.cmake
[179.550s] -- Symlinking: /bristol_fsai_sim-docker/install/eufs_msgs/share/eufs_msgs/cmake/rosidl_cmake_export_typesupport_libraries-extras.cmake
[179.571s] -- Symlinking: /bristol_fsai_sim-docker/install/eufs_msgs/share/eufs_msgs/cmake/rosidl_cmake_export_typesupport_targets-extras.cmake
[179.595s] -- Symlinking: /bristol_fsai_sim-docker/install/eufs_msgs/share/eufs_msgs/cmake/eufs_msgsConfig.cmake
[179.615s] -- Symlinking: /bristol_fsai_sim-docker/install/eufs_msgs/share/eufs_msgs/cmake/eufs_msgsConfig-version.cmake
[179.633s] -- Symlinking: /bristol_fsai_sim-docker/install/eufs_msgs/share/eufs_msgs/package.xml
[179.651s] -- Installing: /bristol_fsai_sim-docker/install/eufs_msgs/lib/libeufs_msgs__rosidl_generator_c.so
[179.652s] -- Set runtime path of "/bristol_fsai_sim-docker/install/eufs_msgs/lib/libeufs_msgs__rosidl_generator_c.so" to ""
[179.652s] -- Installing: /bristol_fsai_sim-docker/install/eufs_msgs/lib/libeufs_msgs__rosidl_typesupport_introspection_c.so
[179.653s] -- Set runtime path of "/bristol_fsai_sim-docker/install/eufs_msgs/lib/libeufs_msgs__rosidl_typesupport_introspection_c.so" to ""
[179.653s] -- Installing: /bristol_fsai_sim-docker/install/eufs_msgs/lib/libeufs_msgs__rosidl_typesupport_c.so
[179.654s] -- Set runtime path of "/bristol_fsai_sim-docker/install/eufs_msgs/lib/libeufs_msgs__rosidl_typesupport_c.so" to ""
[179.654s] -- Installing: /bristol_fsai_sim-docker/install/eufs_msgs/lib/libeufs_msgs__rosidl_typesupport_introspection_cpp.so
[179.656s] -- Set runtime path of "/bristol_fsai_sim-docker/install/eufs_msgs/lib/libeufs_msgs__rosidl_typesupport_introspection_cpp.so" to ""
[179.656s] -- Installing: /bristol_fsai_sim-docker/install/eufs_msgs/lib/libeufs_msgs__rosidl_typesupport_cpp.so
[179.657s] -- Set runtime path of "/bristol_fsai_sim-docker/install/eufs_msgs/lib/libeufs_msgs__rosidl_typesupport_cpp.so" to ""
[179.731s] Compiling '/bristol_fsai_sim-docker/install/eufs_msgs/lib/python3.8/site-packages/eufs_msgs/__init__.py'...
[179.738s] -- Installing: /bristol_fsai_sim-docker/install/eufs_msgs/share/eufs_msgs/cmake/eufs_msgs__rosidl_generator_cExport.cmake
[179.739s] -- Installing: /bristol_fsai_sim-docker/install/eufs_msgs/share/eufs_msgs/cmake/eufs_msgs__rosidl_generator_cExport-noconfig.cmake
[179.739s] -- Installing: /bristol_fsai_sim-docker/install/eufs_msgs/share/eufs_msgs/cmake/eufs_msgs__rosidl_typesupport_introspection_cExport.cmake
[179.739s] -- Installing: /bristol_fsai_sim-docker/install/eufs_msgs/share/eufs_msgs/cmake/eufs_msgs__rosidl_typesupport_introspection_cExport-noconfig.cmake
[179.739s] -- Installing: /bristol_fsai_sim-docker/install/eufs_msgs/share/eufs_msgs/cmake/eufs_msgs__rosidl_typesupport_cExport.cmake
[179.739s] -- Installing: /bristol_fsai_sim-docker/install/eufs_msgs/share/eufs_msgs/cmake/eufs_msgs__rosidl_typesupport_cExport-noconfig.cmake
[179.740s] -- Installing: /bristol_fsai_sim-docker/install/eufs_msgs/share/eufs_msgs/cmake/eufs_msgs__rosidl_generator_cppExport.cmake
[179.740s] -- Installing: /bristol_fsai_sim-docker/install/eufs_msgs/share/eufs_msgs/cmake/eufs_msgs__rosidl_typesupport_introspection_cppExport.cmake
[179.740s] -- Installing: /bristol_fsai_sim-docker/install/eufs_msgs/share/eufs_msgs/cmake/eufs_msgs__rosidl_typesupport_introspection_cppExport-noconfig.cmake
[179.740s] -- Installing: /bristol_fsai_sim-docker/install/eufs_msgs/share/eufs_msgs/cmake/eufs_msgs__rosidl_typesupport_cppExport.cmake
[179.741s] -- Installing: /bristol_fsai_sim-docker/install/eufs_msgs/share/eufs_msgs/cmake/eufs_msgs__rosidl_typesupport_cppExport-noconfig.cmake
[179.751s] Invoked command in '/bristol_fsai_sim-docker/build/eufs_msgs' returned '0': CMAKE_PREFIX_PATH=/opt/ros/galactic /usr/bin/cmake --install /bristol_fsai_sim-docker/build/eufs_msgs
